# Blender 4.1.1
# www.blender.org
mtllib BONUS.mtl
o テキスト
v -5.606030 7.689056 -0.402883
v -5.613278 7.702980 -0.400204
v -5.619897 7.717201 -0.397468
v -5.625885 7.731718 -0.394675
v -5.631244 7.746532 -0.391825
v -5.635972 7.761642 -0.388918
v -5.640069 7.777050 -0.385953
v -5.643536 7.792753 -0.382932
v -5.646372 7.808754 -0.379854
v -5.648578 7.825052 -0.376718
v -5.650153 7.841646 -0.373526
v -5.651098 7.858536 -0.370276
v -5.651419 7.875723 -0.366969
v -5.651097 7.889744 -0.364272
v -5.650132 7.903326 -0.361658
v -5.648524 7.916470 -0.359130
v -5.646272 7.929174 -0.356685
v -5.643376 7.941441 -0.354325
v -5.639837 7.953270 -0.352050
v -5.635653 7.964659 -0.349858
v -5.630827 7.975609 -0.347751
v -5.625357 7.986122 -0.345729
v -5.619243 7.996195 -0.343791
v -5.612485 8.005831 -0.341937
v -5.605083 8.015028 -0.340168
v -5.597164 8.023876 -0.338465
v -5.588850 8.032467 -0.336812
v -5.580144 8.040798 -0.335209
v -5.571042 8.048872 -0.333656
v -5.561545 8.056688 -0.332152
v -5.551656 8.064247 -0.330698
v -5.541372 8.071548 -0.329293
v -5.530694 8.078590 -0.327938
v -5.519622 8.085375 -0.326633
v -5.508157 8.091902 -0.325377
v -5.496298 8.098171 -0.324171
v -5.484045 8.104181 -0.323015
v -5.471437 8.110004 -0.321894
v -5.458513 8.115713 -0.320796
v -5.445274 8.121304 -0.319720
v -5.431720 8.126780 -0.318667
v -5.417851 8.132139 -0.317636
v -5.403667 8.137383 -0.316627
v -5.389167 8.142509 -0.315641
v -5.374352 8.147520 -0.314676
v -5.359223 8.152416 -0.313735
v -5.343778 8.157194 -0.312815
v -5.328018 8.161858 -0.311918
v -5.311942 8.166405 -0.311043
v -5.295675 8.170912 -0.310176
v -5.279344 8.175459 -0.309301
v -5.262946 8.180044 -0.308419
v -5.246483 8.184668 -0.307529
v -5.229955 8.189331 -0.306632
v -5.213360 8.194033 -0.305728
v -5.196701 8.198772 -0.304816
v -5.179975 8.203552 -0.303896
v -5.163184 8.208370 -0.302969
v -5.146327 8.213226 -0.302035
v -5.129404 8.218121 -0.301093
v -5.112416 8.223055 -0.300144
v -5.092669 8.229336 -0.298935
v -5.073145 8.235798 -0.297692
v -5.053846 8.242441 -0.296414
v -5.034770 8.249264 -0.295101
v -5.015916 8.256268 -0.293754
v -4.997286 8.263453 -0.292372
v -4.978880 8.270817 -0.290955
v -4.960697 8.278364 -0.289503
v -4.942737 8.286089 -0.288016
v -4.925001 8.293997 -0.286495
v -4.907487 8.302084 -0.284939
v -4.890195 8.310350 -0.283348
v -4.873207 8.318871 -0.281709
v -4.856598 8.327713 -0.280008
v -4.840372 8.336878 -0.278245
v -4.824526 8.346363 -0.276420
v -4.809062 8.356173 -0.274533
v -4.793978 8.366304 -0.272583
v -4.779275 8.376759 -0.270572
v -4.764952 8.387535 -0.268498
v -4.751011 8.398636 -0.266363
v -4.737450 8.410057 -0.264166
v -4.724270 8.421801 -0.261906
v -4.711472 8.433867 -0.259584
v -4.699087 8.446308 -0.257191
v -4.687148 8.459173 -0.254716
v -4.675657 8.472466 -0.252158
v -4.664612 8.486183 -0.249519
v -4.654014 8.500326 -0.246798
v -4.643862 8.514896 -0.243995
v -4.634155 8.529890 -0.241110
v -4.624896 8.545311 -0.238143
v -4.616084 8.561155 -0.235095
v -4.607718 8.577427 -0.231964
v -4.599799 8.594124 -0.228752
v -4.592325 8.611248 -0.225457
v -4.585377 8.628815 -0.222077
v -4.579033 8.646847 -0.218608
v -4.573293 8.665344 -0.215049
v -4.568157 8.684305 -0.211401
v -4.563627 8.703730 -0.207664
v -4.559700 8.723619 -0.203837
v -4.556377 8.743973 -0.199921
v -4.553658 8.764791 -0.195916
v -4.551544 8.786074 -0.191821
v -4.550033 8.807821 -0.187637
v -4.549127 8.830032 -0.183364
v -4.548826 8.852707 -0.179001
v -4.549278 8.881594 -0.173444
v -4.550639 8.910053 -0.167968
v -4.552904 8.938089 -0.162574
v -4.556076 8.965698 -0.157262
v -4.560154 8.992882 -0.152032
v -4.565138 9.019640 -0.146884
v -4.571028 9.045971 -0.141818
v -4.577826 9.071878 -0.136834
v -4.585528 9.097359 -0.131931
v -4.594138 9.122416 -0.127111
v -4.603653 9.147045 -0.122372
v -4.614073 9.171249 -0.117715
v -4.625329 9.194950 -0.113155
v -4.637346 9.218069 -0.108707
v -4.650125 9.240610 -0.104370
v -4.663666 9.262569 -0.100145
v -4.677969 9.283949 -0.096032
v -4.693032 9.304749 -0.092030
v -4.708858 9.324966 -0.088140
v -4.725446 9.344604 -0.084362
v -4.742795 9.363663 -0.080696
v -4.760907 9.382139 -0.077141
v -4.779780 9.400036 -0.073697
v -4.799415 9.417351 -0.070366
v -4.819779 9.434055 -0.067152
v -4.840839 9.450113 -0.064063
v -4.862595 9.465527 -0.061097
v -4.885046 9.480295 -0.058256
v -4.908195 9.494421 -0.055538
v -4.932040 9.507898 -0.052945
v -4.956579 9.520733 -0.050476
v -4.981817 9.532923 -0.048131
v -5.007748 9.544466 -0.045909
v -5.034377 9.555365 -0.043813
v -5.061701 9.565620 -0.041840
v -5.089720 9.575230 -0.039991
v -5.118364 9.584129 -0.038278
v -5.147562 9.592255 -0.036715
v -5.177309 9.599607 -0.035300
v -5.207607 9.606186 -0.034035
v -5.238458 9.611990 -0.032918
v -5.269860 9.617020 -0.031950
v -5.301815 9.621277 -0.031131
v -5.334319 9.624760 -0.030461
v -5.367377 9.627468 -0.029940
v -5.400986 9.629402 -0.029568
v -5.435147 9.630564 -0.029345
v -5.469860 9.630951 -0.029270
v -5.507027 9.630621 -0.029333
v -5.544144 9.629635 -0.029523
v -5.581206 9.627991 -0.029840
v -5.618218 9.625687 -0.030283
v -5.655176 9.622726 -0.030852
v -5.692081 9.619110 -0.031548
v -5.728934 9.614834 -0.032371
v -5.765734 9.609900 -0.033320
v -5.802482 9.604309 -0.034396
v -5.839177 9.598059 -0.035598
v -5.875820 9.591152 -0.036927
v -5.912409 9.583588 -0.038383
v -5.948606 9.575533 -0.039932
v -5.984067 9.567156 -0.041544
v -6.018791 9.558455 -0.043218
v -6.052782 9.549433 -0.044954
v -6.086035 9.540087 -0.046752
v -6.118554 9.530420 -0.048612
v -6.150337 9.520430 -0.050534
v -6.181385 9.510118 -0.052518
v -6.211697 9.499483 -0.054564
v -6.241274 9.488525 -0.056672
v -6.270115 9.477245 -0.058842
v -6.298223 9.465643 -0.061075
v -6.216898 9.088594 -0.133617
v -6.181602 9.102203 -0.130999
v -6.146948 9.115166 -0.128505
v -6.112939 9.127483 -0.126135
v -6.079573 9.139156 -0.123889
v -6.046850 9.150185 -0.121768
v -6.014771 9.160568 -0.119770
v -5.983335 9.170307 -0.117896
v -5.952544 9.179399 -0.116147
v -5.922397 9.187849 -0.114521
v -5.892892 9.195652 -0.113020
v -5.864031 9.202810 -0.111643
v -5.835814 9.209324 -0.110389
v -5.807911 9.215258 -0.109248
v -5.779996 9.220676 -0.108205
v -5.752067 9.225576 -0.107262
v -5.724125 9.229963 -0.106419
v -5.696170 9.233831 -0.105674
v -5.668201 9.237186 -0.105029
v -5.640221 9.240025 -0.104483
v -5.612226 9.242346 -0.104036
v -5.584220 9.244152 -0.103689
v -5.556200 9.245441 -0.103441
v -5.528166 9.246216 -0.103292
v -5.500119 9.246473 -0.103242
v -5.463293 9.245829 -0.103366
v -5.427833 9.243893 -0.103739
v -5.393738 9.240667 -0.104359
v -5.361009 9.236155 -0.105228
v -5.329646 9.230349 -0.106344
v -5.299649 9.223255 -0.107709
v -5.271019 9.214870 -0.109322
v -5.243753 9.205198 -0.111183
v -5.217853 9.194233 -0.113293
v -5.193319 9.181980 -0.115650
v -5.170151 9.168436 -0.118256
v -5.148349 9.153603 -0.121110
v -5.128110 9.137686 -0.124172
v -5.109631 9.120893 -0.127403
v -5.092913 9.103222 -0.130803
v -5.077953 9.084675 -0.134372
v -5.064754 9.065248 -0.138109
v -5.053314 9.044947 -0.142015
v -5.043635 9.023767 -0.146090
v -5.035716 9.001711 -0.150334
v -5.029556 8.978777 -0.154746
v -5.025156 8.954967 -0.159327
v -5.022516 8.930279 -0.164077
v -5.021636 8.904715 -0.168995
v -5.021872 8.890957 -0.171642
v -5.022583 8.877550 -0.174222
v -5.023764 8.864491 -0.176734
v -5.025419 8.851778 -0.179180
v -5.027546 8.839415 -0.181559
v -5.030147 8.827400 -0.183870
v -5.033221 8.815733 -0.186115
v -5.036766 8.804415 -0.188292
v -5.040785 8.793446 -0.190403
v -5.045276 8.782824 -0.192447
v -5.050241 8.772549 -0.194423
v -5.055677 8.762625 -0.196333
v -5.061509 8.753002 -0.198184
v -5.067656 8.743637 -0.199986
v -5.074117 8.734531 -0.201738
v -5.080895 8.725683 -0.203440
v -5.087986 8.717093 -0.205093
v -5.095395 8.708759 -0.206696
v -5.103117 8.700686 -0.208250
v -5.111156 8.692869 -0.209753
v -5.119508 8.685310 -0.211208
v -5.128176 8.678011 -0.212612
v -5.137160 8.670967 -0.213967
v -5.146457 8.664183 -0.215273
v -5.156051 8.657604 -0.216538
v -5.165921 8.651182 -0.217774
v -5.176068 8.644913 -0.218980
v -5.186488 8.638800 -0.220156
v -5.197186 8.632839 -0.221303
v -5.208160 8.627035 -0.222420
v -5.219408 8.621386 -0.223507
v -5.230933 8.615891 -0.224564
v -5.242733 8.610552 -0.225591
v -5.254810 8.605366 -0.226589
v -5.267161 8.600336 -0.227557
v -5.279789 8.595459 -0.228495
v -5.292615 8.590681 -0.229414
v -5.305559 8.585941 -0.230326
v -5.318620 8.581240 -0.231231
v -5.331799 8.576576 -0.232128
v -5.345098 8.571953 -0.233017
v -5.358514 8.567368 -0.233900
v -5.372047 8.562820 -0.234774
v -5.385700 8.558311 -0.235642
v -5.399470 8.553843 -0.236502
v -5.413359 8.549412 -0.237354
v -5.427366 8.545021 -0.238199
v -5.441492 8.540667 -0.239037
v -5.461980 8.534437 -0.240235
v -5.482468 8.528130 -0.241449
v -5.502955 8.521744 -0.242677
v -5.523445 8.515282 -0.243920
v -5.543932 8.508743 -0.245179
v -5.564421 8.502127 -0.246452
v -5.584908 8.495432 -0.247740
v -5.605396 8.488661 -0.249042
v -5.625885 8.481812 -0.250360
v -5.646373 8.474884 -0.251693
v -5.666861 8.467880 -0.253040
v -5.687353 8.460800 -0.254403
v -5.707670 8.453505 -0.255806
v -5.727647 8.445864 -0.257276
v -5.747282 8.437872 -0.258814
v -5.766575 8.429533 -0.260418
v -5.785527 8.420847 -0.262090
v -5.804137 8.411812 -0.263828
v -5.822405 8.402428 -0.265633
v -5.840333 8.392694 -0.267506
v -5.857918 8.382616 -0.269445
v -5.875164 8.372187 -0.271451
v -5.892066 8.361410 -0.273525
v -5.908627 8.350285 -0.275665
v -5.924755 8.338722 -0.277890
v -5.940359 8.326630 -0.280217
v -5.955436 8.314009 -0.282645
v -5.969988 8.300858 -0.285175
v -5.984015 8.287180 -0.287807
v -5.997517 8.272972 -0.290540
v -6.010493 8.258236 -0.293375
v -6.022943 8.242970 -0.296312
v -6.034869 8.227175 -0.299351
v -6.046269 8.210852 -0.302492
v -6.057144 8.194000 -0.305734
v -6.067492 8.176620 -0.309078
v -6.077158 8.158627 -0.312540
v -6.085984 8.139936 -0.316136
v -6.093969 8.120550 -0.319865
v -6.101114 8.100468 -0.323729
v -6.107418 8.079687 -0.327727
v -6.112882 8.058212 -0.331859
v -6.117504 8.036039 -0.336125
v -6.121287 8.013170 -0.340525
v -6.124229 7.989605 -0.345059
v -6.126331 7.965342 -0.349727
v -6.127592 7.940384 -0.354529
v -6.128011 7.914728 -0.359465
v -6.127466 7.881283 -0.365899
v -6.125831 7.848431 -0.372220
v -6.123106 7.816172 -0.378427
v -6.119290 7.784506 -0.384519
v -6.114384 7.753433 -0.390497
v -6.108389 7.722954 -0.396361
v -6.101304 7.693068 -0.402111
v -6.093129 7.663774 -0.407747
v -6.083862 7.635077 -0.413269
v -6.073506 7.606970 -0.418676
v -6.062061 7.579458 -0.423969
v -6.049525 7.552538 -0.429149
v -6.035983 7.526251 -0.434206
v -6.021523 7.500635 -0.439135
v -6.006144 7.475689 -0.443934
v -5.989845 7.451414 -0.448604
v -5.972626 7.427811 -0.453146
v -5.954489 7.404877 -0.457558
v -5.935432 7.382614 -0.461841
v -5.915455 7.361021 -0.465996
v -5.894560 7.340101 -0.470021
v -5.872745 7.319849 -0.473917
v -5.850010 7.300270 -0.477684
v -5.826358 7.281361 -0.481322
v -5.801817 7.263155 -0.484825
v -5.776423 7.245684 -0.488186
v -5.750176 7.228949 -0.491406
v -5.723074 7.212948 -0.494485
v -5.695119 7.197682 -0.497422
v -5.666309 7.183152 -0.500217
v -5.636648 7.169357 -0.502871
v -5.606132 7.156298 -0.505384
v -5.574764 7.143973 -0.507755
v -5.542540 7.132383 -0.509985
v -5.509464 7.121530 -0.512073
v -5.475533 7.111411 -0.514020
v -5.440848 7.102066 -0.515818
v -5.405506 7.093534 -0.517460
v -5.369506 7.085814 -0.518945
v -5.332851 7.078906 -0.520274
v -5.295538 7.072812 -0.521446
v -5.257569 7.067530 -0.522463
v -5.218943 7.063061 -0.523322
v -5.179659 7.059404 -0.524026
v -5.139721 7.056560 -0.524573
v -5.099124 7.054528 -0.524964
v -5.057872 7.053309 -0.525199
v -5.015962 7.052903 -0.525277
v -4.993970 7.053020 -0.525254
v -4.972122 7.053368 -0.525187
v -4.950418 7.053947 -0.525076
v -4.928860 7.054761 -0.524919
v -4.907445 7.055805 -0.524718
v -4.886174 7.057082 -0.524473
v -4.865050 7.058591 -0.524182
v -4.844069 7.060332 -0.523847
v -4.823232 7.062306 -0.523468
v -4.802540 7.064511 -0.523043
v -4.781992 7.066950 -0.522574
v -4.761590 7.069619 -0.522061
v -4.741404 7.072464 -0.521513
v -4.721506 7.075424 -0.520944
v -4.701898 7.078500 -0.520352
v -4.682578 7.081693 -0.519738
v -4.663548 7.085001 -0.519101
v -4.644805 7.088426 -0.518442
v -4.626352 7.091967 -0.517761
v -4.608189 7.095623 -0.517058
v -4.590315 7.099396 -0.516332
v -4.572729 7.103285 -0.515584
v -4.555432 7.107289 -0.514813
v -4.538424 7.111411 -0.514020
v -4.521725 7.115628 -0.513209
v -4.505354 7.119924 -0.512382
v -4.489311 7.124296 -0.511541
v -4.473597 7.128746 -0.510685
v -4.458211 7.133274 -0.509814
v -4.443153 7.137878 -0.508928
v -4.428423 7.142561 -0.508027
v -4.414022 7.147320 -0.507111
v -4.399950 7.152157 -0.506181
v -4.386207 7.157071 -0.505235
v -4.372790 7.162063 -0.504275
v -4.359702 7.167132 -0.503300
v -4.347002 7.172220 -0.502321
v -4.334747 7.177270 -0.501349
v -4.322940 7.182281 -0.500385
v -4.311578 7.187254 -0.499428
v -4.300665 7.192187 -0.498479
v -4.290197 7.197083 -0.497537
v -4.280177 7.201939 -0.496603
v -4.270603 7.206757 -0.495676
v -4.261475 7.211535 -0.494757
v -4.252794 7.216275 -0.493845
v -4.244558 7.220977 -0.492940
v -4.236771 7.225639 -0.492043
v -4.316203 7.600830 -0.419858
v -4.340409 7.589525 -0.422033
v -4.365113 7.578516 -0.424151
v -4.390317 7.567804 -0.426212
v -4.416018 7.557388 -0.428216
v -4.442220 7.547270 -0.430162
v -4.468921 7.537447 -0.432052
v -4.496121 7.527922 -0.433885
v -4.523819 7.518694 -0.435660
v -4.552017 7.509762 -0.437379
v -4.580714 7.501125 -0.439040
v -4.609910 7.492786 -0.440645
v -4.639605 7.484745 -0.442192
v -4.669695 7.477179 -0.443648
v -4.700072 7.470272 -0.444976
v -4.730740 7.464024 -0.446179
v -4.761696 7.458431 -0.447255
v -4.792941 7.453497 -0.448204
v -4.824475 7.449223 -0.449026
v -4.856297 7.445604 -0.449723
v -4.888409 7.442644 -0.450292
v -4.920809 7.440342 -0.450735
v -4.953499 7.438696 -0.451051
v -4.986477 7.437710 -0.451241
v -5.019745 7.437382 -0.451305
v -5.043510 7.437588 -0.451265
v -5.066894 7.438206 -0.451146
v -5.089898 7.439238 -0.450947
v -5.112520 7.440683 -0.450669
v -5.134762 7.442541 -0.450312
v -5.156624 7.444811 -0.449875
v -5.178103 7.447493 -0.449359
v -5.199201 7.450588 -0.448763
v -5.219920 7.454098 -0.448088
v -5.240257 7.458019 -0.447334
v -5.260213 7.462353 -0.446500
v -5.279789 7.467098 -0.445587
v -5.298940 7.472227 -0.444600
v -5.317615 7.477701 -0.443547
v -5.335818 7.483526 -0.442427
v -5.353549 7.489697 -0.441239
v -5.370806 7.496218 -0.439985
v -5.387590 7.503086 -0.438663
v -5.403903 7.510303 -0.437275
v -5.419742 7.517868 -0.435819
v -5.435109 7.525782 -0.434297
v -5.450001 7.534042 -0.432707
v -5.464422 7.542652 -0.431051
v -5.478370 7.551611 -0.429327
v -5.491827 7.560936 -0.427533
v -5.504769 7.570648 -0.425664
v -5.517200 7.580748 -0.423721
v -5.529119 7.591234 -0.421704
v -5.540526 7.602108 -0.419612
v -5.551421 7.613369 -0.417445
v -5.561802 7.625015 -0.415204
v -5.571671 7.637051 -0.412889
v -5.581029 7.649471 -0.410499
v -5.589875 7.662279 -0.408035
v -5.598208 7.675474 -0.405496
v -2.568697 7.471743 -0.444694
v -2.583170 7.466255 -0.445750
v -2.598221 7.461243 -0.446714
v -2.613850 7.456709 -0.447586
v -2.630057 7.452652 -0.448367
v -2.646842 7.449074 -0.449055
v -2.664205 7.445971 -0.449652
v -2.682145 7.443346 -0.450157
v -2.700663 7.441198 -0.450570
v -2.719760 7.439529 -0.450892
v -2.739434 7.438335 -0.451121
v -2.759686 7.437620 -0.451259
v -2.780516 7.437382 -0.451305
v -2.812950 7.437943 -0.451197
v -2.844687 7.439625 -0.450873
v -2.875728 7.442430 -0.450333
v -2.906074 7.446358 -0.449578
v -2.935723 7.451408 -0.448606
v -2.964676 7.457581 -0.447419
v -2.992933 7.464874 -0.446015
v -3.020493 7.473289 -0.444396
v -3.047358 7.482828 -0.442561
v -3.073527 7.493490 -0.440510
v -3.099000 7.505272 -0.438243
v -3.123776 7.518177 -0.435760
v -3.147856 7.532320 -0.433039
v -3.171240 7.547817 -0.430057
v -3.193929 7.564671 -0.426815
v -3.215921 7.582876 -0.423312
v -3.237217 7.602436 -0.419549
v -3.257817 7.623352 -0.415525
v -3.277721 7.645620 -0.411240
v -3.296929 7.669245 -0.406695
v -3.315441 7.694221 -0.401889
v -3.333256 7.720554 -0.396823
v -3.350376 7.748241 -0.391496
v -3.366800 7.777283 -0.385909
v -3.372427 7.788246 -0.383800
v -3.377964 7.799467 -0.381641
v -3.383408 7.810947 -0.379432
v -3.388759 7.822685 -0.377174
v -3.394019 7.834681 -0.374866
v -3.399187 7.846933 -0.372508
v -3.404263 7.859446 -0.370101
v -3.409247 7.872215 -0.367644
v -3.414140 7.885242 -0.365138
v -3.418940 7.898529 -0.362582
v -3.423649 7.912071 -0.359976
v -3.428265 7.925873 -0.357321
v -3.432829 7.940062 -0.354591
v -3.437380 7.954765 -0.351762
v -3.441917 7.969986 -0.348834
v -3.446441 7.985722 -0.345806
v -3.450952 8.001974 -0.342679
v -3.455451 8.018742 -0.339453
v -3.459936 8.036026 -0.336128
v -3.464408 8.053825 -0.332703
v -3.468868 8.072142 -0.329179
v -3.473314 8.090973 -0.325556
v -3.477747 8.110321 -0.321834
v -3.482166 8.130184 -0.318012
v -3.788546 9.584517 -0.038204
v -4.250009 9.584517 -0.038204
v -3.924716 8.039173 -0.335522
v -3.919666 8.016239 -0.339934
v -3.914603 7.993874 -0.344238
v -3.909527 7.972075 -0.348432
v -3.904437 7.950844 -0.352516
v -3.899335 7.930182 -0.356492
v -3.894219 7.910086 -0.360358
v -3.889089 7.890556 -0.364115
v -3.883948 7.871595 -0.367763
v -3.878794 7.853203 -0.371302
v -3.873626 7.835377 -0.374732
v -3.868445 7.818119 -0.378052
v -3.863251 7.801428 -0.381263
v -3.857977 7.785124 -0.384400
v -3.852560 7.769028 -0.387497
v -3.846998 7.753136 -0.390555
v -3.841292 7.737452 -0.393572
v -3.835441 7.721973 -0.396550
v -3.829446 7.706701 -0.399488
v -3.823305 7.691637 -0.402387
v -3.817021 7.676777 -0.405246
v -3.810592 7.662125 -0.408065
v -3.804019 7.647678 -0.410844
v -3.797301 7.633438 -0.413584
v -3.790438 7.619404 -0.416284
v -3.779839 7.598799 -0.420248
v -3.768847 7.578465 -0.424161
v -3.757460 7.558401 -0.428021
v -3.745679 7.538609 -0.431829
v -3.733505 7.519087 -0.435585
v -3.720935 7.499836 -0.439289
v -3.707972 7.480856 -0.442940
v -3.694616 7.462147 -0.446540
v -3.680865 7.443708 -0.450087
v -3.666720 7.425541 -0.453583
v -3.652180 7.407644 -0.457026
v -3.637247 7.390018 -0.460417
v -3.621861 7.372740 -0.463741
v -3.605963 7.355888 -0.466984
v -3.589553 7.339462 -0.470144
v -3.572630 7.323462 -0.473222
v -3.555195 7.307886 -0.476219
v -3.537248 7.292738 -0.479134
v -3.518789 7.278013 -0.481966
v -3.499817 7.263716 -0.484717
v -3.480333 7.249844 -0.487386
v -3.460337 7.236397 -0.489973
v -3.439829 7.223376 -0.492479
v -3.418809 7.210781 -0.494902
v -3.397251 7.198624 -0.497241
v -3.375128 7.186918 -0.499493
v -3.352439 7.175665 -0.501658
v -3.329186 7.164862 -0.503736
v -3.305369 7.154511 -0.505728
v -3.280986 7.144611 -0.507633
v -3.256038 7.135163 -0.509450
v -3.230526 7.126166 -0.511181
v -3.204449 7.117621 -0.512825
v -3.177808 7.109528 -0.514383
v -3.150602 7.101885 -0.515853
v -3.122830 7.094694 -0.517236
v -3.094436 7.088019 -0.518521
v -3.065358 7.081924 -0.519693
v -3.035597 7.076410 -0.520754
v -3.005154 7.071477 -0.521703
v -2.974028 7.067123 -0.522541
v -2.942218 7.063351 -0.523267
v -2.909725 7.060159 -0.523881
v -2.876550 7.057547 -0.524383
v -2.842692 7.055515 -0.524774
v -2.808151 7.054064 -0.525054
v -2.772926 7.053193 -0.525221
v -2.737017 7.052903 -0.525277
v -2.697807 7.053329 -0.525195
v -2.659608 7.054605 -0.524949
v -2.622420 7.056734 -0.524540
v -2.586244 7.059713 -0.523967
v -2.551079 7.063544 -0.523230
v -2.516925 7.068227 -0.522329
v -2.483782 7.073760 -0.521264
v -2.451650 7.080145 -0.520036
v -2.420531 7.087380 -0.518644
v -2.390422 7.095469 -0.517088
v -2.361325 7.104406 -0.515368
v -2.333238 7.114197 -0.513484
v -2.306091 7.124709 -0.511462
v -2.279811 7.135815 -0.509325
v -2.254397 7.147513 -0.507074
v -2.229850 7.159806 -0.504709
v -2.206170 7.172691 -0.502230
v -2.183357 7.186171 -0.499637
v -2.161410 7.200243 -0.496929
v -2.140331 7.214909 -0.494108
v -2.120118 7.230167 -0.491172
v -2.100773 7.246019 -0.488122
v -2.082294 7.262465 -0.484958
v -2.064682 7.279503 -0.481680
v -2.047897 7.297071 -0.478300
v -2.031900 7.315104 -0.474831
v -2.016692 7.333599 -0.471272
v -2.002271 7.352560 -0.467624
v -1.988638 7.371986 -0.463887
v -1.975794 7.391874 -0.460060
v -1.963737 7.412230 -0.456144
v -1.952469 7.433046 -0.452139
v -1.941988 7.454330 -0.448044
v -1.932296 7.476076 -0.443860
v -1.923392 7.498287 -0.439587
v -1.915274 7.520964 -0.435224
v -1.907873 7.543974 -0.430797
v -1.901116 7.567192 -0.426330
v -1.895003 7.590614 -0.421823
v -1.889532 7.614244 -0.417277
v -1.884706 7.638083 -0.412691
v -1.880523 7.662125 -0.408065
v -1.876983 7.686373 -0.403400
v -1.874087 7.710829 -0.398694
v -1.871835 7.735491 -0.393950
v -1.870226 7.760359 -0.389165
v -1.869261 7.785435 -0.384341
v -1.868939 7.810715 -0.379477
v -1.869024 7.825542 -0.376624
v -1.869280 7.840303 -0.373784
v -1.869707 7.855001 -0.370956
v -1.870304 7.869635 -0.368141
v -1.871073 7.884205 -0.365338
v -1.872012 7.898708 -0.362547
v -1.873122 7.913149 -0.359769
v -1.874402 7.927525 -0.357003
v -1.875853 7.941835 -0.354250
v -1.877476 7.956081 -0.351509
v -1.879268 7.970263 -0.348780
v -1.881232 7.984381 -0.346064
v -1.883327 7.998486 -0.343351
v -1.885514 8.012629 -0.340629
v -1.887792 8.026810 -0.337901
v -1.890162 8.041031 -0.335165
v -1.892625 8.055290 -0.332422
v -1.895179 8.069588 -0.329671
v -1.897826 8.083925 -0.326912
v -1.900564 8.098301 -0.324147
v -1.903395 8.112715 -0.321373
v -1.906316 8.127167 -0.318593
v -1.909331 8.141659 -0.315805
v -1.912437 8.156189 -0.313009
v -2.213145 9.584517 -0.038204
v -2.674607 9.584517 -0.038204
v -2.364443 8.106039 -0.322658
v -2.361975 8.095243 -0.324735
v -2.359611 8.084524 -0.326797
v -2.357352 8.073883 -0.328844
v -2.355198 8.063318 -0.330877
v -2.353150 8.052834 -0.332894
v -2.351206 8.042423 -0.334897
v -2.349368 8.032091 -0.336885
v -2.347635 8.021837 -0.338858
v -2.346006 8.011662 -0.340816
v -2.344482 8.001560 -0.342759
v -2.343064 7.991539 -0.344687
v -2.341749 7.981594 -0.346600
v -2.340541 7.971727 -0.348499
v -2.339437 7.961937 -0.350382
v -2.338439 7.952225 -0.352251
v -2.337546 7.942589 -0.354105
v -2.336758 7.933031 -0.355944
v -2.336075 7.923552 -0.357768
v -2.335497 7.914148 -0.359577
v -2.335024 7.904823 -0.361371
v -2.334657 7.895575 -0.363150
v -2.334394 7.886404 -0.364915
v -2.334236 7.877310 -0.366664
v -2.334184 7.868294 -0.368399
v -2.334341 7.853512 -0.371243
v -2.334814 7.838886 -0.374057
v -2.335601 7.824413 -0.376841
v -2.336704 7.810097 -0.379596
v -2.338122 7.795933 -0.382321
v -2.339856 7.781925 -0.385016
v -2.341904 7.768072 -0.387681
v -2.344268 7.754375 -0.390316
v -2.346947 7.740831 -0.392922
v -2.349941 7.727442 -0.395498
v -2.353251 7.714209 -0.398044
v -2.356878 7.701130 -0.400561
v -2.360864 7.688263 -0.403036
v -2.365257 7.675669 -0.405459
v -2.370057 7.663343 -0.407831
v -2.375265 7.651289 -0.410150
v -2.380879 7.639507 -0.412417
v -2.386901 7.627995 -0.414631
v -2.393331 7.616755 -0.416794
v -2.400167 7.605783 -0.418905
v -2.407410 7.595085 -0.420963
v -2.415060 7.584656 -0.422970
v -2.423118 7.574499 -0.424924
v -2.431582 7.564611 -0.426826
v -2.440480 7.555029 -0.428670
v -2.449838 7.545780 -0.430449
v -2.459655 7.536867 -0.432164
v -2.469932 7.528290 -0.433814
v -2.480669 7.520048 -0.435400
v -2.491865 7.512140 -0.436921
v -2.503522 7.504570 -0.438378
v -2.515637 7.497334 -0.439770
v -2.528213 7.490433 -0.441098
v -2.541248 7.483868 -0.442361
v -2.554743 7.477636 -0.443560
v -1.155941 7.099338 -0.516343
v -0.707717 7.099338 -0.516343
v -0.187626 8.200766 -0.304433
v -0.156329 8.267025 -0.291685
v -0.126109 8.332073 -0.279170
v -0.096965 8.395906 -0.266888
v -0.068899 8.458529 -0.254840
v -0.041909 8.519939 -0.243025
v -0.015996 8.580135 -0.231443
v 0.008839 8.639120 -0.220095
v 0.032598 8.696894 -0.208980
v 0.055280 8.753454 -0.198098
v 0.076885 8.808800 -0.187449
v 0.097412 8.862936 -0.177034
v 0.116863 8.915859 -0.166852
v 0.128211 8.915859 -0.166852
v 0.134541 8.863838 -0.176860
v 0.141554 8.810555 -0.187112
v 0.149251 8.756008 -0.197606
v 0.157630 8.700195 -0.208344
v 0.166692 8.643120 -0.219326
v 0.176438 8.584780 -0.230550
v 0.186866 8.525175 -0.242018
v 0.197977 8.464308 -0.253728
v 0.209771 8.402176 -0.265682
v 0.222248 8.338779 -0.277879
v 0.235408 8.274118 -0.290320
v 0.249250 8.208195 -0.303003
v 0.483763 7.099338 -0.516343
v 0.945226 7.099338 -0.516343
v 0.421353 9.584517 -0.038204
v -0.026872 9.584517 -0.038204
v -0.546962 8.483088 -0.250115
v -0.578259 8.417112 -0.262808
v -0.608480 8.352297 -0.275279
v -0.637623 8.288643 -0.287525
v -0.665690 8.226151 -0.299549
v -0.692679 8.164818 -0.311349
v -0.718592 8.104647 -0.322926
v -0.743427 8.045635 -0.334279
v -0.767186 7.987785 -0.345409
v -0.789868 7.931097 -0.356316
v -0.811473 7.875568 -0.366999
v -0.832001 7.821201 -0.377459
v -0.851452 7.767996 -0.387696
v -0.862799 7.767996 -0.387696
v -0.867396 7.810083 -0.379598
v -0.872991 7.855240 -0.370910
v -0.879584 7.903469 -0.361632
v -0.887175 7.954765 -0.351762
v -0.895765 8.009132 -0.341302
v -0.905352 8.066570 -0.330251
v -0.915938 8.127077 -0.318610
v -0.927522 8.190653 -0.306378
v -0.940103 8.257299 -0.293556
v -0.953684 8.327017 -0.280143
v -0.968262 8.399803 -0.266139
v -0.983838 8.475658 -0.251544
v -1.218352 9.584517 -0.038204
v -1.679815 9.584517 -0.038204
v 1.744275 9.101597 -0.131116
v 1.769458 9.124737 -0.126664
v 1.796152 9.145864 -0.122600
v 1.824357 9.164980 -0.118922
v 1.854071 9.182083 -0.115631
v 1.885297 9.197174 -0.112728
v 1.918032 9.210253 -0.110211
v 1.952278 9.221321 -0.108082
v 1.988034 9.230375 -0.106340
v 2.025301 9.237417 -0.104985
v 2.064078 9.242449 -0.104017
v 2.104365 9.245466 -0.103436
v 2.146163 9.246473 -0.103243
v 2.171524 9.246111 -0.103312
v 2.196543 9.245028 -0.103521
v 2.221221 9.243221 -0.103868
v 2.245558 9.240694 -0.104355
v 2.269553 9.237444 -0.104980
v 2.293207 9.233471 -0.105744
v 2.316519 9.228775 -0.106648
v 2.339489 9.223358 -0.107690
v 2.362118 9.217218 -0.108871
v 2.384406 9.210356 -0.110192
v 2.406353 9.202772 -0.111651
v 2.427958 9.194466 -0.113249
v 2.449228 9.185534 -0.114967
v 2.470169 9.176073 -0.116788
v 2.490782 9.166082 -0.118710
v 2.511067 9.155563 -0.120733
v 2.531024 9.144516 -0.122859
v 2.550652 9.132940 -0.125086
v 2.569952 9.120834 -0.127415
v 2.588923 9.108200 -0.129846
v 2.607566 9.095037 -0.132378
v 2.625881 9.081347 -0.135013
v 2.643868 9.067125 -0.137749
v 2.661526 9.052376 -0.140586
v 2.678849 9.037149 -0.143516
v 2.695831 9.021498 -0.146527
v 2.712471 9.005419 -0.149621
v 2.728770 8.988916 -0.152796
v 2.744727 8.971987 -0.156053
v 2.760343 8.954632 -0.159392
v 2.775617 8.936850 -0.162813
v 2.790550 8.918644 -0.166316
v 2.805142 8.900013 -0.169901
v 2.819392 8.880955 -0.173567
v 2.833300 8.861471 -0.177316
v 2.846867 8.841562 -0.181146
v 2.860080 8.821325 -0.185040
v 2.872924 8.800856 -0.188978
v 2.885401 8.780153 -0.192961
v 2.897511 8.759218 -0.196989
v 2.909252 8.738052 -0.201061
v 2.920626 8.716654 -0.205178
v 2.931632 8.695023 -0.209340
v 2.942270 8.673161 -0.213546
v 2.952540 8.651066 -0.217797
v 2.962443 8.628738 -0.222093
v 2.971978 8.606178 -0.226433
v 2.981145 8.583387 -0.230818
v 2.989945 8.560408 -0.235239
v 2.998376 8.537287 -0.239688
v 3.006440 8.514025 -0.244163
v 3.014137 8.490622 -0.248666
v 3.021465 8.467075 -0.253196
v 3.028426 8.443386 -0.257754
v 3.035019 8.419556 -0.262338
v 3.041244 8.395584 -0.266951
v 3.047102 8.371471 -0.271590
v 3.052592 8.347216 -0.276257
v 3.057714 8.322819 -0.280951
v 3.062469 8.298279 -0.285672
v 3.066849 8.273712 -0.290398
v 3.070848 8.249239 -0.295107
v 3.074466 8.224854 -0.299799
v 3.077703 8.200560 -0.304473
v 3.080560 8.176355 -0.309129
v 3.083036 8.152241 -0.313769
v 3.085130 8.128218 -0.318391
v 3.086844 8.104284 -0.322996
v 3.088177 8.080442 -0.327583
v 3.089130 8.056688 -0.332153
v 3.089701 8.033028 -0.336705
v 3.089891 8.009455 -0.341240
v 3.089629 7.986166 -0.345721
v 3.088841 7.963356 -0.350110
v 3.087527 7.941023 -0.354407
v 3.085689 7.919167 -0.358612
v 3.083325 7.897787 -0.362725
v 3.080435 7.876884 -0.366746
v 3.077020 7.856459 -0.370676
v 3.073080 7.836512 -0.374514
v 3.068615 7.817041 -0.378260
v 3.063624 7.798048 -0.381914
v 3.058108 7.779533 -0.385477
v 3.052067 7.761494 -0.388947
v 3.045533 7.743933 -0.392326
v 3.038539 7.726849 -0.395613
v 3.031086 7.710241 -0.398808
v 3.023173 7.694113 -0.401911
v 3.014800 7.678461 -0.404923
v 3.005968 7.663286 -0.407842
v 2.996676 7.648588 -0.410670
v 2.986924 7.634367 -0.413406
v 2.976712 7.620623 -0.416050
v 2.966042 7.607357 -0.418602
v 2.954911 7.594568 -0.421063
v 2.943320 7.582256 -0.423432
v 2.931284 7.570435 -0.425706
v 2.918813 7.559116 -0.427884
v 2.905909 7.548302 -0.429965
v 2.892572 7.537989 -0.431949
v 2.878802 7.528179 -0.433836
v 2.864598 7.518873 -0.435626
v 2.849960 7.510071 -0.437320
v 2.834889 7.501770 -0.438917
v 2.819385 7.493973 -0.440417
v 2.803448 7.486679 -0.441820
v 2.787077 7.479889 -0.443127
v 2.770272 7.473600 -0.444337
v 2.753080 7.467815 -0.445450
v 2.735547 7.462534 -0.446466
v 2.717672 7.457754 -0.447385
v 2.699456 7.453478 -0.448208
v 2.680898 7.449705 -0.448934
v 2.661999 7.446436 -0.449563
v 2.642758 7.443668 -0.450095
v 2.623176 7.441406 -0.450531
v 2.603252 7.439644 -0.450870
v 2.582987 7.438387 -0.451112
v 2.562381 7.437632 -0.451257
v 2.541432 7.437382 -0.451305
v 2.516071 7.437742 -0.451236
v 2.491051 7.438826 -0.451027
v 2.466373 7.440632 -0.450680
v 2.442037 7.443159 -0.450193
v 2.418042 7.446409 -0.449568
v 2.394388 7.450382 -0.448804
v 2.371076 7.455078 -0.447900
v 2.348105 7.460495 -0.446858
v 2.325476 7.466635 -0.445677
v 2.303188 7.473497 -0.444357
v 2.281242 7.481081 -0.442897
v 2.259637 7.489388 -0.441299
v 2.238367 7.498320 -0.439581
v 2.217426 7.507780 -0.437761
v 2.196813 7.517771 -0.435838
v 2.176528 7.528290 -0.433815
v 2.156571 7.539337 -0.431689
v 2.136943 7.550913 -0.429462
v 2.117643 7.563019 -0.427133
v 2.098672 7.575653 -0.424702
v 2.080029 7.588816 -0.422170
v 2.061714 7.602507 -0.419535
v 2.043727 7.616728 -0.416799
v 2.026069 7.631477 -0.413962
v 2.008746 7.646704 -0.411032
v 1.991764 7.662357 -0.408021
v 1.975124 7.678434 -0.404927
v 1.958825 7.694939 -0.401752
v 1.942868 7.711868 -0.398495
v 1.927252 7.729223 -0.395156
v 1.911977 7.747004 -0.391735
v 1.897044 7.765209 -0.388232
v 1.882453 7.783840 -0.384648
v 1.868203 7.802898 -0.380981
v 1.854294 7.822382 -0.377232
v 1.840728 7.842291 -0.373402
v 1.827515 7.862528 -0.369508
v 1.814671 7.882998 -0.365570
v 1.802194 7.903700 -0.361587
v 1.790084 7.924635 -0.357559
v 1.778343 7.945801 -0.353487
v 1.766969 7.967199 -0.349370
v 1.755963 7.988831 -0.345208
v 1.745325 8.010693 -0.341002
v 1.735054 8.032789 -0.336751
v 1.725152 8.055117 -0.332455
v 1.715617 8.077675 -0.328115
v 1.706450 8.100468 -0.323730
v 1.697650 8.123446 -0.319309
v 1.689219 8.146566 -0.314861
v 1.681154 8.169828 -0.310385
v 1.673458 8.193233 -0.305882
v 1.666130 8.216780 -0.301352
v 1.659169 8.240467 -0.296794
v 1.652576 8.264297 -0.292210
v 1.646351 8.288269 -0.287598
v 1.640493 8.312384 -0.282958
v 1.635003 8.336637 -0.278291
v 1.629881 8.361036 -0.273598
v 1.625126 8.385576 -0.268876
v 1.620746 8.410141 -0.264150
v 1.616747 8.434616 -0.259441
v 1.613129 8.459000 -0.254750
v 1.609891 8.483294 -0.250075
v 1.607035 8.507498 -0.245419
v 1.604559 8.531612 -0.240779
v 1.602464 8.555635 -0.236157
v 1.600750 8.579569 -0.231553
v 1.599417 8.603411 -0.226965
v 1.598465 8.627165 -0.222395
v 1.597894 8.650826 -0.217843
v 1.597703 8.674398 -0.213308
v 1.598721 8.720497 -0.204438
v 1.601775 8.764688 -0.195936
v 1.606864 8.806969 -0.187802
v 1.613989 8.847342 -0.180034
v 1.623150 8.885805 -0.172634
v 1.634346 8.922359 -0.165601
v 1.647578 8.957005 -0.158935
v 1.662846 8.989740 -0.152637
v 1.680150 9.020569 -0.146706
v 1.699489 9.049486 -0.141142
v 1.720864 9.076496 -0.135946
v 2.596278 9.550156 -0.044816
v 2.560568 9.563059 -0.042333
v 2.524043 9.574842 -0.040066
v 2.486704 9.585503 -0.038015
v 2.448551 9.595041 -0.036180
v 2.409584 9.603456 -0.034560
v 2.369802 9.610752 -0.033157
v 2.329206 9.616924 -0.031970
v 2.287795 9.621973 -0.030998
v 2.245571 9.625900 -0.030242
v 2.202533 9.628706 -0.029703
v 2.158679 9.630390 -0.029379
v 2.114012 9.630951 -0.029271
v 2.077415 9.630531 -0.029351
v 2.041383 9.629274 -0.029593
v 2.005916 9.627178 -0.029997
v 1.971013 9.624243 -0.030561
v 1.936675 9.620470 -0.031287
v 1.902902 9.615860 -0.032174
v 1.869694 9.610409 -0.033223
v 1.837050 9.604122 -0.034433
v 1.804971 9.596994 -0.035804
v 1.773457 9.589031 -0.037336
v 1.742508 9.580227 -0.039030
v 1.712124 9.570585 -0.040885
v 1.682382 9.560112 -0.042900
v 1.653364 9.548813 -0.045074
v 1.625067 9.536690 -0.047406
v 1.597493 9.523739 -0.049898
v 1.570642 9.509964 -0.052548
v 1.544512 9.495363 -0.055357
v 1.519105 9.479937 -0.058325
v 1.494420 9.463684 -0.061452
v 1.470457 9.446606 -0.064738
v 1.447217 9.428703 -0.068182
v 1.424700 9.409975 -0.071786
v 1.402906 9.390419 -0.075548
v 1.381879 9.370052 -0.079466
v 1.361667 9.348886 -0.083539
v 1.342268 9.326921 -0.087765
v 1.323684 9.304155 -0.092145
v 1.305915 9.280590 -0.096679
v 1.288959 9.256224 -0.101367
v 1.272818 9.231058 -0.106208
v 1.257491 9.205093 -0.111204
v 1.242978 9.178329 -0.116353
v 1.229280 9.150766 -0.121656
v 1.216396 9.122402 -0.127114
v 1.204325 9.093239 -0.132725
v 1.193149 9.063295 -0.138486
v 1.182944 9.032589 -0.144393
v 1.173711 9.001123 -0.150447
v 1.165450 8.968897 -0.156647
v 1.158161 8.935909 -0.162994
v 1.151844 8.902161 -0.169487
v 1.146498 8.867651 -0.176127
v 1.142125 8.832378 -0.182913
v 1.138724 8.796347 -0.189845
v 1.136294 8.759554 -0.196924
v 1.134836 8.722000 -0.204149
v 1.134350 8.683685 -0.211521
v 1.134567 8.659321 -0.216209
v 1.135217 8.634516 -0.220981
v 1.136300 8.609274 -0.225837
v 1.137817 8.583593 -0.230778
v 1.139767 8.557474 -0.235804
v 1.142151 8.530916 -0.240913
v 1.144968 8.503920 -0.246107
v 1.148219 8.476484 -0.251386
v 1.151903 8.448610 -0.256749
v 1.156020 8.420298 -0.262196
v 1.160571 8.391546 -0.267727
v 1.165555 8.362358 -0.273343
v 1.171025 8.332916 -0.279007
v 1.177034 8.303411 -0.284684
v 1.183581 8.273842 -0.290373
v 1.190667 8.244207 -0.296075
v 1.198291 8.214508 -0.301789
v 1.206453 8.184746 -0.307515
v 1.215154 8.154919 -0.313254
v 1.224394 8.125025 -0.319005
v 1.234172 8.095068 -0.324769
v 1.244488 8.065048 -0.330544
v 1.255343 8.034962 -0.336333
v 1.266736 8.004812 -0.342134
v 1.278688 7.974693 -0.347928
v 1.291217 7.944704 -0.353698
v 1.304325 7.914845 -0.359443
v 1.318009 7.885113 -0.365163
v 1.332273 7.855511 -0.370858
v 1.347113 7.826038 -0.376529
v 1.362532 7.796694 -0.382175
v 1.378529 7.767479 -0.387795
v 1.395104 7.738394 -0.393391
v 1.412256 7.709436 -0.398963
v 1.429986 7.680609 -0.404509
v 1.448296 7.651909 -0.410031
v 1.467227 7.623545 -0.415488
v 1.486830 7.595722 -0.420841
v 1.507101 7.568443 -0.426089
v 1.528043 7.541704 -0.431234
v 1.549654 7.515507 -0.436274
v 1.571935 7.489853 -0.441210
v 1.594886 7.464739 -0.446042
v 1.618507 7.440166 -0.450769
v 1.642798 7.416138 -0.455392
v 1.667758 7.392649 -0.459911
v 1.693388 7.369703 -0.464326
v 1.719688 7.347298 -0.468637
v 1.746685 7.325525 -0.472826
v 1.774403 7.304476 -0.476876
v 1.802844 7.284147 -0.480787
v 1.832007 7.264542 -0.484559
v 1.861893 7.245658 -0.488192
v 1.892501 7.227497 -0.491686
v 1.923831 7.210058 -0.495041
v 1.955883 7.193342 -0.498257
v 1.988658 7.177348 -0.501335
v 2.022155 7.162076 -0.504273
v 2.056375 7.147527 -0.507072
v 2.091317 7.133699 -0.509732
v 2.127027 7.120794 -0.512215
v 2.163552 7.109012 -0.514482
v 2.200891 7.098351 -0.516533
v 2.239044 7.088813 -0.518369
v 2.278011 7.080397 -0.519988
v 2.317793 7.073102 -0.521391
v 2.358389 7.066930 -0.522579
v 2.399799 7.061880 -0.523550
v 2.442024 7.057953 -0.524306
v 2.485063 7.055147 -0.524846
v 2.528916 7.053464 -0.525169
v 2.573583 7.052903 -0.525277
v 2.610180 7.053322 -0.525197
v 2.646212 7.054580 -0.524955
v 2.681679 7.056676 -0.524552
v 2.716582 7.059610 -0.523987
v 2.750920 7.063383 -0.523261
v 2.784693 7.067994 -0.522374
v 2.817901 7.073444 -0.521325
v 2.850544 7.079732 -0.520116
v 2.882623 7.086859 -0.518745
v 2.914138 7.094823 -0.517212
v 2.945087 7.103626 -0.515518
v 2.975471 7.113268 -0.513663
v 3.005213 7.123742 -0.511648
v 3.034231 7.135040 -0.509474
v 3.062528 7.147165 -0.507142
v 3.090102 7.160115 -0.504650
v 3.116953 7.173891 -0.502000
v 3.143083 7.188492 -0.499191
v 3.168490 7.203918 -0.496223
v 3.193174 7.220171 -0.493096
v 3.217136 7.237248 -0.489810
v 3.240376 7.255152 -0.486366
v 3.262894 7.273880 -0.482762
v 3.284689 7.293434 -0.479000
v 3.305716 7.313801 -0.475082
v 3.325928 7.334967 -0.471009
v 3.345327 7.356934 -0.466783
v 3.363911 7.379700 -0.462403
v 3.381681 7.403265 -0.457869
v 3.398636 7.427629 -0.453181
v 3.414777 7.452795 -0.448340
v 3.430104 7.478760 -0.443344
v 3.444617 7.505524 -0.438195
v 3.458316 7.533089 -0.432892
v 3.471200 7.561451 -0.427435
v 3.483269 7.590614 -0.421824
v 3.494446 7.620560 -0.416063
v 3.504651 7.651264 -0.410155
v 3.513884 7.682730 -0.404101
v 3.522145 7.714956 -0.397901
v 3.529434 7.747944 -0.391554
v 3.535751 7.781693 -0.385061
v 3.541096 7.816204 -0.378421
v 3.545470 7.851475 -0.371635
v 3.548872 7.887506 -0.364703
v 3.551302 7.924299 -0.357624
v 3.552759 7.961853 -0.350399
v 3.553245 8.000168 -0.343027
v 3.553029 8.024534 -0.338339
v 3.552378 8.049337 -0.333567
v 3.551295 8.074579 -0.328711
v 3.549778 8.100260 -0.323770
v 3.547828 8.126381 -0.318745
v 3.545444 8.152939 -0.313635
v 3.542627 8.179935 -0.308441
v 3.539376 8.207369 -0.303162
v 3.535692 8.235243 -0.297800
v 3.531575 8.263556 -0.292352
v 3.527024 8.292307 -0.286821
v 3.522040 8.321495 -0.281205
v 3.516570 8.350937 -0.275541
v 3.510561 8.380442 -0.269864
v 3.504014 8.410011 -0.264175
v 3.496928 8.439646 -0.258473
v 3.489304 8.469345 -0.252759
v 3.481142 8.499107 -0.247033
v 3.472441 8.528936 -0.241294
v 3.463201 8.558828 -0.235543
v 3.453423 8.588785 -0.229780
v 3.443107 8.618805 -0.224004
v 3.432252 8.648891 -0.218215
v 3.420859 8.679043 -0.212415
v 3.408907 8.709160 -0.206620
v 3.396377 8.739149 -0.200850
v 3.383270 8.769009 -0.195105
v 3.369585 8.798740 -0.189385
v 3.355322 8.828342 -0.183690
v 3.340481 8.857815 -0.178019
v 3.325062 8.887159 -0.172374
v 3.309065 8.916374 -0.166753
v 3.292490 8.945461 -0.161157
v 3.275337 8.974419 -0.155585
v 3.257607 9.003246 -0.150039
v 3.239300 9.031944 -0.144517
v 3.220367 9.060308 -0.139060
v 3.200765 9.088131 -0.133707
v 3.180494 9.115412 -0.128459
v 3.159552 9.142149 -0.123314
v 3.137941 9.168346 -0.118274
v 3.115660 9.194002 -0.113338
v 3.092709 9.219114 -0.108507
v 3.069088 9.243687 -0.103779
v 3.044797 9.267717 -0.099156
v 3.019837 9.291204 -0.094637
v 2.994206 9.314152 -0.090222
v 2.967907 9.336555 -0.085911
v 2.940910 9.358328 -0.081722
v 2.913192 9.379379 -0.077672
v 2.884751 9.399706 -0.073761
v 2.855588 9.419312 -0.069989
v 2.825702 9.438196 -0.066356
v 2.795094 9.456356 -0.062862
v 2.763764 9.473795 -0.059507
v 2.731712 9.490513 -0.056291
v 2.698937 9.506506 -0.053214
v 2.665439 9.521778 -0.050275
v 2.631220 9.536327 -0.047476
v 5.262926 8.561098 -0.235107
v 4.928176 8.561098 -0.235107
v 4.909526 8.561169 -0.235093
v 4.891402 8.561382 -0.235052
v 4.873803 8.561737 -0.234984
v 4.856730 8.562233 -0.234888
v 4.840181 8.562872 -0.234765
v 4.824159 8.563652 -0.234615
v 4.808661 8.564575 -0.234438
v 4.793689 8.565638 -0.234233
v 4.779242 8.566845 -0.234001
v 4.765320 8.568192 -0.233742
v 4.751924 8.569681 -0.233455
v 4.739053 8.571314 -0.233141
v 4.726589 8.573099 -0.232797
v 4.714414 8.575054 -0.232421
v 4.702528 8.577175 -0.232013
v 4.690931 8.579466 -0.231573
v 4.679623 8.581923 -0.231100
v 4.668604 8.584547 -0.230595
v 4.657874 8.587339 -0.230058
v 4.647432 8.590300 -0.229488
v 4.637281 8.593428 -0.228886
v 4.627417 8.596724 -0.228252
v 4.617843 8.600187 -0.227586
v 4.608557 8.603817 -0.226887
v 4.589395 8.611841 -0.225344
v 4.570995 8.620432 -0.223691
v 4.553356 8.629589 -0.221929
v 4.536479 8.639315 -0.220058
v 4.520365 8.649607 -0.218078
v 4.505012 8.660467 -0.215988
v 4.490420 8.671896 -0.213789
v 4.476590 8.683891 -0.211482
v 4.463522 8.696455 -0.209064
v 4.451216 8.709585 -0.206538
v 4.439672 8.723284 -0.203903
v 4.428889 8.737549 -0.201158
v 4.418921 8.752344 -0.198312
v 4.409819 8.767630 -0.195371
v 4.401584 8.783403 -0.192336
v 4.394216 8.799669 -0.189206
v 4.387715 8.816423 -0.185983
v 4.382081 8.833670 -0.182665
v 4.377313 8.851404 -0.179253
v 4.373413 8.869631 -0.175746
v 4.370378 8.888346 -0.172145
v 4.368212 8.907553 -0.168450
v 4.366912 8.927248 -0.164661
v 4.366478 8.947433 -0.160777
v 4.366741 8.959120 -0.158529
v 4.367529 8.970652 -0.156310
v 4.368842 8.982027 -0.154121
v 4.370681 8.993250 -0.151962
v 4.373045 9.004316 -0.149833
v 4.375935 9.015228 -0.147734
v 4.379350 9.025986 -0.145664
v 4.383289 9.036589 -0.143624
v 4.387755 9.047035 -0.141614
v 4.392745 9.057329 -0.139634
v 4.398262 9.067467 -0.137683
v 4.404303 9.077450 -0.135762
v 4.410975 9.087175 -0.133891
v 4.418382 9.096540 -0.132090
v 4.426525 9.105543 -0.130357
v 4.435403 9.114185 -0.128695
v 4.445017 9.122467 -0.127101
v 4.455366 9.130386 -0.125578
v 4.466451 9.137945 -0.124124
v 4.478271 9.145142 -0.122739
v 4.490827 9.151978 -0.121424
v 4.504118 9.158453 -0.120178
v 4.518145 9.164566 -0.119002
v 4.532907 9.170321 -0.117895
v 4.540630 9.173054 -0.117369
v 4.548667 9.175686 -0.116862
v 4.557020 9.178213 -0.116376
v 4.565689 9.180639 -0.115909
v 4.574672 9.182961 -0.115463
v 4.583971 9.185179 -0.115036
v 4.593585 9.187294 -0.114629
v 4.603513 9.189306 -0.114242
v 4.613758 9.191216 -0.113874
v 4.624317 9.193022 -0.113527
v 4.635192 9.194725 -0.113199
v 4.646382 9.196323 -0.112892
v 4.657887 9.197807 -0.112606
v 4.669707 9.199162 -0.112346
v 4.681842 9.200386 -0.112110
v 4.694293 9.201483 -0.111899
v 4.707059 9.202450 -0.111713
v 4.720140 9.203289 -0.111552
v 4.733536 9.203997 -0.111415
v 4.747248 9.204578 -0.111304
v 4.761275 9.205029 -0.111217
v 4.775617 9.205351 -0.111155
v 4.790274 9.205545 -0.111117
v 4.805246 9.205610 -0.111105
v 5.126757 9.205610 -0.111105
v 4.892242 8.180334 -0.308364
v 5.342358 8.180334 -0.308364
v 5.491766 7.480101 -0.443086
v 5.251578 7.480101 -0.443086
v 5.199385 7.480539 -0.443002
v 5.149346 7.481855 -0.442749
v 5.101461 7.484047 -0.442327
v 5.055730 7.487118 -0.441736
v 5.012153 7.491064 -0.440977
v 4.970729 7.495888 -0.440049
v 4.931459 7.501589 -0.438952
v 4.894344 7.508167 -0.437686
v 4.859383 7.515623 -0.436252
v 4.826575 7.523956 -0.434649
v 4.795921 7.533165 -0.432877
v 4.767421 7.543251 -0.430936
v 4.740944 7.553770 -0.428912
v 4.715727 7.564896 -0.426772
v 4.691772 7.576626 -0.424515
v 4.669076 7.588964 -0.422141
v 4.647643 7.601908 -0.419651
v 4.627470 7.615458 -0.417044
v 4.608557 7.629614 -0.414321
v 4.590905 7.644377 -0.411480
v 4.574515 7.659744 -0.408523
v 4.559384 7.675720 -0.405450
v 4.545516 7.692301 -0.402260
v 4.532907 7.709488 -0.398953
v 4.521428 7.727076 -0.395569
v 4.510948 7.744856 -0.392149
v 4.501465 7.762829 -0.388690
v 4.492981 7.780996 -0.385195
v 4.485495 7.799358 -0.381662
v 4.479007 7.817913 -0.378093
v 4.473517 7.836660 -0.374486
v 4.469026 7.855602 -0.370841
v 4.465532 7.874737 -0.367160
v 4.463037 7.894066 -0.363441
v 4.461539 7.913588 -0.359685
v 4.461040 7.933302 -0.355892
v 4.461329 7.946156 -0.353419
v 4.462196 7.958712 -0.351003
v 4.463641 7.970972 -0.348644
v 4.465663 7.982935 -0.346343
v 4.468264 7.994602 -0.344098
v 4.471442 8.005972 -0.341911
v 4.475198 8.017046 -0.339780
v 4.479532 8.027822 -0.337707
v 4.484445 8.038303 -0.335690
v 4.489934 8.048487 -0.333731
v 4.496002 8.058372 -0.331829
v 4.502647 8.067963 -0.329984
v 4.509950 8.077217 -0.328203
v 4.517988 8.086098 -0.326495
v 4.526761 8.094604 -0.324858
v 4.536269 8.102737 -0.323293
v 4.546514 8.110495 -0.321801
v 4.557493 8.117880 -0.320380
v 4.569209 8.124889 -0.319031
v 4.581659 8.131527 -0.317754
v 4.594845 8.137789 -0.316550
v 4.608767 8.143677 -0.315417
v 4.623424 8.149191 -0.314356
v 4.638817 8.154331 -0.313367
v 4.646178 8.156742 -0.312903
v 4.653762 8.159025 -0.312464
v 4.661571 8.161180 -0.312049
v 4.669602 8.163206 -0.311660
v 4.677856 8.165102 -0.311295
v 4.686334 8.166868 -0.310955
v 4.695035 8.168507 -0.310640
v 4.703959 8.170015 -0.310349
v 4.713107 8.171396 -0.310084
v 4.722477 8.172647 -0.309843
v 4.732071 8.173769 -0.309627
v 4.741889 8.174763 -0.309436
v 4.752035 8.175652 -0.309265
v 4.762614 8.176464 -0.309109
v 4.773626 8.177200 -0.308967
v 4.785072 8.177858 -0.308841
v 4.796952 8.178438 -0.308729
v 4.809265 8.178942 -0.308632
v 4.822011 8.179367 -0.308550
v 4.835190 8.179716 -0.308483
v 4.848804 8.179987 -0.308431
v 4.862850 8.180180 -0.308394
v 4.877330 8.180296 -0.308372
v 4.010925 9.307766 -0.091450
v 3.993707 9.283943 -0.096034
v 3.977986 9.259525 -0.100732
v 3.963763 9.234516 -0.105544
v 3.951036 9.208912 -0.110470
v 3.939807 9.182714 -0.115510
v 3.930075 9.155926 -0.120664
v 3.921840 9.128542 -0.125933
v 3.915102 9.100565 -0.131315
v 3.909862 9.071995 -0.136812
v 3.906119 9.042831 -0.142423
v 3.903873 9.013075 -0.148148
v 3.903125 8.982725 -0.153987
v 3.903932 8.946396 -0.160977
v 3.906356 8.911085 -0.167770
v 3.910394 8.876795 -0.174368
v 3.916048 8.843523 -0.180769
v 3.923318 8.811272 -0.186974
v 3.932203 8.780037 -0.192983
v 3.942703 8.749823 -0.198797
v 3.954818 8.720627 -0.204414
v 3.968550 8.692450 -0.209835
v 3.983896 8.665293 -0.215060
v 4.000858 8.639153 -0.220089
v 4.019435 8.614033 -0.224922
v 4.039510 8.589830 -0.229579
v 4.060964 8.566439 -0.234079
v 4.083797 8.543859 -0.238423
v 4.108009 8.522093 -0.242611
v 4.133599 8.501139 -0.246642
v 4.160569 8.480999 -0.250517
v 4.188919 8.461670 -0.254236
v 4.218646 8.443153 -0.257798
v 4.249753 8.425451 -0.261205
v 4.282239 8.408560 -0.264454
v 4.316104 8.392483 -0.267548
v 4.351348 8.377216 -0.270485
v 4.351348 8.369787 -0.271914
v 4.337296 8.365925 -0.272657
v 4.323505 8.361765 -0.273458
v 4.309978 8.357307 -0.274315
v 4.296712 8.352554 -0.275229
v 4.283710 8.347506 -0.276201
v 4.270970 8.342159 -0.277230
v 4.258493 8.336515 -0.278315
v 4.246279 8.330576 -0.279458
v 4.234327 8.324339 -0.280658
v 4.222639 8.317806 -0.281915
v 4.211212 8.310976 -0.283229
v 4.200049 8.303850 -0.284600
v 4.189161 8.296473 -0.286019
v 4.178563 8.288889 -0.287479
v 4.168252 8.281097 -0.288978
v 4.158231 8.273100 -0.290516
v 4.148499 8.264896 -0.292094
v 4.139056 8.256487 -0.293712
v 4.129902 8.247871 -0.295370
v 4.121037 8.239048 -0.297068
v 4.112461 8.230021 -0.298805
v 4.104173 8.220785 -0.300582
v 4.096175 8.211342 -0.302398
v 4.088466 8.201694 -0.304254
v 4.081059 8.191847 -0.306149
v 4.073967 8.181805 -0.308081
v 4.067190 8.171570 -0.310050
v 4.060728 8.161142 -0.312057
v 4.054582 8.150520 -0.314100
v 4.048750 8.139704 -0.316181
v 4.043234 8.128695 -0.318299
v 4.038033 8.117493 -0.320454
v 4.033147 8.106096 -0.322647
v 4.028577 8.094507 -0.324877
v 4.024322 8.082726 -0.327144
v 4.020381 8.070749 -0.329448
v 4.016756 8.058638 -0.331778
v 4.013447 8.046448 -0.334123
v 4.010452 8.034182 -0.336483
v 4.007773 8.021837 -0.338858
v 4.005409 8.009417 -0.341248
v 4.003360 7.996918 -0.343653
v 4.001626 7.984343 -0.346072
v 4.000207 7.971689 -0.348507
v 3.999105 7.958958 -0.350956
v 3.998317 7.946150 -0.353420
v 3.997844 7.933264 -0.355899
v 3.997687 7.920301 -0.358393
v 3.998757 7.879213 -0.366299
v 4.001968 7.838911 -0.374052
v 4.007320 7.799397 -0.381655
v 4.014812 7.760670 -0.389106
v 4.024446 7.722729 -0.396406
v 4.036221 7.685574 -0.403554
v 4.050136 7.649206 -0.410551
v 4.066192 7.613626 -0.417396
v 4.084388 7.578833 -0.424091
v 4.104726 7.544825 -0.430633
v 4.127203 7.511606 -0.437025
v 4.151823 7.479172 -0.443265
v 4.178569 7.447771 -0.449306
v 4.207430 7.417646 -0.455102
v 4.238406 7.388800 -0.460652
v 4.271496 7.361229 -0.465957
v 4.306701 7.334934 -0.471016
v 4.344019 7.309917 -0.475829
v 4.383453 7.286179 -0.480396
v 4.425002 7.263716 -0.484718
v 4.468664 7.242530 -0.488794
v 4.514441 7.222622 -0.492624
v 4.562333 7.203990 -0.496209
v 4.612339 7.186635 -0.499548
v 4.635290 7.179657 -0.500891
v 4.658753 7.172962 -0.502179
v 4.682729 7.166552 -0.503412
v 4.707216 7.160425 -0.504591
v 4.732216 7.154582 -0.505715
v 4.757729 7.149023 -0.506785
v 4.783752 7.143747 -0.507800
v 4.810289 7.138756 -0.508760
v 4.837337 7.134048 -0.509666
v 4.864899 7.129623 -0.510517
v 4.892972 7.125483 -0.511313
v 4.921557 7.121626 -0.512056
v 4.950720 7.118066 -0.512740
v 4.980527 7.114816 -0.513366
v 5.010977 7.111875 -0.513932
v 5.042071 7.109243 -0.514438
v 5.073808 7.106922 -0.514885
v 5.106189 7.104910 -0.515272
v 5.139214 7.103208 -0.515599
v 5.172882 7.101814 -0.515867
v 5.207193 7.100731 -0.516076
v 5.242148 7.099957 -0.516225
v 5.277747 7.099492 -0.516314
v 5.313990 7.099338 -0.516344
v 6.032660 7.099338 -0.516344
v 5.508787 9.584517 -0.038205
v 4.803355 9.584517 -0.038205
v 4.778368 9.584400 -0.038227
v 4.753840 9.584051 -0.038294
v 4.729774 9.583471 -0.038406
v 4.706166 9.582659 -0.038562
v 4.683018 9.581614 -0.038763
v 4.660330 9.580338 -0.039009
v 4.638101 9.578827 -0.039299
v 4.616332 9.577085 -0.039634
v 4.595023 9.575113 -0.040014
v 4.574173 9.572906 -0.040438
v 4.553783 9.570469 -0.040907
v 4.533853 9.567801 -0.041421
v 4.514330 9.564911 -0.041977
v 4.495161 9.561815 -0.042573
v 4.476347 9.558514 -0.043208
v 4.457888 9.555004 -0.043883
v 4.439784 9.551291 -0.044598
v 4.422033 9.547369 -0.045352
v 4.404638 9.543242 -0.046146
v 4.387597 9.538906 -0.046980
v 4.370911 9.534367 -0.047853
v 4.354579 9.529619 -0.048767
v 4.338602 9.524666 -0.049720
v 4.322980 9.519508 -0.050712
v 4.289607 9.507254 -0.053070
v 4.257575 9.494020 -0.055616
v 4.226881 9.479807 -0.058351
v 4.197528 9.464611 -0.061274
v 4.169513 9.448437 -0.064386
v 4.142839 9.431282 -0.067687
v 4.117505 9.413147 -0.071176
v 4.093510 9.394032 -0.074853
v 4.070854 9.373934 -0.078720
v 4.049538 9.352859 -0.082775
v 4.029562 9.330803 -0.087018
v -5.606030 7.490372 0.629803
v -5.613278 7.504295 0.632482
v -5.619897 7.518517 0.635218
v -5.625885 7.533033 0.638011
v -5.631244 7.547848 0.640862
v -5.635972 7.562958 0.643769
v -5.640069 7.578365 0.646733
v -5.643536 7.594069 0.649754
v -5.646372 7.610069 0.652833
v -5.648578 7.626368 0.655968
v -5.650153 7.642962 0.659161
v -5.651098 7.659851 0.662411
v -5.651419 7.677038 0.665717
v -5.651097 7.691059 0.668415
v -5.650132 7.704641 0.671028
v -5.648524 7.717785 0.673557
v -5.646272 7.730490 0.676001
v -5.643376 7.742756 0.678361
v -5.639837 7.754585 0.680637
v -5.635653 7.765974 0.682828
v -5.630827 7.776924 0.684935
v -5.625357 7.787437 0.686958
v -5.619243 7.797510 0.688896
v -5.612485 7.807146 0.690750
v -5.605083 7.816343 0.692519
v -5.597164 7.825191 0.694221
v -5.588850 7.833780 0.695874
v -5.580144 7.842113 0.697477
v -5.571042 7.850187 0.699031
v -5.561545 7.858004 0.700535
v -5.551656 7.865562 0.701989
v -5.541372 7.872864 0.703393
v -5.530694 7.879906 0.704748
v -5.519622 7.886690 0.706054
v -5.508157 7.893217 0.707309
v -5.496298 7.899487 0.708515
v -5.484045 7.905497 0.709672
v -5.471437 7.911320 0.710792
v -5.458513 7.917028 0.711890
v -5.445274 7.922619 0.712966
v -5.431720 7.928095 0.714020
v -5.417851 7.933455 0.715051
v -5.403667 7.938698 0.716060
v -5.389167 7.943825 0.717046
v -5.374352 7.948835 0.718010
v -5.359223 7.953732 0.718952
v -5.343778 7.958509 0.719871
v -5.328018 7.963173 0.720768
v -5.311942 7.967720 0.721643
v -5.295675 7.972227 0.722511
v -5.279344 7.976774 0.723385
v -5.262946 7.981359 0.724268
v -5.246483 7.985983 0.725157
v -5.229955 7.990646 0.726054
v -5.213360 7.995348 0.726959
v -5.196701 8.000088 0.727871
v -5.179975 8.004868 0.728790
v -5.163184 8.009684 0.729717
v -5.146327 8.014542 0.730652
v -5.129404 8.019436 0.731593
v -5.112416 8.024370 0.732543
v -5.092669 8.030651 0.733751
v -5.073145 8.037113 0.734994
v -5.053846 8.043756 0.736272
v -5.034770 8.050579 0.737585
v -5.015916 8.057583 0.738933
v -4.997286 8.064768 0.740315
v -4.978880 8.072132 0.741732
v -4.960697 8.079678 0.743184
v -4.942737 8.087404 0.744670
v -4.925001 8.095312 0.746192
v -4.907487 8.103399 0.747747
v -4.890195 8.111666 0.749338
v -4.873207 8.120186 0.750977
v -4.856598 8.129028 0.752678
v -4.840372 8.138191 0.754441
v -4.824526 8.147678 0.756267
v -4.809062 8.157488 0.758154
v -4.793978 8.167620 0.760103
v -4.779275 8.178074 0.762115
v -4.764952 8.188850 0.764188
v -4.751011 8.199949 0.766324
v -4.737450 8.211372 0.768521
v -4.724270 8.223116 0.770781
v -4.711472 8.235182 0.773102
v -4.699087 8.247623 0.775496
v -4.687148 8.260489 0.777971
v -4.675657 8.273781 0.780528
v -4.664612 8.287498 0.783168
v -4.654014 8.301641 0.785889
v -4.643862 8.316210 0.788692
v -4.634155 8.331205 0.791576
v -4.624896 8.346624 0.794543
v -4.616084 8.362471 0.797592
v -4.607718 8.378742 0.800722
v -4.599799 8.395439 0.803935
v -4.592325 8.412563 0.807229
v -4.585377 8.430130 0.810609
v -4.579033 8.448162 0.814079
v -4.573293 8.466660 0.817637
v -4.568157 8.485619 0.821285
v -4.563627 8.505045 0.825022
v -4.559700 8.524935 0.828849
v -4.556377 8.545288 0.832765
v -4.553658 8.566107 0.836771
v -4.551544 8.587389 0.840865
v -4.550033 8.609135 0.845049
v -4.549127 8.631348 0.849323
v -4.548826 8.654022 0.853685
v -4.549278 8.682909 0.859243
v -4.550639 8.711369 0.864719
v -4.552904 8.739405 0.870112
v -4.556076 8.767014 0.875424
v -4.560154 8.794197 0.880654
v -4.565138 8.820955 0.885802
v -4.571028 8.847286 0.890869
v -4.577826 8.873194 0.895853
v -4.585528 8.898674 0.900755
v -4.594138 8.923729 0.905576
v -4.603653 8.948359 0.910315
v -4.614073 8.972563 0.914971
v -4.625329 8.996265 0.919531
v -4.637346 9.019384 0.923980
v -4.650125 9.041925 0.928316
v -4.663666 9.063885 0.932541
v -4.677969 9.085264 0.936655
v -4.693032 9.106064 0.940656
v -4.708858 9.126282 0.944546
v -4.725446 9.145920 0.948324
v -4.742795 9.164976 0.951991
v -4.760907 9.183455 0.955546
v -4.779780 9.201351 0.958989
v -4.799415 9.218666 0.962321
v -4.819779 9.235371 0.965534
v -4.840839 9.251429 0.968624
v -4.862595 9.266842 0.971590
v -4.885046 9.281610 0.974431
v -4.908195 9.295734 0.977148
v -4.932040 9.309214 0.979742
v -4.956579 9.322048 0.982211
v -4.981817 9.334238 0.984556
v -5.007748 9.345781 0.986777
v -5.034377 9.356680 0.988874
v -5.061701 9.366936 0.990847
v -5.089720 9.376545 0.992696
v -5.118364 9.385445 0.994408
v -5.147562 9.393570 0.995972
v -5.177309 9.400923 0.997386
v -5.207607 9.407501 0.998652
v -5.238458 9.413305 0.999768
v -5.269860 9.418335 1.000736
v -5.301815 9.422592 1.001555
v -5.334319 9.426075 1.002225
v -5.367377 9.428783 1.002746
v -5.400986 9.430717 1.003119
v -5.435147 9.431879 1.003342
v -5.469860 9.432266 1.003417
v -5.507027 9.431936 1.003353
v -5.544144 9.430950 1.003163
v -5.581206 9.429306 1.002847
v -5.618218 9.427004 1.002404
v -5.655176 9.424044 1.001834
v -5.692081 9.420425 1.001138
v -5.728934 9.416149 1.000316
v -5.765734 9.411215 0.999366
v -5.802482 9.405624 0.998291
v -5.839177 9.399374 0.997088
v -5.875820 9.392467 0.995759
v -5.912409 9.384903 0.994304
v -5.948606 9.376848 0.992754
v -5.984067 9.368469 0.991142
v -6.018791 9.359770 0.989469
v -6.052782 9.350748 0.987733
v -6.086035 9.341402 0.985935
v -6.118554 9.331736 0.984075
v -6.150337 9.321745 0.982153
v -6.181385 9.311432 0.980169
v -6.211697 9.300798 0.978123
v -6.241274 9.289841 0.976014
v -6.270115 9.278561 0.973844
v -6.298223 9.266958 0.971612
v -6.216898 8.889910 0.899069
v -6.181602 8.903519 0.901687
v -6.146948 8.916481 0.904181
v -6.112939 8.928799 0.906551
v -6.079573 8.940472 0.908797
v -6.046850 8.951500 0.910919
v -6.014771 8.961884 0.912917
v -5.983335 8.971622 0.914790
v -5.952544 8.980715 0.916540
v -5.922397 8.989164 0.918165
v -5.892892 8.996967 0.919667
v -5.864031 9.004126 0.921044
v -5.835814 9.010639 0.922297
v -5.807911 9.016573 0.923439
v -5.779996 9.021990 0.924481
v -5.752067 9.026892 0.925424
v -5.724125 9.031279 0.926268
v -5.696170 9.035147 0.927012
v -5.668201 9.038502 0.927658
v -5.640221 9.041338 0.928204
v -5.612226 9.043661 0.928650
v -5.584220 9.045465 0.928998
v -5.556200 9.046757 0.929246
v -5.528166 9.047529 0.929395
v -5.500119 9.047787 0.929444
v -5.463293 9.047142 0.929320
v -5.427833 9.045208 0.928948
v -5.393738 9.041983 0.928328
v -5.361009 9.037468 0.927459
v -5.329646 9.031664 0.926342
v -5.299649 9.024570 0.924977
v -5.271019 9.016186 0.923364
v -5.243753 9.006512 0.921503
v -5.217853 8.995548 0.919394
v -5.193319 8.983295 0.917036
v -5.170151 8.969751 0.914430
v -5.148349 8.954918 0.911577
v -5.128110 8.939001 0.908514
v -5.109631 8.922209 0.905283
v -5.092913 8.904537 0.901883
v -5.077953 8.885988 0.898315
v -5.064754 8.866564 0.894577
v -5.053314 8.846262 0.890671
v -5.043635 8.825083 0.886597
v -5.035716 8.803026 0.882353
v -5.029556 8.780092 0.877941
v -5.025156 8.756281 0.873360
v -5.022516 8.731594 0.868610
v -5.021636 8.706030 0.863691
v -5.021872 8.692272 0.861045
v -5.022583 8.678865 0.858465
v -5.023764 8.665806 0.855952
v -5.025419 8.653093 0.853507
v -5.027546 8.640730 0.851128
v -5.030147 8.628716 0.848816
v -5.033221 8.617048 0.846572
v -5.036766 8.605730 0.844394
v -5.040785 8.594759 0.842283
v -5.045276 8.584139 0.840240
v -5.050241 8.573864 0.838263
v -5.055677 8.563940 0.836354
v -5.061509 8.554317 0.834502
v -5.067656 8.544952 0.832701
v -5.074117 8.535847 0.830949
v -5.080895 8.526999 0.829246
v -5.087986 8.518408 0.827594
v -5.095395 8.510075 0.825990
v -5.103117 8.502001 0.824437
v -5.111156 8.494184 0.822933
v -5.119508 8.486626 0.821479
v -5.128176 8.479326 0.820074
v -5.137160 8.472282 0.818719
v -5.146457 8.465498 0.817414
v -5.156051 8.458920 0.816148
v -5.165921 8.452496 0.814912
v -5.176068 8.446228 0.813706
v -5.186488 8.440113 0.812530
v -5.197186 8.434155 0.811384
v -5.208160 8.428350 0.810267
v -5.219408 8.422701 0.809180
v -5.230933 8.417206 0.808123
v -5.242733 8.411867 0.807095
v -5.254810 8.406681 0.806098
v -5.267161 8.401651 0.805130
v -5.279789 8.396774 0.804192
v -5.292615 8.391996 0.803272
v -5.305559 8.387255 0.802360
v -5.318620 8.382555 0.801456
v -5.331799 8.377892 0.800559
v -5.345098 8.373268 0.799669
v -5.358514 8.368681 0.798787
v -5.372047 8.364136 0.797912
v -5.385700 8.359627 0.797045
v -5.399470 8.355158 0.796185
v -5.413359 8.350727 0.795332
v -5.427366 8.346334 0.794487
v -5.441492 8.341982 0.793650
v -5.461980 8.335752 0.792451
v -5.482468 8.329445 0.791238
v -5.502955 8.323059 0.790009
v -5.523445 8.316597 0.788766
v -5.543932 8.310059 0.787508
v -5.564421 8.303442 0.786235
v -5.584908 8.296747 0.784947
v -5.605396 8.289974 0.783644
v -5.625885 8.283125 0.782326
v -5.646373 8.276199 0.780994
v -5.666861 8.269196 0.779646
v -5.687353 8.262114 0.778284
v -5.707670 8.254820 0.776881
v -5.727647 8.247177 0.775410
v -5.747282 8.239187 0.773873
v -5.766575 8.230848 0.772268
v -5.785527 8.222162 0.770597
v -5.804137 8.213125 0.768859
v -5.822405 8.203743 0.767053
v -5.840333 8.194010 0.765181
v -5.857918 8.183929 0.763241
v -5.875164 8.173502 0.761235
v -5.892066 8.162725 0.759162
v -5.908627 8.151600 0.757021
v -5.924755 8.140038 0.754797
v -5.940359 8.127945 0.752470
v -5.955436 8.115324 0.750042
v -5.969988 8.102173 0.747512
v -5.984015 8.088495 0.744880
v -5.997517 8.074287 0.742146
v -6.010493 8.059549 0.739311
v -6.022943 8.044285 0.736374
v -6.034869 8.028490 0.733335
v -6.046269 8.012167 0.730195
v -6.057144 7.995316 0.726953
v -6.067492 7.977934 0.723609
v -6.077158 7.959942 0.720147
v -6.085984 7.941252 0.716551
v -6.093969 7.921865 0.712821
v -6.101114 7.901783 0.708957
v -6.107418 7.881002 0.704959
v -6.112882 7.859526 0.700827
v -6.117504 7.837355 0.696562
v -6.121287 7.814486 0.692162
v -6.124229 7.790920 0.687628
v -6.126331 7.766657 0.682960
v -6.127592 7.741699 0.678158
v -6.128011 7.716043 0.673222
v -6.127466 7.682598 0.666787
v -6.125831 7.649746 0.660466
v -6.123106 7.617487 0.654260
v -6.119290 7.585821 0.648167
v -6.114384 7.554749 0.642189
v -6.108389 7.524269 0.636325
v -6.101304 7.494383 0.630575
v -6.093129 7.465090 0.624939
v -6.083862 7.436392 0.619418
v -6.073506 7.408285 0.614010
v -6.062061 7.380774 0.608717
v -6.049525 7.353853 0.603538
v -6.035983 7.327566 0.598480
v -6.021523 7.301950 0.593552
v -6.006144 7.277004 0.588753
v -5.989845 7.252730 0.584082
v -5.972626 7.229126 0.579541
v -5.954489 7.206192 0.575128
v -5.935432 7.183929 0.570845
v -5.915455 7.162337 0.566691
v -5.894560 7.141417 0.562666
v -5.872745 7.121165 0.558770
v -5.850010 7.101585 0.555002
v -5.826358 7.082676 0.551364
v -5.801817 7.064470 0.547862
v -5.776423 7.046999 0.544500
v -5.750176 7.030263 0.541280
v -5.723074 7.014263 0.538202
v -5.695119 6.998998 0.535265
v -5.666309 6.984468 0.532469
v -5.636648 6.970673 0.529815
v -5.606132 6.957613 0.527303
v -5.574764 6.945288 0.524931
v -5.542540 6.933699 0.522702
v -5.509464 6.922845 0.520613
v -5.475533 6.912725 0.518667
v -5.440848 6.903380 0.516869
v -5.405506 6.894849 0.515227
v -5.369506 6.887129 0.513742
v -5.332851 6.880221 0.512413
v -5.295538 6.874127 0.511240
v -5.257569 6.868845 0.510224
v -5.218943 6.864376 0.509364
v -5.179659 6.860719 0.508661
v -5.139721 6.857875 0.508113
v -5.099124 6.855844 0.507723
v -5.057872 6.854625 0.507488
v -5.015962 6.854218 0.507410
v -4.993970 6.854334 0.507432
v -4.972122 6.854683 0.507499
v -4.950418 6.855263 0.507611
v -4.928860 6.856075 0.507767
v -4.907445 6.857121 0.507968
v -4.886174 6.858397 0.508214
v -4.865050 6.859906 0.508504
v -4.844069 6.861648 0.508839
v -4.823232 6.863621 0.509219
v -4.802540 6.865827 0.509643
v -4.781992 6.868264 0.510112
v -4.761590 6.870934 0.510626
v -4.741404 6.873778 0.511173
v -4.721506 6.876739 0.511743
v -4.701898 6.879815 0.512335
v -4.682578 6.883008 0.512949
v -4.663548 6.886316 0.513585
v -4.644805 6.889741 0.514244
v -4.626352 6.893281 0.514925
v -4.608189 6.896938 0.515629
v -4.590315 6.900711 0.516355
v -4.572729 6.904600 0.517103
v -4.555432 6.908605 0.517874
v -4.538424 6.912725 0.518666
v -4.521725 6.916944 0.519478
v -4.505354 6.921239 0.520304
v -4.489311 6.925611 0.521146
v -4.473597 6.930061 0.522002
v -4.458211 6.934588 0.522873
v -4.443153 6.939194 0.523759
v -4.428423 6.943875 0.524660
v -4.414022 6.948635 0.525575
v -4.399950 6.953472 0.526506
v -4.386207 6.958386 0.527451
v -4.372790 6.963378 0.528412
v -4.359702 6.968448 0.529387
v -4.347002 6.973536 0.530366
v -4.334747 6.978585 0.531338
v -4.322940 6.983597 0.532302
v -4.311578 6.988569 0.533258
v -4.300665 6.993503 0.534208
v -4.290197 6.998398 0.535149
v -4.280177 7.003254 0.536084
v -4.270603 7.008072 0.537011
v -4.261475 7.012851 0.537930
v -4.252794 7.017591 0.538842
v -4.244558 7.022292 0.539747
v -4.236771 7.026955 0.540644
v -4.316203 7.402145 0.612829
v -4.340409 7.390841 0.610654
v -4.365113 7.379831 0.608536
v -4.390317 7.369120 0.606475
v -4.416018 7.358704 0.604471
v -4.442220 7.348585 0.602524
v -4.468921 7.338762 0.600634
v -4.496121 7.329237 0.598802
v -4.523819 7.320007 0.597026
v -4.552017 7.311075 0.595308
v -4.580714 7.302441 0.593646
v -4.609910 7.294102 0.592042
v -4.639605 7.286060 0.590495
v -4.669695 7.278494 0.589039
v -4.700072 7.271587 0.587710
v -4.730740 7.265339 0.586508
v -4.761696 7.259747 0.585432
v -4.792941 7.254813 0.584483
v -4.824475 7.250537 0.583660
v -4.856297 7.246920 0.582964
v -4.888409 7.243959 0.582394
v -4.920809 7.241657 0.581952
v -4.953499 7.240012 0.581635
v -4.986477 7.239025 0.581445
v -5.019745 7.238697 0.581382
v -5.043510 7.238903 0.581422
v -5.066894 7.239522 0.581541
v -5.089898 7.240554 0.581739
v -5.112520 7.241999 0.582017
v -5.134762 7.243856 0.582375
v -5.156624 7.246126 0.582811
v -5.178103 7.248809 0.583328
v -5.199201 7.251904 0.583923
v -5.219920 7.255413 0.584598
v -5.240257 7.259335 0.585353
v -5.260213 7.263668 0.586186
v -5.279789 7.268414 0.587100
v -5.298940 7.273540 0.588086
v -5.317615 7.279016 0.589140
v -5.335818 7.284840 0.590260
v -5.353549 7.291012 0.591447
v -5.370806 7.297533 0.592702
v -5.387590 7.304401 0.594023
v -5.403903 7.311617 0.595412
v -5.419742 7.319183 0.596867
v -5.435109 7.327095 0.598390
v -5.450001 7.335358 0.599979
v -5.464422 7.343967 0.601636
v -5.478370 7.352924 0.603359
v -5.491827 7.362251 0.605153
v -5.504769 7.371964 0.607022
v -5.517200 7.382063 0.608965
v -5.529119 7.392550 0.610983
v -5.540526 7.403423 0.613075
v -5.551421 7.414682 0.615241
v -5.561802 7.426331 0.617482
v -5.571671 7.438364 0.619798
v -5.581029 7.450787 0.622187
v -5.589875 7.463594 0.624652
v -5.598208 7.476789 0.627190
v -2.568697 7.273058 0.587993
v -2.583170 7.267569 0.586937
v -2.598221 7.262559 0.585973
v -2.613850 7.258025 0.585101
v -2.630057 7.253968 0.584320
v -2.646842 7.250389 0.583631
v -2.664205 7.247287 0.583035
v -2.682145 7.244662 0.582530
v -2.700663 7.242515 0.582116
v -2.719760 7.240844 0.581795
v -2.739434 7.239651 0.581565
v -2.759686 7.238935 0.581428
v -2.780516 7.238697 0.581382
v -2.812950 7.239258 0.581490
v -2.844687 7.240941 0.581814
v -2.875728 7.243747 0.582353
v -2.906074 7.247674 0.583109
v -2.935723 7.252724 0.584081
v -2.964676 7.258896 0.585268
v -2.992933 7.266190 0.586671
v -3.020493 7.274605 0.588291
v -3.047358 7.284143 0.590126
v -3.073527 7.294804 0.592177
v -3.099000 7.306587 0.594444
v -3.123776 7.319492 0.596927
v -3.147856 7.333635 0.599648
v -3.171240 7.349133 0.602629
v -3.193929 7.365984 0.605872
v -3.215921 7.384192 0.609375
v -3.237217 7.403751 0.613138
v -3.257817 7.424667 0.617162
v -3.277721 7.446936 0.621446
v -3.296929 7.470560 0.625991
v -3.315441 7.495537 0.630797
v -3.333256 7.521870 0.635863
v -3.350376 7.549557 0.641190
v -3.366800 7.578598 0.646778
v -3.372427 7.589561 0.648887
v -3.377964 7.600782 0.651046
v -3.383408 7.612263 0.653255
v -3.388759 7.624001 0.655513
v -3.394019 7.635996 0.657821
v -3.399187 7.648249 0.660178
v -3.404263 7.660761 0.662585
v -3.409247 7.673531 0.665042
v -3.414140 7.686558 0.667549
v -3.418940 7.699842 0.670105
v -3.423649 7.713387 0.672710
v -3.428265 7.727188 0.675366
v -3.432829 7.741377 0.678096
v -3.437380 7.756081 0.680925
v -3.441917 7.771301 0.683853
v -3.446441 7.787037 0.686880
v -3.450952 7.803289 0.690007
v -3.455451 7.820057 0.693233
v -3.459936 7.837341 0.696559
v -3.464408 7.855141 0.699984
v -3.468868 7.873457 0.703507
v -3.473314 7.892288 0.707131
v -3.477747 7.911636 0.710853
v -3.482166 7.931499 0.714675
v -3.788546 9.385832 0.994482
v -4.250009 9.385832 0.994483
v -3.924716 7.840488 0.697164
v -3.919666 7.817554 0.692752
v -3.914603 7.795189 0.688449
v -3.909527 7.773390 0.684255
v -3.904437 7.752159 0.680170
v -3.899335 7.731497 0.676195
v -3.894219 7.711401 0.672328
v -3.889089 7.691872 0.668571
v -3.883948 7.672911 0.664923
v -3.878794 7.654518 0.661384
v -3.873626 7.636692 0.657955
v -3.868445 7.619434 0.654634
v -3.863251 7.602743 0.651423
v -3.857977 7.586439 0.648286
v -3.852560 7.570343 0.645189
v -3.846998 7.554451 0.642132
v -3.841292 7.538767 0.639114
v -3.835441 7.523289 0.636136
v -3.829446 7.508017 0.633198
v -3.823305 7.492950 0.630300
v -3.817021 7.478092 0.627441
v -3.810592 7.463440 0.624622
v -3.804019 7.448994 0.621842
v -3.797301 7.434753 0.619103
v -3.790438 7.420719 0.616403
v -3.779839 7.400114 0.612438
v -3.768847 7.379780 0.608526
v -3.757460 7.359716 0.604666
v -3.745679 7.339924 0.600858
v -3.733505 7.320402 0.597102
v -3.720935 7.301151 0.593398
v -3.707972 7.282171 0.589746
v -3.694616 7.263462 0.586147
v -3.680865 7.245024 0.582599
v -3.666720 7.226855 0.579104
v -3.652180 7.208959 0.575661
v -3.637247 7.191334 0.572269
v -3.621861 7.174056 0.568945
v -3.605963 7.157204 0.565703
v -3.589553 7.140778 0.562543
v -3.572630 7.124777 0.559464
v -3.555195 7.109202 0.556468
v -3.537248 7.094053 0.553553
v -3.518789 7.079329 0.550720
v -3.499817 7.065031 0.547969
v -3.480333 7.051159 0.545300
v -3.460337 7.037712 0.542713
v -3.439829 7.024692 0.540208
v -3.418809 7.012095 0.537785
v -3.397251 6.999939 0.535446
v -3.375128 6.988234 0.533194
v -3.352439 6.976979 0.531029
v -3.329186 6.966177 0.528950
v -3.305369 6.955826 0.526959
v -3.280986 6.945927 0.525054
v -3.256038 6.936479 0.523236
v -3.230526 6.927482 0.521505
v -3.204449 6.918937 0.519861
v -3.177808 6.910843 0.518304
v -3.150602 6.903200 0.516834
v -3.122830 6.896009 0.515450
v -3.094436 6.889335 0.514166
v -3.065358 6.883240 0.512993
v -3.035597 6.877726 0.511932
v -3.005154 6.872792 0.510983
v -2.974028 6.868439 0.510146
v -2.942218 6.864666 0.509420
v -2.909725 6.861474 0.508806
v -2.876550 6.858862 0.508303
v -2.842692 6.856831 0.507912
v -2.808151 6.855379 0.507633
v -2.772926 6.854508 0.507465
v -2.737017 6.854218 0.507410
v -2.697807 6.854644 0.507492
v -2.659608 6.855921 0.507737
v -2.622420 6.858049 0.508147
v -2.586244 6.861029 0.508720
v -2.551079 6.864860 0.509457
v -2.516925 6.869541 0.510358
v -2.483782 6.875075 0.511422
v -2.451650 6.881460 0.512651
v -2.420531 6.888696 0.514043
v -2.390422 6.896783 0.515599
v -2.361325 6.905722 0.517319
v -2.333238 6.915512 0.519202
v -2.306091 6.926024 0.521225
v -2.279811 6.937130 0.523361
v -2.254397 6.948829 0.525612
v -2.229850 6.961121 0.527977
v -2.206170 6.974007 0.530456
v -2.183357 6.987486 0.533050
v -2.161410 7.001557 0.535757
v -2.140331 7.016223 0.538579
v -2.120118 7.031482 0.541515
v -2.100773 7.047335 0.544564
v -2.082294 7.063780 0.547728
v -2.064682 7.080819 0.551007
v -2.047897 7.098387 0.554387
v -2.031900 7.116419 0.557856
v -2.016692 7.134915 0.561415
v -2.002271 7.153876 0.565063
v -1.988638 7.173301 0.568800
v -1.975794 7.193191 0.572627
v -1.963737 7.213545 0.576543
v -1.952469 7.234363 0.580548
v -1.941988 7.255645 0.584643
v -1.932296 7.277391 0.588827
v -1.923392 7.299603 0.593100
v -1.915274 7.322279 0.597463
v -1.907873 7.345289 0.601890
v -1.901116 7.368507 0.606357
v -1.895003 7.391930 0.610863
v -1.889532 7.415560 0.615410
v -1.884706 7.439396 0.619996
v -1.880523 7.463440 0.624622
v -1.876983 7.487688 0.629287
v -1.874087 7.512144 0.633992
v -1.871835 7.536806 0.638737
v -1.870226 7.561674 0.643521
v -1.869261 7.586750 0.648346
v -1.868939 7.612030 0.653210
v -1.869024 7.626858 0.656062
v -1.869280 7.641619 0.658903
v -1.869707 7.656317 0.661730
v -1.870304 7.670950 0.664546
v -1.871073 7.685520 0.667349
v -1.872012 7.700024 0.670139
v -1.873122 7.714464 0.672918
v -1.874402 7.728840 0.675683
v -1.875853 7.743151 0.678437
v -1.877476 7.757397 0.681178
v -1.879268 7.771578 0.683906
v -1.881232 7.785696 0.686622
v -1.883327 7.799801 0.689336
v -1.885513 7.813944 0.692057
v -1.887792 7.828125 0.694786
v -1.890162 7.842346 0.697522
v -1.892624 7.856606 0.700265
v -1.895179 7.870903 0.703016
v -1.897826 7.885241 0.705774
v -1.900564 7.899614 0.708540
v -1.903394 7.914030 0.711313
v -1.906316 7.928482 0.714094
v -1.909331 7.942974 0.716882
v -1.912437 7.957504 0.719677
v -2.213144 9.385832 0.994482
v -2.674607 9.385832 0.994482
v -2.364443 7.907354 0.710029
v -2.361974 7.896559 0.707952
v -2.359610 7.885839 0.705890
v -2.357352 7.875198 0.703842
v -2.355198 7.864634 0.701810
v -2.353149 7.854147 0.699792
v -2.351206 7.843739 0.697790
v -2.349368 7.833406 0.695802
v -2.347634 7.823153 0.693829
v -2.346006 7.812975 0.691871
v -2.344482 7.802876 0.689928
v -2.343064 7.792854 0.688000
v -2.341748 7.782909 0.686086
v -2.340541 7.773043 0.684188
v -2.339437 7.763252 0.682304
v -2.338439 7.753540 0.680436
v -2.337546 7.743904 0.678582
v -2.336758 7.734346 0.676743
v -2.336075 7.724867 0.674919
v -2.335497 7.715464 0.673110
v -2.335024 7.706139 0.671316
v -2.334657 7.696890 0.669536
v -2.334394 7.687719 0.667772
v -2.334236 7.678625 0.666022
v -2.334184 7.669609 0.664288
v -2.334341 7.654827 0.661444
v -2.334814 7.640200 0.658630
v -2.335601 7.625729 0.655845
v -2.336704 7.611410 0.653091
v -2.338122 7.597248 0.650366
v -2.339856 7.583241 0.647671
v -2.341904 7.569387 0.645006
v -2.344268 7.555689 0.642370
v -2.346947 7.542147 0.639764
v -2.349941 7.528757 0.637188
v -2.353251 7.515524 0.634642
v -2.356878 7.502445 0.632126
v -2.360864 7.489578 0.629651
v -2.365257 7.476982 0.627227
v -2.370057 7.464659 0.624856
v -2.375265 7.452604 0.622537
v -2.380879 7.440823 0.620270
v -2.386901 7.429310 0.618055
v -2.393331 7.418070 0.615892
v -2.400167 7.407099 0.613782
v -2.407410 7.396400 0.611723
v -2.415060 7.385971 0.609717
v -2.423118 7.375814 0.607763
v -2.431582 7.365927 0.605860
v -2.440480 7.356344 0.604017
v -2.449838 7.347095 0.602237
v -2.459655 7.338182 0.600523
v -2.469932 7.329605 0.598872
v -2.480669 7.321363 0.597286
v -2.491865 7.313456 0.595765
v -2.503522 7.305885 0.594309
v -2.515637 7.298649 0.592916
v -2.528213 7.291748 0.591589
v -2.541248 7.285183 0.590326
v -2.554743 7.278952 0.589127
v -1.155941 6.900653 0.516343
v -0.707717 6.900653 0.516343
v -0.187626 8.002081 0.728254
v -0.156329 8.068340 0.741002
v -0.126109 8.133387 0.753517
v -0.096965 8.197222 0.765798
v -0.068899 8.259844 0.777847
v -0.041909 8.321253 0.789662
v -0.015996 8.381451 0.801243
v 0.008840 8.440435 0.812592
v 0.032598 8.498209 0.823707
v 0.055280 8.554768 0.834589
v 0.076885 8.610115 0.845237
v 0.097412 8.664251 0.855653
v 0.116863 8.717173 0.865835
v 0.128211 8.717173 0.865835
v 0.134541 8.665154 0.855826
v 0.141554 8.611870 0.845575
v 0.149251 8.557322 0.835080
v 0.157630 8.501511 0.824342
v 0.166692 8.444435 0.813361
v 0.176438 8.386095 0.802137
v 0.186866 8.326490 0.790669
v 0.197977 8.265623 0.778958
v 0.209771 8.203491 0.767004
v 0.222248 8.140095 0.754807
v 0.235408 8.075434 0.742367
v 0.249250 8.009510 0.729683
v 0.483764 6.900653 0.516343
v 0.945226 6.900653 0.516343
v 0.421353 9.385832 0.994482
v -0.026871 9.385832 0.994482
v -0.546962 8.284403 0.782572
v -0.578259 8.218428 0.769878
v -0.608480 8.153612 0.757408
v -0.637623 8.089958 0.745161
v -0.665689 8.027466 0.733138
v -0.692679 7.966133 0.721338
v -0.718592 7.905962 0.709761
v -0.743427 7.846951 0.698407
v -0.767186 7.789101 0.687277
v -0.789868 7.732412 0.676371
v -0.811472 7.676884 0.665687
v -0.832001 7.622517 0.655227
v -0.851452 7.569311 0.644991
v -0.862799 7.569311 0.644991
v -0.867396 7.611399 0.653088
v -0.872990 7.656555 0.661776
v -0.879584 7.704782 0.671055
v -0.887175 7.756081 0.680924
v -0.895764 7.810448 0.691384
v -0.905352 7.867886 0.702435
v -0.915938 7.928392 0.714076
v -0.927522 7.991968 0.726308
v -0.940103 8.058615 0.739131
v -0.953684 8.128332 0.752544
v -0.968262 8.201117 0.766548
v -0.983838 8.276974 0.781142
v -1.218352 9.385832 0.994482
v -1.679815 9.385832 0.994482
v 1.744275 8.902912 0.901570
v 1.769458 8.926052 0.906022
v 1.796152 8.947180 0.910087
v 1.824357 8.966295 0.913765
v 1.854071 8.983398 0.917055
v 1.885297 8.998489 0.919959
v 1.918032 9.011568 0.922475
v 1.952278 9.022636 0.924604
v 1.988034 9.031691 0.926347
v 2.025301 9.038733 0.927702
v 2.064078 9.043764 0.928669
v 2.104365 9.046782 0.929250
v 2.146163 9.047787 0.929444
v 2.171524 9.047426 0.929374
v 2.196543 9.046343 0.929166
v 2.221221 9.044537 0.928818
v 2.245558 9.042009 0.928332
v 2.269553 9.038759 0.927706
v 2.293207 9.034786 0.926942
v 2.316519 9.030090 0.926039
v 2.339489 9.024673 0.924997
v 2.362118 9.018534 0.923815
v 2.384406 9.011671 0.922495
v 2.406353 9.004087 0.921036
v 2.427958 8.995781 0.919438
v 2.449228 8.986849 0.917719
v 2.470169 8.977388 0.915899
v 2.490782 8.967398 0.913977
v 2.511067 8.956879 0.911953
v 2.531024 8.945831 0.909828
v 2.550652 8.934256 0.907600
v 2.569952 8.922150 0.905271
v 2.588923 8.909515 0.902841
v 2.607566 8.896353 0.900308
v 2.625881 8.882662 0.897674
v 2.643868 8.868441 0.894938
v 2.661526 8.853691 0.892100
v 2.678849 8.838465 0.889171
v 2.695831 8.822811 0.886159
v 2.712471 8.806734 0.883066
v 2.728770 8.790230 0.879891
v 2.744727 8.773302 0.876633
v 2.760343 8.755947 0.873294
v 2.775617 8.738165 0.869873
v 2.790550 8.719959 0.866371
v 2.805142 8.701328 0.862786
v 2.819392 8.682270 0.859119
v 2.833300 8.662786 0.855371
v 2.846867 8.642878 0.851540
v 2.860080 8.622641 0.847647
v 2.872924 8.602171 0.843708
v 2.885401 8.581469 0.839725
v 2.897511 8.560534 0.835698
v 2.909252 8.539368 0.831626
v 2.920626 8.517969 0.827508
v 2.931632 8.496338 0.823347
v 2.942270 8.474476 0.819140
v 2.952540 8.452381 0.814889
v 2.962443 8.430054 0.810594
v 2.971978 8.407494 0.806253
v 2.981145 8.384701 0.801868
v 2.989945 8.361723 0.797447
v 2.998376 8.338602 0.792999
v 3.006440 8.315340 0.788523
v 3.014137 8.291935 0.784021
v 3.021465 8.268389 0.779490
v 3.028426 8.244701 0.774933
v 3.035019 8.220871 0.770348
v 3.041244 8.196899 0.765736
v 3.047102 8.172787 0.761097
v 3.052592 8.148531 0.756430
v 3.057714 8.124132 0.751736
v 3.062469 8.099594 0.747015
v 3.066849 8.075027 0.742288
v 3.070848 8.050552 0.737579
v 3.074466 8.026169 0.732888
v 3.077703 8.001875 0.728214
v 3.080560 7.977671 0.723557
v 3.083036 7.953556 0.718918
v 3.085130 7.929533 0.714296
v 3.086844 7.905600 0.709691
v 3.088177 7.881758 0.705104
v 3.089130 7.858004 0.700534
v 3.089701 7.834343 0.695981
v 3.089891 7.810770 0.691446
v 3.089629 7.787481 0.686966
v 3.088841 7.764671 0.682577
v 3.087527 7.742338 0.678280
v 3.085689 7.720480 0.674075
v 3.083325 7.699102 0.669962
v 3.080435 7.678200 0.665940
v 3.077020 7.657774 0.662010
v 3.073080 7.637827 0.658173
v 3.068615 7.618357 0.654427
v 3.063624 7.599363 0.650772
v 3.058108 7.580849 0.647210
v 3.052067 7.562809 0.643739
v 3.045533 7.545248 0.640361
v 3.038539 7.528164 0.637074
v 3.031086 7.511557 0.633879
v 3.023173 7.495428 0.630775
v 3.014800 7.479776 0.627764
v 3.005968 7.464600 0.624844
v 2.996676 7.449903 0.622017
v 2.986924 7.435682 0.619281
v 2.976712 7.421938 0.616636
v 2.966042 7.408672 0.614084
v 2.954911 7.395884 0.611624
v 2.943320 7.383572 0.609255
v 2.931284 7.371750 0.606981
v 2.918813 7.360432 0.604803
v 2.905909 7.349617 0.602722
v 2.892572 7.339304 0.600738
v 2.878802 7.329494 0.598851
v 2.864598 7.320189 0.597060
v 2.849960 7.311386 0.595366
v 2.834889 7.303085 0.593770
v 2.819385 7.295288 0.592269
v 2.803448 7.287994 0.590866
v 2.787077 7.281202 0.589559
v 2.770272 7.274916 0.588350
v 2.753080 7.269131 0.587237
v 2.735547 7.263848 0.586221
v 2.717672 7.259069 0.585301
v 2.699456 7.254794 0.584478
v 2.680898 7.251021 0.583753
v 2.661999 7.247751 0.583123
v 2.642758 7.244985 0.582591
v 2.623176 7.242721 0.582156
v 2.603252 7.240960 0.581817
v 2.582987 7.239702 0.581575
v 2.562381 7.238948 0.581430
v 2.541432 7.238697 0.581381
v 2.516071 7.239058 0.581451
v 2.491051 7.240141 0.581659
v 2.466373 7.241947 0.582007
v 2.442037 7.244475 0.582493
v 2.418042 7.247725 0.583118
v 2.394388 7.251698 0.583883
v 2.371076 7.256393 0.584786
v 2.348105 7.261810 0.585828
v 2.325476 7.267950 0.587010
v 2.303188 7.274813 0.588330
v 2.281242 7.282396 0.589789
v 2.259637 7.290703 0.591387
v 2.238367 7.299635 0.593106
v 2.217426 7.309095 0.594926
v 2.196813 7.319086 0.596848
v 2.176528 7.329605 0.598872
v 2.156571 7.340652 0.600997
v 2.136943 7.352228 0.603225
v 2.117643 7.364334 0.605554
v 2.098672 7.376968 0.607984
v 2.080029 7.390131 0.610517
v 2.061714 7.403822 0.613151
v 2.043727 7.418043 0.615887
v 2.026069 7.432793 0.618725
v 2.008746 7.448019 0.621654
v 1.991764 7.463673 0.624666
v 1.975124 7.479750 0.627759
v 1.958825 7.496254 0.630934
v 1.942868 7.513182 0.634192
v 1.927252 7.530537 0.637531
v 1.911977 7.548319 0.640951
v 1.897044 7.566525 0.644454
v 1.882453 7.585155 0.648039
v 1.868203 7.604214 0.651706
v 1.854294 7.623697 0.655454
v 1.840728 7.643606 0.659284
v 1.827515 7.663843 0.663178
v 1.814671 7.684313 0.667116
v 1.802194 7.705015 0.671099
v 1.790084 7.725950 0.675127
v 1.778343 7.747116 0.679200
v 1.766969 7.768515 0.683316
v 1.755963 7.790146 0.687478
v 1.745325 7.812008 0.691685
v 1.735054 7.834105 0.695936
v 1.725152 7.856432 0.700231
v 1.715617 7.878990 0.704572
v 1.706450 7.901781 0.708957
v 1.697650 7.924761 0.713378
v 1.689219 7.947882 0.717826
v 1.681154 7.971144 0.722301
v 1.673458 7.994549 0.726804
v 1.666130 8.018095 0.731335
v 1.659169 8.041782 0.735892
v 1.652576 8.065613 0.740477
v 1.646351 8.089584 0.745089
v 1.640493 8.113697 0.749728
v 1.635003 8.137953 0.754395
v 1.629881 8.162352 0.759089
v 1.625126 8.186890 0.763810
v 1.620746 8.211456 0.768537
v 1.616747 8.235929 0.773245
v 1.613129 8.260315 0.777937
v 1.609891 8.284609 0.782611
v 1.607035 8.308813 0.787268
v 1.604559 8.332928 0.791907
v 1.602464 8.356951 0.796529
v 1.600750 8.380884 0.801134
v 1.599417 8.404726 0.805721
v 1.598465 8.428478 0.810291
v 1.597894 8.452141 0.814844
v 1.597703 8.475714 0.819379
v 1.598721 8.521812 0.828248
v 1.601775 8.566004 0.836750
v 1.606864 8.608284 0.844885
v 1.613989 8.648657 0.852652
v 1.623150 8.687120 0.860053
v 1.634346 8.723675 0.867085
v 1.647578 8.758320 0.873751
v 1.662846 8.791056 0.880049
v 1.680150 8.821884 0.885981
v 1.699489 8.850801 0.891544
v 1.720864 8.877811 0.896741
v 2.596278 9.351469 0.987871
v 2.560568 9.364374 0.990354
v 2.524043 9.376158 0.992621
v 2.486704 9.386818 0.994672
v 2.448551 9.396357 0.996507
v 2.409584 9.404772 0.998126
v 2.369802 9.412067 0.999530
v 2.329206 9.418240 1.000717
v 2.287795 9.423288 1.001688
v 2.245571 9.427216 1.002444
v 2.202533 9.430021 1.002984
v 2.158679 9.431705 1.003308
v 2.114012 9.432266 1.003416
v 2.077415 9.431847 1.003335
v 2.041383 9.430590 1.003093
v 2.005916 9.428493 1.002690
v 1.971013 9.425558 1.002125
v 1.936675 9.421785 1.001399
v 1.902902 9.417175 1.000512
v 1.869694 9.411724 0.999464
v 1.837050 9.405437 0.998254
v 1.804971 9.398310 0.996883
v 1.773457 9.390347 0.995350
v 1.742508 9.381542 0.993657
v 1.712124 9.371901 0.991802
v 1.682382 9.361427 0.989787
v 1.653364 9.350128 0.987613
v 1.625067 9.338003 0.985280
v 1.597493 9.325054 0.982789
v 1.570642 9.311279 0.980138
v 1.544512 9.296679 0.977329
v 1.519105 9.281252 0.974361
v 1.494420 9.264999 0.971234
v 1.470457 9.247921 0.967949
v 1.447217 9.230019 0.964504
v 1.424700 9.211290 0.960901
v 1.402906 9.191734 0.957139
v 1.381879 9.171368 0.953220
v 1.361667 9.150202 0.949148
v 1.342268 9.128235 0.944922
v 1.323684 9.105469 0.940542
v 1.305915 9.081903 0.936008
v 1.288959 9.057539 0.931320
v 1.272818 9.032373 0.926478
v 1.257491 9.006409 0.921483
v 1.242979 8.979645 0.916333
v 1.229281 8.952082 0.911030
v 1.216396 8.923717 0.905573
v 1.204326 8.894554 0.899962
v 1.193149 8.864609 0.894201
v 1.182944 8.833904 0.888293
v 1.173712 8.802439 0.882240
v 1.165450 8.770212 0.876039
v 1.158161 8.737225 0.869693
v 1.151844 8.703476 0.863199
v 1.146498 8.668964 0.856560
v 1.142125 8.633694 0.849774
v 1.138724 8.597662 0.842841
v 1.136294 8.560869 0.835763
v 1.134836 8.523315 0.828537
v 1.134350 8.485001 0.821166
v 1.134567 8.460634 0.816478
v 1.135217 8.435831 0.811706
v 1.136301 8.410589 0.806849
v 1.137817 8.384909 0.801908
v 1.139768 8.358789 0.796883
v 1.142151 8.332230 0.791773
v 1.144968 8.305233 0.786579
v 1.148219 8.277800 0.781301
v 1.151903 8.249926 0.775938
v 1.156021 8.221613 0.770491
v 1.160572 8.192862 0.764959
v 1.165555 8.163673 0.759344
v 1.171025 8.134232 0.753679
v 1.177034 8.104727 0.748003
v 1.183582 8.075157 0.742313
v 1.190667 8.045523 0.736612
v 1.198291 8.015823 0.730898
v 1.206454 7.986061 0.725172
v 1.215154 7.956232 0.719433
v 1.224394 7.926340 0.713682
v 1.234172 7.896383 0.707918
v 1.244488 7.866364 0.702142
v 1.255343 7.836277 0.696354
v 1.266736 7.806128 0.690553
v 1.278688 7.776009 0.684758
v 1.291217 7.746019 0.678989
v 1.304325 7.716160 0.673244
v 1.318009 7.686428 0.667523
v 1.332273 7.656826 0.661828
v 1.347113 7.627354 0.656158
v 1.362532 7.598009 0.650512
v 1.378529 7.568794 0.644891
v 1.395104 7.539709 0.639295
v 1.412256 7.510752 0.633724
v 1.429986 7.481924 0.628177
v 1.448296 7.453224 0.622656
v 1.467227 7.424860 0.617199
v 1.486830 7.397038 0.611846
v 1.507101 7.369759 0.606597
v 1.528043 7.343019 0.601453
v 1.549654 7.316822 0.596413
v 1.571935 7.291166 0.591477
v 1.594886 7.266054 0.586645
v 1.618507 7.241483 0.581917
v 1.642798 7.217453 0.577294
v 1.667758 7.193965 0.572775
v 1.693388 7.171019 0.568360
v 1.719688 7.148614 0.564050
v 1.746685 7.126841 0.559861
v 1.774403 7.105790 0.555811
v 1.802844 7.085463 0.551900
v 1.832007 7.065857 0.548128
v 1.861893 7.046973 0.544495
v 1.892501 7.028812 0.541000
v 1.923831 7.011374 0.537645
v 1.955883 6.994657 0.534429
v 1.988658 6.978662 0.531352
v 2.022155 6.963391 0.528414
v 2.056375 6.948841 0.525614
v 2.091317 6.935015 0.522954
v 2.127027 6.922110 0.520471
v 2.163552 6.910327 0.518204
v 2.200891 6.899666 0.516153
v 2.239044 6.890127 0.514318
v 2.278011 6.881711 0.512699
v 2.317793 6.874417 0.511295
v 2.358389 6.868245 0.510108
v 2.399799 6.863195 0.509136
v 2.442024 6.859268 0.508381
v 2.485063 6.856462 0.507841
v 2.528916 6.854779 0.507517
v 2.573583 6.854218 0.507409
v 2.610180 6.854637 0.507490
v 2.646212 6.855895 0.507732
v 2.681679 6.857991 0.508135
v 2.716582 6.860926 0.508700
v 2.750920 6.864698 0.509425
v 2.784693 6.869309 0.510313
v 2.817901 6.874759 0.511361
v 2.850544 6.881047 0.512571
v 2.882623 6.888173 0.513942
v 2.914138 6.896138 0.515474
v 2.945087 6.904942 0.517168
v 2.975471 6.914583 0.519023
v 3.005213 6.925056 0.521038
v 3.034231 6.936356 0.523212
v 3.062528 6.948481 0.525545
v 3.090102 6.961431 0.528036
v 3.116953 6.975206 0.530687
v 3.143083 6.989807 0.533496
v 3.168490 7.005234 0.536464
v 3.193174 7.021486 0.539591
v 3.217136 7.038564 0.542876
v 3.240376 7.056467 0.546321
v 3.262894 7.075195 0.549924
v 3.284689 7.094749 0.553686
v 3.305716 7.115116 0.557605
v 3.325928 7.136283 0.561677
v 3.345327 7.158249 0.565903
v 3.363911 7.181014 0.570283
v 3.381681 7.204580 0.574817
v 3.398636 7.228946 0.579505
v 3.414777 7.254110 0.584347
v 3.430104 7.280075 0.589342
v 3.444617 7.306839 0.594492
v 3.458316 7.334402 0.599795
v 3.471200 7.362766 0.605252
v 3.483269 7.391930 0.610863
v 3.494446 7.421875 0.616624
v 3.504651 7.452579 0.622532
v 3.513884 7.484045 0.628585
v 3.522145 7.516272 0.634786
v 3.529434 7.549259 0.641133
v 3.535751 7.583008 0.647626
v 3.541096 7.617519 0.654265
v 3.545470 7.652790 0.661051
v 3.548872 7.688822 0.667984
v 3.551302 7.725615 0.675062
v 3.552759 7.763168 0.682288
v 3.553245 7.801483 0.689659
v 3.553029 7.825850 0.694347
v 3.552378 7.850653 0.699119
v 3.551295 7.875895 0.703976
v 3.549778 7.901575 0.708917
v 3.547828 7.927694 0.713942
v 3.545444 7.954252 0.719052
v 3.542627 7.981249 0.724246
v 3.539376 8.008684 0.729524
v 3.535692 8.036558 0.734887
v 3.531575 8.064871 0.740334
v 3.527024 8.093622 0.745866
v 3.522040 8.122810 0.751481
v 3.516570 8.152252 0.757146
v 3.510561 8.181757 0.762823
v 3.504014 8.211327 0.768512
v 3.496928 8.240961 0.774213
v 3.489304 8.270660 0.779927
v 3.481142 8.300423 0.785653
v 3.472441 8.330250 0.791392
v 3.463201 8.360144 0.797143
v 3.453423 8.390100 0.802907
v 3.443107 8.420120 0.808683
v 3.432252 8.450207 0.814471
v 3.420859 8.480356 0.820272
v 3.408907 8.510475 0.826067
v 3.396377 8.540464 0.831836
v 3.383270 8.570324 0.837581
v 3.369585 8.600056 0.843302
v 3.355322 8.629658 0.848997
v 3.340481 8.659130 0.854667
v 3.325062 8.688475 0.860313
v 3.309065 8.717690 0.865934
v 3.292490 8.746777 0.871530
v 3.275337 8.775732 0.877101
v 3.257607 8.804562 0.882648
v 3.239300 8.833260 0.888169
v 3.220367 8.861624 0.893626
v 3.200765 8.889446 0.898979
v 3.180494 8.916725 0.904228
v 3.159552 8.943464 0.909372
v 3.137941 8.969662 0.914412
v 3.115660 8.995317 0.919348
v 3.092709 9.020430 0.924180
v 3.069088 9.045002 0.928908
v 3.044797 9.069031 0.933531
v 3.019837 9.092520 0.938050
v 2.994206 9.115465 0.942465
v 2.967907 9.137871 0.946775
v 2.940910 9.159643 0.950964
v 2.913192 9.180693 0.955014
v 2.884751 9.201021 0.958925
v 2.855588 9.220627 0.962697
v 2.825702 9.239511 0.966330
v 2.795094 9.257671 0.969824
v 2.763764 9.275110 0.973180
v 2.731712 9.291826 0.976396
v 2.698937 9.307821 0.979473
v 2.665439 9.323093 0.982411
v 2.631220 9.337643 0.985211
v 5.262926 8.362413 0.797580
v 4.928176 8.362413 0.797580
v 4.909526 8.362484 0.797594
v 4.891402 8.362698 0.797635
v 4.873803 8.363052 0.797703
v 4.856730 8.363548 0.797798
v 4.840181 8.364187 0.797921
v 4.824159 8.364967 0.798071
v 4.808661 8.365889 0.798249
v 4.793689 8.366953 0.798453
v 4.779242 8.368160 0.798686
v 4.765320 8.369507 0.798945
v 4.751924 8.370996 0.799231
v 4.739053 8.372629 0.799545
v 4.726589 8.374414 0.799889
v 4.714414 8.376369 0.800265
v 4.702528 8.378490 0.800673
v 4.690931 8.380781 0.801114
v 4.679623 8.383238 0.801587
v 4.668604 8.385862 0.802092
v 4.657874 8.388655 0.802629
v 4.647432 8.391615 0.803198
v 4.637281 8.394743 0.803800
v 4.627417 8.398039 0.804434
v 4.617843 8.401503 0.805101
v 4.608557 8.405132 0.805799
v 4.589395 8.413157 0.807343
v 4.570995 8.421745 0.808995
v 4.553356 8.430904 0.810757
v 4.536479 8.440630 0.812629
v 4.520365 8.450922 0.814609
v 4.505012 8.461782 0.816698
v 4.490420 8.473211 0.818897
v 4.476590 8.485207 0.821205
v 4.463522 8.497770 0.823622
v 4.451216 8.510900 0.826148
v 4.439672 8.524599 0.828784
v 4.428889 8.538864 0.831529
v 4.418921 8.553659 0.834375
v 4.409819 8.568943 0.837316
v 4.401584 8.584719 0.840351
v 4.394216 8.600985 0.843480
v 4.387715 8.617739 0.846704
v 4.382081 8.634985 0.850022
v 4.377313 8.652719 0.853434
v 4.373413 8.670946 0.856940
v 4.370378 8.689661 0.860541
v 4.368212 8.708866 0.864236
v 4.366912 8.728563 0.868026
v 4.366478 8.748749 0.871909
v 4.366741 8.760435 0.874158
v 4.367529 8.771967 0.876376
v 4.368842 8.783342 0.878565
v 4.370681 8.794565 0.880724
v 4.373045 8.805632 0.882853
v 4.375935 8.816544 0.884953
v 4.379350 8.827301 0.887023
v 4.383289 8.837904 0.889062
v 4.387755 8.848351 0.891073
v 4.392745 8.858644 0.893053
v 4.398262 8.868782 0.895003
v 4.404303 8.878765 0.896924
v 4.410975 8.888491 0.898795
v 4.418382 8.897856 0.900597
v 4.426525 8.906858 0.902329
v 4.435403 8.915501 0.903992
v 4.445017 8.923780 0.905585
v 4.455366 8.931702 0.907109
v 4.466451 8.939259 0.908563
v 4.478271 8.946457 0.909948
v 4.490827 8.953293 0.911263
v 4.504118 8.959768 0.912509
v 4.518145 8.965881 0.913685
v 4.532907 8.971634 0.914792
v 4.540630 8.974369 0.915318
v 4.548667 8.977001 0.915824
v 4.557020 8.979528 0.916311
v 4.565689 8.981955 0.916777
v 4.574672 8.984276 0.917224
v 4.583971 8.986494 0.917651
v 4.593585 8.988609 0.918058
v 4.603513 8.990622 0.918445
v 4.613758 8.992531 0.918812
v 4.624317 8.994337 0.919160
v 4.635192 8.996038 0.919487
v 4.646382 8.997639 0.919795
v 4.657887 8.999121 0.920080
v 4.669707 9.000475 0.920341
v 4.681842 9.001701 0.920577
v 4.694293 9.002798 0.920787
v 4.707059 9.003765 0.920974
v 4.720140 9.004602 0.921135
v 4.733536 9.005312 0.921271
v 4.747248 9.005894 0.921383
v 4.761275 9.006344 0.921470
v 4.775617 9.006666 0.921532
v 4.790274 9.006861 0.921569
v 4.805246 9.006926 0.921582
v 5.126757 9.006926 0.921582
v 4.892242 7.981649 0.724322
v 5.342358 7.981649 0.724322
v 5.491766 7.281416 0.589600
v 5.251578 7.281416 0.589600
v 5.199385 7.281855 0.589685
v 5.149346 7.283171 0.589938
v 5.101461 7.285362 0.590360
v 5.055730 7.288433 0.590950
v 5.012153 7.292379 0.591710
v 4.970729 7.297203 0.592638
v 4.931459 7.302904 0.593735
v 4.894344 7.309483 0.595000
v 4.859383 7.316938 0.596435
v 4.826575 7.325272 0.598038
v 4.795921 7.334480 0.599810
v 4.767421 7.344566 0.601750
v 4.740944 7.355085 0.603774
v 4.715727 7.366211 0.605914
v 4.691772 7.377941 0.608172
v 4.669076 7.390280 0.610545
v 4.647643 7.403223 0.613036
v 4.627470 7.416773 0.615642
v 4.608557 7.430929 0.618366
v 4.590905 7.445692 0.621206
v 4.574515 7.461060 0.624163
v 4.559384 7.477034 0.627237
v 4.545516 7.493616 0.630427
v 4.532907 7.510803 0.633733
v 4.521428 7.528389 0.637117
v 4.510948 7.546171 0.640538
v 4.501465 7.564144 0.643996
v 4.492981 7.582312 0.647492
v 4.485495 7.600674 0.651024
v 4.479007 7.619228 0.654594
v 4.473517 7.637976 0.658201
v 4.469026 7.656918 0.661845
v 4.465532 7.676052 0.665527
v 4.463037 7.695381 0.669245
v 4.461539 7.714903 0.673001
v 4.461040 7.734617 0.676795
v 4.461329 7.747471 0.679268
v 4.462196 7.760027 0.681683
v 4.463641 7.772287 0.684042
v 4.465663 7.784250 0.686344
v 4.468264 7.795918 0.688588
v 4.471442 7.807287 0.690776
v 4.475198 7.818361 0.692906
v 4.479532 7.829138 0.694980
v 4.484445 7.839617 0.696996
v 4.489934 7.849800 0.698955
v 4.496002 7.859688 0.700858
v 4.502647 7.869278 0.702703
v 4.509950 7.878532 0.704483
v 4.517988 7.887413 0.706192
v 4.526761 7.895920 0.707828
v 4.536269 7.904053 0.709393
v 4.546514 7.911810 0.710886
v 4.557493 7.919195 0.712307
v 4.569209 7.926205 0.713655
v 4.581659 7.932842 0.714932
v 4.594845 7.939104 0.716137
v 4.608767 7.944992 0.717270
v 4.623424 7.950506 0.718331
v 4.638817 7.955647 0.719320
v 4.646178 7.958057 0.719784
v 4.653762 7.960340 0.720223
v 4.661571 7.962496 0.720637
v 4.669602 7.964520 0.721027
v 4.677856 7.966417 0.721392
v 4.686334 7.968184 0.721732
v 4.695035 7.969822 0.722047
v 4.703959 7.971331 0.722337
v 4.713107 7.972712 0.722603
v 4.722477 7.973963 0.722843
v 4.732071 7.975084 0.723059
v 4.741889 7.976078 0.723250
v 4.752035 7.976967 0.723422
v 4.762614 7.977779 0.723578
v 4.773626 7.978516 0.723719
v 4.785072 7.979174 0.723846
v 4.796952 7.979753 0.723958
v 4.809265 7.980257 0.724055
v 4.822011 7.980682 0.724136
v 4.835190 7.981030 0.724203
v 4.848804 7.981302 0.724256
v 4.862850 7.981495 0.724293
v 4.877330 7.981611 0.724315
v 4.010925 9.109081 0.941236
v 3.993707 9.085258 0.936653
v 3.977986 9.060841 0.931955
v 3.963763 9.035831 0.927143
v 3.951036 9.010227 0.922217
v 3.939807 8.984030 0.917177
v 3.930075 8.957241 0.912023
v 3.921840 8.929857 0.906754
v 3.915102 8.901880 0.901371
v 3.909862 8.873310 0.895875
v 3.906119 8.844147 0.890264
v 3.903873 8.814390 0.884539
v 3.903125 8.784039 0.878699
v 3.903932 8.747711 0.871710
v 3.906356 8.712400 0.864916
v 3.910394 8.678110 0.858319
v 3.916048 8.644838 0.851918
v 3.923318 8.612585 0.845712
v 3.932203 8.581352 0.839703
v 3.942703 8.551138 0.833890
v 3.954818 8.521942 0.828273
v 3.968550 8.493765 0.822852
v 3.983896 8.466606 0.817627
v 4.000858 8.440468 0.812598
v 4.019435 8.415348 0.807765
v 4.039510 8.391144 0.803108
v 4.060964 8.367754 0.798607
v 4.083797 8.345175 0.794263
v 4.108009 8.323408 0.790076
v 4.133599 8.302454 0.786044
v 4.160569 8.282314 0.782169
v 4.188919 8.262985 0.778450
v 4.218646 8.244469 0.774888
v 4.249753 8.226767 0.771482
v 4.282239 8.209875 0.768232
v 4.316104 8.193798 0.765139
v 4.351348 8.178532 0.762202
v 4.351348 8.171103 0.760773
v 4.337296 8.167240 0.760029
v 4.323505 8.163080 0.759229
v 4.309978 8.158623 0.758372
v 4.296712 8.153870 0.757457
v 4.283710 8.148821 0.756486
v 4.270970 8.143475 0.755457
v 4.258493 8.137831 0.754371
v 4.246279 8.131891 0.753228
v 4.234327 8.125654 0.752029
v 4.222639 8.119122 0.750772
v 4.211212 8.112291 0.749458
v 4.200049 8.105165 0.748087
v 4.189161 8.097788 0.746667
v 4.178563 8.090204 0.745208
v 4.168252 8.082413 0.743709
v 4.158231 8.074415 0.742170
v 4.148499 8.066212 0.740592
v 4.139056 8.057802 0.738974
v 4.129902 8.049187 0.737316
v 4.121037 8.040363 0.735619
v 4.112461 8.031334 0.733882
v 4.104173 8.022099 0.732105
v 4.096175 8.012657 0.730288
v 4.088466 8.003010 0.728432
v 4.081059 7.993162 0.726537
v 4.073967 7.983120 0.724605
v 4.067190 7.972885 0.722636
v 4.060728 7.962456 0.720630
v 4.054582 7.951834 0.718586
v 4.048750 7.941019 0.716505
v 4.043234 7.930010 0.714387
v 4.038033 7.918808 0.712232
v 4.033147 7.907412 0.710040
v 4.028577 7.895823 0.707810
v 4.024322 7.884041 0.705543
v 4.020381 7.872065 0.703239
v 4.016756 7.859953 0.700908
v 4.013447 7.847763 0.698563
v 4.010452 7.835497 0.696203
v 4.007773 7.823153 0.693828
v 4.005409 7.810732 0.691439
v 4.003360 7.798233 0.689034
v 4.001626 7.785656 0.686614
v 4.000207 7.773003 0.684180
v 3.999105 7.760273 0.681731
v 3.998317 7.747465 0.679266
v 3.997844 7.734579 0.676787
v 3.997687 7.721617 0.674293
v 3.998757 7.680529 0.666388
v 4.001968 7.640226 0.658634
v 4.007320 7.600712 0.651032
v 4.014812 7.561983 0.643580
v 4.024446 7.524044 0.636281
v 4.036221 7.486889 0.629133
v 4.050136 7.450521 0.622136
v 4.066192 7.414942 0.615290
v 4.084388 7.380148 0.608596
v 4.104726 7.346140 0.602053
v 4.127203 7.312920 0.595662
v 4.151823 7.280487 0.589422
v 4.178569 7.249086 0.583380
v 4.207430 7.218962 0.577584
v 4.238406 7.190114 0.572034
v 4.271496 7.162544 0.566730
v 4.306701 7.136250 0.561671
v 4.344019 7.111234 0.556858
v 4.383453 7.087494 0.552290
v 4.425002 7.065031 0.547969
v 4.468664 7.043845 0.543893
v 4.514441 7.023936 0.540062
v 4.562333 7.005304 0.536478
v 4.612339 6.987949 0.533138
v 4.635290 6.980971 0.531796
v 4.658753 6.974277 0.530508
v 4.682729 6.967867 0.529275
v 4.707216 6.961740 0.528096
v 4.732216 6.955897 0.526972
v 4.757729 6.950337 0.525902
v 4.783752 6.945063 0.524887
v 4.810289 6.940070 0.523927
v 4.837337 6.935363 0.523021
v 4.864899 6.930939 0.522170
v 4.892972 6.926798 0.521373
v 4.921557 6.922941 0.520631
v 4.950720 6.919381 0.519946
v 4.980527 6.916131 0.519321
v 5.010977 6.913190 0.518755
v 5.042071 6.910559 0.518249
v 5.073808 6.908237 0.517802
v 5.106189 6.906225 0.517415
v 5.139214 6.904522 0.517087
v 5.172882 6.903130 0.516819
v 5.207193 6.902046 0.516611
v 5.242148 6.901272 0.516462
v 5.277747 6.900807 0.516373
v 5.313990 6.900653 0.516343
v 6.032660 6.900653 0.516343
v 5.508787 9.385832 0.994482
v 4.803355 9.385832 0.994482
v 4.778368 9.385715 0.994459
v 4.753840 9.385366 0.994392
v 4.729774 9.384787 0.994281
v 4.706166 9.383974 0.994124
v 4.683018 9.382929 0.993923
v 4.660330 9.381653 0.993678
v 4.638101 9.380142 0.993387
v 4.616332 9.378401 0.993052
v 4.595023 9.376429 0.992673
v 4.574173 9.374222 0.992248
v 4.553783 9.371784 0.991779
v 4.533853 9.369114 0.991266
v 4.514330 9.366226 0.990710
v 4.495161 9.363131 0.990114
v 4.476347 9.359827 0.989479
v 4.457888 9.356319 0.988804
v 4.439784 9.352604 0.988089
v 4.422033 9.348684 0.987335
v 4.404638 9.344555 0.986540
v 4.387597 9.340221 0.985707
v 4.370911 9.335682 0.984833
v 4.354579 9.330935 0.983920
v 4.338602 9.325981 0.982967
v 4.322980 9.320824 0.981974
v 4.289607 9.308569 0.979617
v 4.257575 9.295336 0.977071
v 4.226881 9.281120 0.974336
v 4.197528 9.265926 0.971413
v 4.169513 9.249752 0.968301
v 4.142839 9.232597 0.965000
v 4.117505 9.214462 0.961511
v 4.093510 9.195345 0.957833
v 4.070854 9.175249 0.953967
v 4.049538 9.154173 0.949912
v 4.029562 9.132116 0.945668
v 5.262926 8.362413 0.797580
v 5.262926 8.561098 -0.235107
v 4.928176 8.362413 0.797580
v 4.928176 8.561098 -0.235107
v 4.909526 8.362484 0.797594
v 4.909526 8.561169 -0.235093
v 4.891402 8.362698 0.797635
v 4.891402 8.561382 -0.235052
v 4.873803 8.363052 0.797703
v 4.873803 8.561737 -0.234984
v 4.856730 8.363548 0.797798
v 4.856730 8.562233 -0.234888
v 4.840181 8.364187 0.797921
v 4.840181 8.562872 -0.234765
v 4.824159 8.364967 0.798071
v 4.824159 8.563652 -0.234615
v 4.808661 8.365889 0.798249
v 4.808661 8.564575 -0.234438
v 4.793689 8.366953 0.798453
v 4.793689 8.565638 -0.234233
v 4.779242 8.368160 0.798686
v 4.779242 8.566845 -0.234001
v 4.765320 8.369507 0.798945
v 4.765320 8.568192 -0.233742
v 4.751924 8.370996 0.799231
v 4.751924 8.569681 -0.233455
v 4.739053 8.372629 0.799545
v 4.739053 8.571314 -0.233141
v 4.726589 8.374414 0.799889
v 4.726589 8.573099 -0.232797
v 4.714414 8.376369 0.800265
v 4.714414 8.575054 -0.232421
v 4.702528 8.378490 0.800673
v 4.702528 8.577175 -0.232013
v 4.690931 8.380781 0.801114
v 4.690931 8.579466 -0.231573
v 4.679623 8.383238 0.801587
v 4.679623 8.581923 -0.231100
v 4.668604 8.385862 0.802092
v 4.668604 8.584547 -0.230595
v 4.657874 8.388655 0.802629
v 4.657874 8.587339 -0.230058
v 4.647432 8.391615 0.803198
v 4.647432 8.590300 -0.229488
v 4.637281 8.394743 0.803800
v 4.637281 8.593428 -0.228886
v 4.627417 8.398039 0.804434
v 4.627417 8.596724 -0.228252
v 4.617843 8.401503 0.805101
v 4.617843 8.600187 -0.227586
v 4.608557 8.405132 0.805799
v 4.608557 8.603817 -0.226887
v 4.589395 8.413157 0.807343
v 4.589395 8.611841 -0.225344
v 4.570995 8.421745 0.808995
v 4.570995 8.620432 -0.223691
v 4.553356 8.430904 0.810757
v 4.553356 8.629589 -0.221929
v 4.536479 8.440630 0.812629
v 4.536479 8.639315 -0.220058
v 4.520365 8.450922 0.814609
v 4.520365 8.649607 -0.218078
v 4.505012 8.461782 0.816698
v 4.505012 8.660467 -0.215988
v 4.490420 8.473211 0.818897
v 4.490420 8.671896 -0.213789
v 4.476590 8.485207 0.821205
v 4.476590 8.683891 -0.211482
v 4.463522 8.497770 0.823622
v 4.463522 8.696455 -0.209064
v 4.451216 8.510900 0.826148
v 4.451216 8.709585 -0.206538
v 4.439672 8.524599 0.828784
v 4.439672 8.723284 -0.203903
v 4.428889 8.538864 0.831529
v 4.428889 8.737549 -0.201158
v 4.418921 8.553659 0.834375
v 4.418921 8.752344 -0.198312
v 4.409819 8.568943 0.837316
v 4.409819 8.767630 -0.195371
v 4.401584 8.584719 0.840351
v 4.401584 8.783403 -0.192336
v 4.394216 8.600985 0.843480
v 4.394216 8.799669 -0.189206
v 4.387715 8.617739 0.846704
v 4.387715 8.816423 -0.185983
v 4.382081 8.634985 0.850022
v 4.382081 8.833670 -0.182665
v 4.377313 8.652719 0.853434
v 4.377313 8.851404 -0.179253
v 4.373413 8.670946 0.856940
v 4.373413 8.869631 -0.175746
v 4.370378 8.689661 0.860541
v 4.370378 8.888346 -0.172145
v 4.368212 8.708866 0.864236
v 4.368212 8.907553 -0.168450
v 4.366912 8.728563 0.868026
v 4.366912 8.927248 -0.164661
v 4.366478 8.748749 0.871909
v 4.366478 8.947433 -0.160777
v 4.366741 8.760435 0.874158
v 4.366741 8.959120 -0.158529
v 4.367529 8.771967 0.876376
v 4.367529 8.970652 -0.156310
v 4.368842 8.783342 0.878565
v 4.368842 8.982027 -0.154121
v 4.370681 8.794565 0.880724
v 4.370681 8.993250 -0.151962
v 4.373045 8.805632 0.882853
v 4.373045 9.004316 -0.149833
v 4.375935 8.816544 0.884953
v 4.375935 9.015228 -0.147734
v 4.379350 8.827301 0.887023
v 4.379350 9.025986 -0.145664
v 4.383289 8.837904 0.889062
v 4.383289 9.036589 -0.143624
v 4.387755 8.848351 0.891073
v 4.387755 9.047035 -0.141614
v 4.392745 8.858644 0.893053
v 4.392745 9.057329 -0.139634
v 4.398262 8.868782 0.895003
v 4.398262 9.067467 -0.137683
v 4.404303 8.878765 0.896924
v 4.404303 9.077450 -0.135762
v 4.410975 8.888491 0.898795
v 4.410975 9.087175 -0.133891
v 4.418382 8.897856 0.900597
v 4.418382 9.096540 -0.132090
v 4.426525 8.906858 0.902329
v 4.426525 9.105543 -0.130357
v 4.435403 8.915501 0.903992
v 4.435403 9.114185 -0.128695
v 4.445017 8.923780 0.905585
v 4.445017 9.122467 -0.127101
v 4.455366 8.931702 0.907109
v 4.455366 9.130386 -0.125578
v 4.466451 8.939259 0.908563
v 4.466451 9.137945 -0.124124
v 4.478271 8.946457 0.909948
v 4.478271 9.145142 -0.122739
v 4.490827 8.953293 0.911263
v 4.490827 9.151978 -0.121424
v 4.504118 8.959768 0.912509
v 4.504118 9.158453 -0.120178
v 4.518145 8.965881 0.913685
v 4.518145 9.164566 -0.119002
v 4.532907 8.971634 0.914792
v 4.532907 9.170321 -0.117895
v 4.540630 8.974369 0.915318
v 4.540630 9.173054 -0.117369
v 4.548667 8.977001 0.915824
v 4.548667 9.175686 -0.116862
v 4.557020 8.979528 0.916311
v 4.557020 9.178213 -0.116376
v 4.565689 8.981955 0.916777
v 4.565689 9.180639 -0.115909
v 4.574672 8.984276 0.917224
v 4.574672 9.182961 -0.115463
v 4.583971 8.986494 0.917651
v 4.583971 9.185179 -0.115036
v 4.593585 8.988609 0.918058
v 4.593585 9.187294 -0.114629
v 4.603513 8.990622 0.918445
v 4.603513 9.189306 -0.114242
v 4.613758 8.992531 0.918812
v 4.613758 9.191216 -0.113874
v 4.624317 8.994337 0.919160
v 4.624317 9.193022 -0.113527
v 4.635192 8.996038 0.919487
v 4.635192 9.194725 -0.113199
v 4.646382 8.997639 0.919795
v 4.646382 9.196323 -0.112892
v 4.657887 8.999121 0.920080
v 4.657887 9.197807 -0.112606
v 4.669707 9.000475 0.920341
v 4.669707 9.199162 -0.112346
v 4.681842 9.001701 0.920577
v 4.681842 9.200386 -0.112110
v 4.694293 9.002798 0.920787
v 4.694293 9.201483 -0.111899
v 4.707059 9.003765 0.920974
v 4.707059 9.202450 -0.111713
v 4.720140 9.004602 0.921135
v 4.720140 9.203289 -0.111552
v 4.733536 9.005312 0.921271
v 4.733536 9.203997 -0.111415
v 4.747248 9.005894 0.921383
v 4.747248 9.204578 -0.111304
v 4.761275 9.006344 0.921470
v 4.761275 9.205029 -0.111217
v 4.775617 9.006666 0.921532
v 4.775617 9.205351 -0.111155
v 4.790274 9.006861 0.921569
v 4.790274 9.205545 -0.111117
v 4.805246 9.006926 0.921582
v 4.805246 9.205610 -0.111105
v 5.126757 9.006926 0.921582
v 5.126757 9.205610 -0.111105
v 4.892242 7.981649 0.724322
v 4.892242 8.180334 -0.308364
v 5.342358 7.981649 0.724322
v 5.342358 8.180334 -0.308364
v 5.491766 7.281416 0.589600
v 5.491766 7.480101 -0.443086
v 5.251578 7.281416 0.589600
v 5.251578 7.480101 -0.443086
v 5.199385 7.281855 0.589685
v 5.199385 7.480539 -0.443002
v 5.149346 7.283171 0.589938
v 5.149346 7.481855 -0.442749
v 5.101461 7.285362 0.590360
v 5.101461 7.484047 -0.442327
v 5.055730 7.288433 0.590950
v 5.055730 7.487118 -0.441736
v 5.012153 7.292379 0.591710
v 5.012153 7.491064 -0.440977
v 4.970729 7.297203 0.592638
v 4.970729 7.495888 -0.440049
v 4.931459 7.302904 0.593735
v 4.931459 7.501589 -0.438952
v 4.894344 7.309483 0.595000
v 4.894344 7.508167 -0.437686
v 4.859383 7.316938 0.596435
v 4.859383 7.515623 -0.436252
v 4.826575 7.325272 0.598038
v 4.826575 7.523956 -0.434649
v 4.795921 7.334480 0.599810
v 4.795921 7.533165 -0.432877
v 4.767421 7.344566 0.601750
v 4.767421 7.543251 -0.430936
v 4.740944 7.355085 0.603774
v 4.740944 7.553770 -0.428912
v 4.715727 7.366211 0.605914
v 4.715727 7.564896 -0.426772
v 4.691772 7.377941 0.608172
v 4.691772 7.576626 -0.424515
v 4.669076 7.390280 0.610545
v 4.669076 7.588964 -0.422141
v 4.647643 7.403223 0.613036
v 4.647643 7.601908 -0.419651
v 4.627470 7.416773 0.615642
v 4.627470 7.615458 -0.417044
v 4.608557 7.430929 0.618366
v 4.608557 7.629614 -0.414321
v 4.590905 7.445692 0.621206
v 4.590905 7.644377 -0.411480
v 4.574515 7.461060 0.624163
v 4.574515 7.659744 -0.408523
v 4.559384 7.477034 0.627237
v 4.559384 7.675720 -0.405450
v 4.545516 7.493616 0.630427
v 4.545516 7.692301 -0.402260
v 4.532907 7.510803 0.633733
v 4.532907 7.709488 -0.398953
v 4.521428 7.528389 0.637117
v 4.521428 7.727076 -0.395569
v 4.510948 7.546171 0.640538
v 4.510948 7.744856 -0.392149
v 4.501465 7.564144 0.643996
v 4.501465 7.762829 -0.388690
v 4.492981 7.582312 0.647492
v 4.492981 7.780996 -0.385195
v 4.485495 7.600674 0.651024
v 4.485495 7.799358 -0.381662
v 4.479007 7.619228 0.654594
v 4.479007 7.817913 -0.378093
v 4.473517 7.637976 0.658201
v 4.473517 7.836660 -0.374486
v 4.469026 7.656918 0.661845
v 4.469026 7.855602 -0.370841
v 4.465532 7.676052 0.665527
v 4.465532 7.874737 -0.367160
v 4.463037 7.695381 0.669245
v 4.463037 7.894066 -0.363441
v 4.461539 7.714903 0.673001
v 4.461539 7.913588 -0.359685
v 4.461040 7.734617 0.676795
v 4.461040 7.933302 -0.355892
v 4.461329 7.747471 0.679268
v 4.461329 7.946156 -0.353419
v 4.462196 7.760027 0.681683
v 4.462196 7.958712 -0.351003
v 4.463641 7.772287 0.684042
v 4.463641 7.970972 -0.348644
v 4.465663 7.784250 0.686344
v 4.465663 7.982935 -0.346343
v 4.468264 7.795918 0.688588
v 4.468264 7.994602 -0.344098
v 4.471442 7.807287 0.690776
v 4.471442 8.005972 -0.341911
v 4.475198 7.818361 0.692906
v 4.475198 8.017046 -0.339780
v 4.479532 7.829138 0.694980
v 4.479532 8.027822 -0.337707
v 4.484445 7.839617 0.696996
v 4.484445 8.038303 -0.335690
v 4.489934 7.849800 0.698955
v 4.489934 8.048487 -0.333731
v 4.496002 7.859688 0.700858
v 4.496002 8.058372 -0.331829
v 4.502647 7.869278 0.702703
v 4.502647 8.067963 -0.329984
v 4.509950 7.878532 0.704483
v 4.509950 8.077217 -0.328203
v 4.517988 7.887413 0.706192
v 4.517988 8.086098 -0.326495
v 4.526761 7.895920 0.707828
v 4.526761 8.094604 -0.324858
v 4.536269 7.904053 0.709393
v 4.536269 8.102737 -0.323293
v 4.546514 7.911810 0.710886
v 4.546514 8.110495 -0.321801
v 4.557493 7.919195 0.712307
v 4.557493 8.117880 -0.320380
v 4.569209 7.926205 0.713655
v 4.569209 8.124889 -0.319031
v 4.581659 7.932842 0.714932
v 4.581659 8.131527 -0.317754
v 4.594845 7.939104 0.716137
v 4.594845 8.137789 -0.316550
v 4.608767 7.944992 0.717270
v 4.608767 8.143677 -0.315417
v 4.623424 7.950506 0.718331
v 4.623424 8.149191 -0.314356
v 4.638817 7.955647 0.719320
v 4.638817 8.154331 -0.313367
v 4.646178 7.958057 0.719784
v 4.646178 8.156742 -0.312903
v 4.653762 7.960340 0.720223
v 4.653762 8.159025 -0.312464
v 4.661571 7.962496 0.720637
v 4.661571 8.161180 -0.312049
v 4.669602 7.964520 0.721027
v 4.669602 8.163206 -0.311660
v 4.677856 7.966417 0.721392
v 4.677856 8.165102 -0.311295
v 4.686334 7.968184 0.721732
v 4.686334 8.166868 -0.310955
v 4.695035 7.969822 0.722047
v 4.695035 8.168507 -0.310640
v 4.703959 7.971331 0.722337
v 4.703959 8.170015 -0.310349
v 4.713107 7.972712 0.722603
v 4.713107 8.171396 -0.310084
v 4.722477 7.973963 0.722843
v 4.722477 8.172647 -0.309843
v 4.732071 7.975084 0.723059
v 4.732071 8.173769 -0.309627
v 4.741889 7.976078 0.723250
v 4.741889 8.174763 -0.309436
v 4.752035 7.976967 0.723422
v 4.752035 8.175652 -0.309265
v 4.762614 7.977779 0.723578
v 4.762614 8.176464 -0.309109
v 4.773626 7.978516 0.723719
v 4.773626 8.177200 -0.308967
v 4.785072 7.979174 0.723846
v 4.785072 8.177858 -0.308841
v 4.796952 7.979753 0.723958
v 4.796952 8.178438 -0.308729
v 4.809265 7.980257 0.724055
v 4.809265 8.178942 -0.308632
v 4.822011 7.980682 0.724136
v 4.822011 8.179367 -0.308550
v 4.835190 7.981030 0.724203
v 4.835190 8.179716 -0.308483
v 4.848804 7.981302 0.724256
v 4.848804 8.179987 -0.308431
v 4.862850 7.981495 0.724293
v 4.862850 8.180180 -0.308394
v 4.877330 7.981611 0.724315
v 4.877330 8.180296 -0.308372
v 4.010925 9.109081 0.941236
v 4.010925 9.307766 -0.091450
v 3.993707 9.085258 0.936653
v 3.993707 9.283943 -0.096034
v 3.977986 9.060841 0.931955
v 3.977986 9.259525 -0.100732
v 3.963763 9.035831 0.927143
v 3.963763 9.234516 -0.105544
v 3.951036 9.010227 0.922217
v 3.951036 9.208912 -0.110470
v 3.939807 8.984030 0.917177
v 3.939807 9.182714 -0.115510
v 3.930075 8.957241 0.912023
v 3.930075 9.155926 -0.120664
v 3.921840 8.929857 0.906754
v 3.921840 9.128542 -0.125933
v 3.915102 8.901880 0.901371
v 3.915102 9.100565 -0.131315
v 3.909862 8.873310 0.895875
v 3.909862 9.071995 -0.136812
v 3.906119 8.844147 0.890264
v 3.906119 9.042831 -0.142423
v 3.903873 8.814390 0.884539
v 3.903873 9.013075 -0.148148
v 3.903125 8.784039 0.878699
v 3.903125 8.982725 -0.153987
v 3.903932 8.747711 0.871710
v 3.903932 8.946396 -0.160977
v 3.906356 8.712400 0.864916
v 3.906356 8.911085 -0.167770
v 3.910394 8.678110 0.858319
v 3.910394 8.876795 -0.174368
v 3.916048 8.644838 0.851918
v 3.916048 8.843523 -0.180769
v 3.923318 8.612585 0.845712
v 3.923318 8.811272 -0.186974
v 3.932203 8.581352 0.839703
v 3.932203 8.780037 -0.192983
v 3.942703 8.551138 0.833890
v 3.942703 8.749823 -0.198797
v 3.954818 8.521942 0.828273
v 3.954818 8.720627 -0.204414
v 3.968550 8.493765 0.822852
v 3.968550 8.692450 -0.209835
v 3.983896 8.466606 0.817627
v 3.983896 8.665293 -0.215060
v 4.000858 8.440468 0.812598
v 4.000858 8.639153 -0.220089
v 4.019435 8.415348 0.807765
v 4.019435 8.614033 -0.224922
v 4.039510 8.391144 0.803108
v 4.039510 8.589830 -0.229579
v 4.060964 8.367754 0.798607
v 4.060964 8.566439 -0.234079
v 4.083797 8.345175 0.794263
v 4.083797 8.543859 -0.238423
v 4.108009 8.323408 0.790076
v 4.108009 8.522093 -0.242611
v 4.133599 8.302454 0.786044
v 4.133599 8.501139 -0.246642
v 4.160569 8.282314 0.782169
v 4.160569 8.480999 -0.250517
v 4.188919 8.262985 0.778450
v 4.188919 8.461670 -0.254236
v 4.218646 8.244469 0.774888
v 4.218646 8.443153 -0.257798
v 4.249753 8.226767 0.771482
v 4.249753 8.425451 -0.261205
v 4.282239 8.209875 0.768232
v 4.282239 8.408560 -0.264454
v 4.316104 8.193798 0.765139
v 4.316104 8.392483 -0.267548
v 4.351348 8.178532 0.762202
v 4.351348 8.377216 -0.270485
v 4.351348 8.171103 0.760773
v 4.351348 8.369787 -0.271914
v 4.337296 8.167240 0.760029
v 4.337296 8.365925 -0.272657
v 4.323505 8.163080 0.759229
v 4.323505 8.361765 -0.273458
v 4.309978 8.158623 0.758372
v 4.309978 8.357307 -0.274315
v 4.296712 8.153870 0.757457
v 4.296712 8.352554 -0.275229
v 4.283710 8.148821 0.756486
v 4.283710 8.347506 -0.276201
v 4.270970 8.143475 0.755457
v 4.270970 8.342159 -0.277230
v 4.258493 8.137831 0.754371
v 4.258493 8.336515 -0.278315
v 4.246279 8.131891 0.753228
v 4.246279 8.330576 -0.279458
v 4.234327 8.125654 0.752029
v 4.234327 8.324339 -0.280658
v 4.222639 8.119122 0.750772
v 4.222639 8.317806 -0.281915
v 4.211212 8.112291 0.749458
v 4.211212 8.310976 -0.283229
v 4.200049 8.105165 0.748087
v 4.200049 8.303850 -0.284600
v 4.189161 8.097788 0.746667
v 4.189161 8.296473 -0.286019
v 4.178563 8.090204 0.745208
v 4.178563 8.288889 -0.287479
v 4.168252 8.082413 0.743709
v 4.168252 8.281097 -0.288978
v 4.158231 8.074415 0.742170
v 4.158231 8.273100 -0.290516
v 4.148499 8.066212 0.740592
v 4.148499 8.264896 -0.292094
v 4.139056 8.057802 0.738974
v 4.139056 8.256487 -0.293712
v 4.129902 8.049187 0.737316
v 4.129902 8.247871 -0.295370
v 4.121037 8.040363 0.735619
v 4.121037 8.239048 -0.297068
v 4.112461 8.031334 0.733882
v 4.112461 8.230021 -0.298805
v 4.104173 8.022099 0.732105
v 4.104173 8.220785 -0.300582
v 4.096175 8.012657 0.730288
v 4.096175 8.211342 -0.302398
v 4.088466 8.003010 0.728432
v 4.088466 8.201694 -0.304254
v 4.081059 7.993162 0.726537
v 4.081059 8.191847 -0.306149
v 4.073967 7.983120 0.724605
v 4.073967 8.181805 -0.308081
v 4.067190 7.972885 0.722636
v 4.067190 8.171570 -0.310050
v 4.060728 7.962456 0.720630
v 4.060728 8.161142 -0.312057
v 4.054582 7.951834 0.718586
v 4.054582 8.150520 -0.314100
v 4.048750 7.941019 0.716505
v 4.048750 8.139704 -0.316181
v 4.043234 7.930010 0.714387
v 4.043234 8.128695 -0.318299
v 4.038033 7.918808 0.712232
v 4.038033 8.117493 -0.320454
v 4.033147 7.907412 0.710040
v 4.033147 8.106096 -0.322647
v 4.028577 7.895823 0.707810
v 4.028577 8.094507 -0.324877
v 4.024322 7.884041 0.705543
v 4.024322 8.082726 -0.327144
v 4.020381 7.872065 0.703239
v 4.020381 8.070749 -0.329448
v 4.016756 7.859953 0.700908
v 4.016756 8.058638 -0.331778
v 4.013447 7.847763 0.698563
v 4.013447 8.046448 -0.334123
v 4.010452 7.835497 0.696203
v 4.010452 8.034182 -0.336483
v 4.007773 7.823153 0.693828
v 4.007773 8.021837 -0.338858
v 4.005409 7.810732 0.691439
v 4.005409 8.009417 -0.341248
v 4.003360 7.798233 0.689034
v 4.003360 7.996918 -0.343653
v 4.001626 7.785656 0.686614
v 4.001626 7.984343 -0.346072
v 4.000207 7.773003 0.684180
v 4.000207 7.971689 -0.348507
v 3.999105 7.760273 0.681731
v 3.999105 7.958958 -0.350956
v 3.998317 7.747465 0.679266
v 3.998317 7.946150 -0.353420
v 3.997844 7.734579 0.676787
v 3.997844 7.933264 -0.355899
v 3.997687 7.721617 0.674293
v 3.997687 7.920301 -0.358393
v 3.998757 7.680529 0.666388
v 3.998757 7.879213 -0.366299
v 4.001968 7.640226 0.658634
v 4.001968 7.838911 -0.374052
v 4.007320 7.600712 0.651032
v 4.007320 7.799397 -0.381655
v 4.014812 7.561983 0.643580
v 4.014812 7.760670 -0.389106
v 4.024446 7.524044 0.636281
v 4.024446 7.722729 -0.396406
v 4.036221 7.486889 0.629133
v 4.036221 7.685574 -0.403554
v 4.050136 7.450521 0.622136
v 4.050136 7.649206 -0.410551
v 4.066192 7.414942 0.615290
v 4.066192 7.613626 -0.417396
v 4.084388 7.380148 0.608596
v 4.084388 7.578833 -0.424091
v 4.104726 7.346140 0.602053
v 4.104726 7.544825 -0.430633
v 4.127203 7.312920 0.595662
v 4.127203 7.511606 -0.437025
v 4.151823 7.280487 0.589422
v 4.151823 7.479172 -0.443265
v 4.178569 7.249086 0.583380
v 4.178569 7.447771 -0.449306
v 4.207430 7.218962 0.577584
v 4.207430 7.417646 -0.455102
v 4.238406 7.190114 0.572034
v 4.238406 7.388800 -0.460652
v 4.271496 7.162544 0.566730
v 4.271496 7.361229 -0.465957
v 4.306701 7.136250 0.561671
v 4.306701 7.334934 -0.471016
v 4.344019 7.111234 0.556858
v 4.344019 7.309917 -0.475829
v 4.383453 7.087494 0.552290
v 4.383453 7.286179 -0.480396
v 4.425002 7.065031 0.547969
v 4.425002 7.263716 -0.484718
v 4.468664 7.043845 0.543893
v 4.468664 7.242530 -0.488794
v 4.514441 7.023936 0.540062
v 4.514441 7.222622 -0.492624
v 4.562333 7.005304 0.536478
v 4.562333 7.203990 -0.496209
v 4.612339 6.987949 0.533138
v 4.612339 7.186635 -0.499548
v 4.635290 6.980971 0.531796
v 4.635290 7.179657 -0.500891
v 4.658753 6.974277 0.530508
v 4.658753 7.172962 -0.502179
v 4.682729 6.967867 0.529275
v 4.682729 7.166552 -0.503412
v 4.707216 6.961740 0.528096
v 4.707216 7.160425 -0.504591
v 4.732216 6.955897 0.526972
v 4.732216 7.154582 -0.505715
v 4.757729 6.950337 0.525902
v 4.757729 7.149023 -0.506785
v 4.783752 6.945063 0.524887
v 4.783752 7.143747 -0.507800
v 4.810289 6.940070 0.523927
v 4.810289 7.138756 -0.508760
v 4.837337 6.935363 0.523021
v 4.837337 7.134048 -0.509666
v 4.864899 6.930939 0.522170
v 4.864899 7.129623 -0.510517
v 4.892972 6.926798 0.521373
v 4.892972 7.125483 -0.511313
v 4.921557 6.922941 0.520631
v 4.921557 7.121626 -0.512056
v 4.950720 6.919381 0.519946
v 4.950720 7.118066 -0.512740
v 4.980527 6.916131 0.519321
v 4.980527 7.114816 -0.513366
v 5.010977 6.913190 0.518755
v 5.010977 7.111875 -0.513932
v 5.042071 6.910559 0.518249
v 5.042071 7.109243 -0.514438
v 5.073808 6.908237 0.517802
v 5.073808 7.106922 -0.514885
v 5.106189 6.906225 0.517415
v 5.106189 7.104910 -0.515272
v 5.139214 6.904522 0.517087
v 5.139214 7.103208 -0.515599
v 5.172882 6.903130 0.516819
v 5.172882 7.101814 -0.515867
v 5.207193 6.902046 0.516611
v 5.207193 7.100731 -0.516076
v 5.242148 6.901272 0.516462
v 5.242148 7.099957 -0.516225
v 5.277747 6.900807 0.516373
v 5.277747 7.099492 -0.516314
v 5.313990 6.900653 0.516343
v 5.313990 7.099338 -0.516344
v 6.032660 6.900653 0.516343
v 6.032660 7.099338 -0.516344
v 5.508787 9.385832 0.994482
v 5.508787 9.584517 -0.038205
v 4.803355 9.385832 0.994482
v 4.803355 9.584517 -0.038205
v 4.778368 9.385715 0.994459
v 4.778368 9.584400 -0.038227
v 4.753840 9.385366 0.994392
v 4.753840 9.584051 -0.038294
v 4.729774 9.384787 0.994281
v 4.729774 9.583471 -0.038406
v 4.706166 9.383974 0.994124
v 4.706166 9.582659 -0.038562
v 4.683018 9.382929 0.993923
v 4.683018 9.581614 -0.038763
v 4.660330 9.381653 0.993678
v 4.660330 9.580338 -0.039009
v 4.638101 9.380142 0.993387
v 4.638101 9.578827 -0.039299
v 4.616332 9.378401 0.993052
v 4.616332 9.577085 -0.039634
v 4.595023 9.376429 0.992673
v 4.595023 9.575113 -0.040014
v 4.574173 9.374222 0.992248
v 4.574173 9.572906 -0.040438
v 4.553783 9.371784 0.991779
v 4.553783 9.570469 -0.040907
v 4.533853 9.369114 0.991266
v 4.533853 9.567801 -0.041421
v 4.514330 9.366226 0.990710
v 4.514330 9.564911 -0.041977
v 4.495161 9.363131 0.990114
v 4.495161 9.561815 -0.042573
v 4.476347 9.359827 0.989479
v 4.476347 9.558514 -0.043208
v 4.457888 9.356319 0.988804
v 4.457888 9.555004 -0.043883
v 4.439784 9.352604 0.988089
v 4.439784 9.551291 -0.044598
v 4.422033 9.348684 0.987335
v 4.422033 9.547369 -0.045352
v 4.404638 9.344555 0.986540
v 4.404638 9.543242 -0.046146
v 4.387597 9.340221 0.985707
v 4.387597 9.538906 -0.046980
v 4.370911 9.335682 0.984833
v 4.370911 9.534367 -0.047853
v 4.354579 9.330935 0.983920
v 4.354579 9.529619 -0.048767
v 4.338602 9.325981 0.982967
v 4.338602 9.524666 -0.049720
v 4.322980 9.320824 0.981974
v 4.322980 9.519508 -0.050712
v 4.289607 9.308569 0.979617
v 4.289607 9.507254 -0.053070
v 4.257575 9.295336 0.977071
v 4.257575 9.494020 -0.055616
v 4.226881 9.281120 0.974336
v 4.226881 9.479807 -0.058351
v 4.197528 9.265926 0.971413
v 4.197528 9.464611 -0.061274
v 4.169513 9.249752 0.968301
v 4.169513 9.448437 -0.064386
v 4.142839 9.232597 0.965000
v 4.142839 9.431282 -0.067687
v 4.117505 9.214462 0.961511
v 4.117505 9.413147 -0.071176
v 4.093510 9.195345 0.957833
v 4.093510 9.394032 -0.074853
v 4.070854 9.175249 0.953967
v 4.070854 9.373934 -0.078720
v 4.049538 9.154173 0.949912
v 4.049538 9.352859 -0.082775
v 4.029562 9.132116 0.945668
v 4.029562 9.330803 -0.087018
v 1.744275 8.902912 0.901570
v 1.744275 9.101597 -0.131116
v 1.769458 8.926052 0.906022
v 1.769458 9.124737 -0.126664
v 1.796152 8.947180 0.910087
v 1.796152 9.145864 -0.122600
v 1.824357 8.966295 0.913765
v 1.824357 9.164980 -0.118922
v 1.854071 8.983398 0.917055
v 1.854071 9.182083 -0.115631
v 1.885297 8.998489 0.919959
v 1.885297 9.197174 -0.112728
v 1.918032 9.011568 0.922475
v 1.918032 9.210253 -0.110211
v 1.952278 9.022636 0.924604
v 1.952278 9.221321 -0.108082
v 1.988034 9.031691 0.926347
v 1.988034 9.230375 -0.106340
v 2.025301 9.038733 0.927702
v 2.025301 9.237417 -0.104985
v 2.064078 9.043764 0.928669
v 2.064078 9.242449 -0.104017
v 2.104365 9.046782 0.929250
v 2.104365 9.245466 -0.103436
v 2.146163 9.047787 0.929444
v 2.146163 9.246473 -0.103243
v 2.171524 9.047426 0.929374
v 2.171524 9.246111 -0.103312
v 2.196543 9.046343 0.929166
v 2.196543 9.245028 -0.103521
v 2.221221 9.044537 0.928818
v 2.221221 9.243221 -0.103868
v 2.245558 9.042009 0.928332
v 2.245558 9.240694 -0.104355
v 2.269553 9.038759 0.927706
v 2.269553 9.237444 -0.104980
v 2.293207 9.034786 0.926942
v 2.293207 9.233471 -0.105744
v 2.316519 9.030090 0.926039
v 2.316519 9.228775 -0.106648
v 2.339489 9.024673 0.924997
v 2.339489 9.223358 -0.107690
v 2.362118 9.018534 0.923815
v 2.362118 9.217218 -0.108871
v 2.384406 9.011671 0.922495
v 2.384406 9.210356 -0.110192
v 2.406353 9.004087 0.921036
v 2.406353 9.202772 -0.111651
v 2.427958 8.995781 0.919438
v 2.427958 9.194466 -0.113249
v 2.449228 8.986849 0.917719
v 2.449228 9.185534 -0.114967
v 2.470169 8.977388 0.915899
v 2.470169 9.176073 -0.116788
v 2.490782 8.967398 0.913977
v 2.490782 9.166082 -0.118710
v 2.511067 8.956879 0.911953
v 2.511067 9.155563 -0.120733
v 2.531024 8.945831 0.909828
v 2.531024 9.144516 -0.122859
v 2.550652 8.934256 0.907600
v 2.550652 9.132940 -0.125086
v 2.569952 8.922150 0.905271
v 2.569952 9.120834 -0.127415
v 2.588923 8.909515 0.902841
v 2.588923 9.108200 -0.129846
v 2.607566 8.896353 0.900308
v 2.607566 9.095037 -0.132378
v 2.625881 8.882662 0.897674
v 2.625881 9.081347 -0.135013
v 2.643868 8.868441 0.894938
v 2.643868 9.067125 -0.137749
v 2.661526 8.853691 0.892100
v 2.661526 9.052376 -0.140586
v 2.678849 8.838465 0.889171
v 2.678849 9.037149 -0.143516
v 2.695831 8.822811 0.886159
v 2.695831 9.021498 -0.146527
v 2.712471 8.806734 0.883066
v 2.712471 9.005419 -0.149621
v 2.728770 8.790230 0.879891
v 2.728770 8.988916 -0.152796
v 2.744727 8.773302 0.876633
v 2.744727 8.971987 -0.156053
v 2.760343 8.755947 0.873294
v 2.760343 8.954632 -0.159392
v 2.775617 8.738165 0.869873
v 2.775617 8.936850 -0.162813
v 2.790550 8.719959 0.866371
v 2.790550 8.918644 -0.166316
v 2.805142 8.701328 0.862786
v 2.805142 8.900013 -0.169901
v 2.819392 8.682270 0.859119
v 2.819392 8.880955 -0.173567
v 2.833300 8.662786 0.855371
v 2.833300 8.861471 -0.177316
v 2.846867 8.642878 0.851540
v 2.846867 8.841562 -0.181146
v 2.860080 8.622641 0.847647
v 2.860080 8.821325 -0.185040
v 2.872924 8.602171 0.843708
v 2.872924 8.800856 -0.188978
v 2.885401 8.581469 0.839725
v 2.885401 8.780153 -0.192961
v 2.897511 8.560534 0.835698
v 2.897511 8.759218 -0.196989
v 2.909252 8.539368 0.831626
v 2.909252 8.738052 -0.201061
v 2.920626 8.517969 0.827508
v 2.920626 8.716654 -0.205178
v 2.931632 8.496338 0.823347
v 2.931632 8.695023 -0.209340
v 2.942270 8.474476 0.819140
v 2.942270 8.673161 -0.213546
v 2.952540 8.452381 0.814889
v 2.952540 8.651066 -0.217797
v 2.962443 8.430054 0.810594
v 2.962443 8.628738 -0.222093
v 2.971978 8.407494 0.806253
v 2.971978 8.606178 -0.226433
v 2.981145 8.384701 0.801868
v 2.981145 8.583387 -0.230818
v 2.989945 8.361723 0.797447
v 2.989945 8.560408 -0.235239
v 2.998376 8.338602 0.792999
v 2.998376 8.537287 -0.239688
v 3.006440 8.315340 0.788523
v 3.006440 8.514025 -0.244163
v 3.014137 8.291935 0.784021
v 3.014137 8.490622 -0.248666
v 3.021465 8.268389 0.779490
v 3.021465 8.467075 -0.253196
v 3.028426 8.244701 0.774933
v 3.028426 8.443386 -0.257754
v 3.035019 8.220871 0.770348
v 3.035019 8.419556 -0.262338
v 3.041244 8.196899 0.765736
v 3.041244 8.395584 -0.266951
v 3.047102 8.172787 0.761097
v 3.047102 8.371471 -0.271590
v 3.052592 8.148531 0.756430
v 3.052592 8.347216 -0.276257
v 3.057714 8.124132 0.751736
v 3.057714 8.322819 -0.280951
v 3.062469 8.099594 0.747015
v 3.062469 8.298279 -0.285672
v 3.066849 8.075027 0.742288
v 3.066849 8.273712 -0.290398
v 3.070848 8.050552 0.737579
v 3.070848 8.249239 -0.295107
v 3.074466 8.026169 0.732888
v 3.074466 8.224854 -0.299799
v 3.077703 8.001875 0.728214
v 3.077703 8.200560 -0.304473
v 3.080560 7.977671 0.723557
v 3.080560 8.176355 -0.309129
v 3.083036 7.953556 0.718918
v 3.083036 8.152241 -0.313769
v 3.085130 7.929533 0.714296
v 3.085130 8.128218 -0.318391
v 3.086844 7.905600 0.709691
v 3.086844 8.104284 -0.322996
v 3.088177 7.881758 0.705104
v 3.088177 8.080442 -0.327583
v 3.089130 7.858004 0.700534
v 3.089130 8.056688 -0.332153
v 3.089701 7.834343 0.695981
v 3.089701 8.033028 -0.336705
v 3.089891 7.810770 0.691446
v 3.089891 8.009455 -0.341240
v 3.089629 7.787481 0.686966
v 3.089629 7.986166 -0.345721
v 3.088841 7.764671 0.682577
v 3.088841 7.963356 -0.350110
v 3.087527 7.742338 0.678280
v 3.087527 7.941023 -0.354407
v 3.085689 7.720480 0.674075
v 3.085689 7.919167 -0.358612
v 3.083325 7.699102 0.669962
v 3.083325 7.897787 -0.362725
v 3.080435 7.678200 0.665940
v 3.080435 7.876884 -0.366746
v 3.077020 7.657774 0.662010
v 3.077020 7.856459 -0.370676
v 3.073080 7.637827 0.658173
v 3.073080 7.836512 -0.374514
v 3.068615 7.618357 0.654427
v 3.068615 7.817041 -0.378260
v 3.063624 7.599363 0.650772
v 3.063624 7.798048 -0.381914
v 3.058108 7.580849 0.647210
v 3.058108 7.779533 -0.385477
v 3.052067 7.562809 0.643739
v 3.052067 7.761494 -0.388947
v 3.045533 7.545248 0.640361
v 3.045533 7.743933 -0.392326
v 3.038539 7.528164 0.637074
v 3.038539 7.726849 -0.395613
v 3.031086 7.511557 0.633879
v 3.031086 7.710241 -0.398808
v 3.023173 7.495428 0.630775
v 3.023173 7.694113 -0.401911
v 3.014800 7.479776 0.627764
v 3.014800 7.678461 -0.404923
v 3.005968 7.464600 0.624844
v 3.005968 7.663286 -0.407842
v 2.996676 7.449903 0.622017
v 2.996676 7.648588 -0.410670
v 2.986924 7.435682 0.619281
v 2.986924 7.634367 -0.413406
v 2.976712 7.421938 0.616636
v 2.976712 7.620623 -0.416050
v 2.966042 7.408672 0.614084
v 2.966042 7.607357 -0.418602
v 2.954911 7.395884 0.611624
v 2.954911 7.594568 -0.421063
v 2.943320 7.383572 0.609255
v 2.943320 7.582256 -0.423432
v 2.931284 7.371750 0.606981
v 2.931284 7.570435 -0.425706
v 2.918813 7.360432 0.604803
v 2.918813 7.559116 -0.427884
v 2.905909 7.349617 0.602722
v 2.905909 7.548302 -0.429965
v 2.892572 7.339304 0.600738
v 2.892572 7.537989 -0.431949
v 2.878802 7.329494 0.598851
v 2.878802 7.528179 -0.433836
v 2.864598 7.320189 0.597060
v 2.864598 7.518873 -0.435626
v 2.849960 7.311386 0.595366
v 2.849960 7.510071 -0.437320
v 2.834889 7.303085 0.593770
v 2.834889 7.501770 -0.438917
v 2.819385 7.295288 0.592269
v 2.819385 7.493973 -0.440417
v 2.803448 7.287994 0.590866
v 2.803448 7.486679 -0.441820
v 2.787077 7.281202 0.589559
v 2.787077 7.479889 -0.443127
v 2.770272 7.274916 0.588350
v 2.770272 7.473600 -0.444337
v 2.753080 7.269131 0.587237
v 2.753080 7.467815 -0.445450
v 2.735547 7.263848 0.586221
v 2.735547 7.462534 -0.446466
v 2.717672 7.259069 0.585301
v 2.717672 7.457754 -0.447385
v 2.699456 7.254794 0.584478
v 2.699456 7.453478 -0.448208
v 2.680898 7.251021 0.583753
v 2.680898 7.449705 -0.448934
v 2.661999 7.247751 0.583123
v 2.661999 7.446436 -0.449563
v 2.642758 7.244985 0.582591
v 2.642758 7.443668 -0.450095
v 2.623176 7.242721 0.582156
v 2.623176 7.441406 -0.450531
v 2.603252 7.240960 0.581817
v 2.603252 7.439644 -0.450870
v 2.582987 7.239702 0.581575
v 2.582987 7.438387 -0.451112
v 2.562381 7.238948 0.581430
v 2.562381 7.437632 -0.451257
v 2.541432 7.238697 0.581381
v 2.541432 7.437382 -0.451305
v 2.516071 7.239058 0.581451
v 2.516071 7.437742 -0.451236
v 2.491051 7.240141 0.581659
v 2.491051 7.438826 -0.451027
v 2.466373 7.241947 0.582007
v 2.466373 7.440632 -0.450680
v 2.442037 7.244475 0.582493
v 2.442037 7.443159 -0.450193
v 2.418042 7.247725 0.583118
v 2.418042 7.446409 -0.449568
v 2.394388 7.251698 0.583883
v 2.394388 7.450382 -0.448804
v 2.371076 7.256393 0.584786
v 2.371076 7.455078 -0.447900
v 2.348105 7.261810 0.585828
v 2.348105 7.460495 -0.446858
v 2.325476 7.267950 0.587010
v 2.325476 7.466635 -0.445677
v 2.303188 7.274813 0.588330
v 2.303188 7.473497 -0.444357
v 2.281242 7.282396 0.589789
v 2.281242 7.481081 -0.442897
v 2.259637 7.290703 0.591387
v 2.259637 7.489388 -0.441299
v 2.238367 7.299635 0.593106
v 2.238367 7.498320 -0.439581
v 2.217426 7.309095 0.594926
v 2.217426 7.507780 -0.437761
v 2.196813 7.319086 0.596848
v 2.196813 7.517771 -0.435838
v 2.176528 7.329605 0.598872
v 2.176528 7.528290 -0.433815
v 2.156571 7.340652 0.600997
v 2.156571 7.539337 -0.431689
v 2.136943 7.352228 0.603225
v 2.136943 7.550913 -0.429462
v 2.117643 7.364334 0.605554
v 2.117643 7.563019 -0.427133
v 2.098672 7.376968 0.607984
v 2.098672 7.575653 -0.424702
v 2.080029 7.390131 0.610517
v 2.080029 7.588816 -0.422170
v 2.061714 7.403822 0.613151
v 2.061714 7.602507 -0.419535
v 2.043727 7.418043 0.615887
v 2.043727 7.616728 -0.416799
v 2.026069 7.432793 0.618725
v 2.026069 7.631477 -0.413962
v 2.008746 7.448019 0.621654
v 2.008746 7.646704 -0.411032
v 1.991764 7.463673 0.624666
v 1.991764 7.662357 -0.408021
v 1.975124 7.479750 0.627759
v 1.975124 7.678434 -0.404927
v 1.958825 7.496254 0.630934
v 1.958825 7.694939 -0.401752
v 1.942868 7.513182 0.634192
v 1.942868 7.711868 -0.398495
v 1.927252 7.530537 0.637531
v 1.927252 7.729223 -0.395156
v 1.911977 7.548319 0.640951
v 1.911977 7.747004 -0.391735
v 1.897044 7.566525 0.644454
v 1.897044 7.765209 -0.388232
v 1.882453 7.585155 0.648039
v 1.882453 7.783840 -0.384648
v 1.868203 7.604214 0.651706
v 1.868203 7.802898 -0.380981
v 1.854294 7.623697 0.655454
v 1.854294 7.822382 -0.377232
v 1.840728 7.643606 0.659284
v 1.840728 7.842291 -0.373402
v 1.827515 7.663843 0.663178
v 1.827515 7.862528 -0.369508
v 1.814671 7.684313 0.667116
v 1.814671 7.882998 -0.365570
v 1.802194 7.705015 0.671099
v 1.802194 7.903700 -0.361587
v 1.790084 7.725950 0.675127
v 1.790084 7.924635 -0.357559
v 1.778343 7.747116 0.679200
v 1.778343 7.945801 -0.353487
v 1.766969 7.768515 0.683316
v 1.766969 7.967199 -0.349370
v 1.755963 7.790146 0.687478
v 1.755963 7.988831 -0.345208
v 1.745325 7.812008 0.691685
v 1.745325 8.010693 -0.341002
v 1.735054 7.834105 0.695936
v 1.735054 8.032789 -0.336751
v 1.725152 7.856432 0.700231
v 1.725152 8.055117 -0.332455
v 1.715617 7.878990 0.704572
v 1.715617 8.077675 -0.328115
v 1.706450 7.901781 0.708957
v 1.706450 8.100468 -0.323730
v 1.697650 7.924761 0.713378
v 1.697650 8.123446 -0.319309
v 1.689219 7.947882 0.717826
v 1.689219 8.146566 -0.314861
v 1.681154 7.971144 0.722301
v 1.681154 8.169828 -0.310385
v 1.673458 7.994549 0.726804
v 1.673458 8.193233 -0.305882
v 1.666130 8.018095 0.731335
v 1.666130 8.216780 -0.301352
v 1.659169 8.041782 0.735892
v 1.659169 8.240467 -0.296794
v 1.652576 8.065613 0.740477
v 1.652576 8.264297 -0.292210
v 1.646351 8.089584 0.745089
v 1.646351 8.288269 -0.287598
v 1.640493 8.113697 0.749728
v 1.640493 8.312384 -0.282958
v 1.635003 8.137953 0.754395
v 1.635003 8.336637 -0.278291
v 1.629881 8.162352 0.759089
v 1.629881 8.361036 -0.273598
v 1.625126 8.186890 0.763810
v 1.625126 8.385576 -0.268876
v 1.620746 8.211456 0.768537
v 1.620746 8.410141 -0.264150
v 1.616747 8.235929 0.773245
v 1.616747 8.434616 -0.259441
v 1.613129 8.260315 0.777937
v 1.613129 8.459000 -0.254750
v 1.609891 8.284609 0.782611
v 1.609891 8.483294 -0.250075
v 1.607035 8.308813 0.787268
v 1.607035 8.507498 -0.245419
v 1.604559 8.332928 0.791907
v 1.604559 8.531612 -0.240779
v 1.602464 8.356951 0.796529
v 1.602464 8.555635 -0.236157
v 1.600750 8.380884 0.801134
v 1.600750 8.579569 -0.231553
v 1.599417 8.404726 0.805721
v 1.599417 8.603411 -0.226965
v 1.598465 8.428478 0.810291
v 1.598465 8.627165 -0.222395
v 1.597894 8.452141 0.814844
v 1.597894 8.650826 -0.217843
v 1.597703 8.475714 0.819379
v 1.597703 8.674398 -0.213308
v 1.598721 8.521812 0.828248
v 1.598721 8.720497 -0.204438
v 1.601775 8.566004 0.836750
v 1.601775 8.764688 -0.195936
v 1.606864 8.608284 0.844885
v 1.606864 8.806969 -0.187802
v 1.613989 8.648657 0.852652
v 1.613989 8.847342 -0.180034
v 1.623150 8.687120 0.860053
v 1.623150 8.885805 -0.172634
v 1.634346 8.723675 0.867085
v 1.634346 8.922359 -0.165601
v 1.647578 8.758320 0.873751
v 1.647578 8.957005 -0.158935
v 1.662846 8.791056 0.880049
v 1.662846 8.989740 -0.152637
v 1.680150 8.821884 0.885981
v 1.680150 9.020569 -0.146706
v 1.699489 8.850801 0.891544
v 1.699489 9.049486 -0.141142
v 1.720864 8.877811 0.896741
v 1.720864 9.076496 -0.135946
v 2.596278 9.351469 0.987871
v 2.596278 9.550156 -0.044816
v 2.560568 9.364374 0.990354
v 2.560568 9.563059 -0.042333
v 2.524043 9.376158 0.992621
v 2.524043 9.574842 -0.040066
v 2.486704 9.386818 0.994672
v 2.486704 9.585503 -0.038015
v 2.448551 9.396357 0.996507
v 2.448551 9.595041 -0.036180
v 2.409584 9.404772 0.998126
v 2.409584 9.603456 -0.034560
v 2.369802 9.412067 0.999530
v 2.369802 9.610752 -0.033157
v 2.329206 9.418240 1.000717
v 2.329206 9.616924 -0.031970
v 2.287795 9.423288 1.001688
v 2.287795 9.621973 -0.030998
v 2.245571 9.427216 1.002444
v 2.245571 9.625900 -0.030242
v 2.202533 9.430021 1.002984
v 2.202533 9.628706 -0.029703
v 2.158679 9.431705 1.003308
v 2.158679 9.630390 -0.029379
v 2.114012 9.432266 1.003416
v 2.114012 9.630951 -0.029271
v 2.077415 9.431847 1.003335
v 2.077415 9.630531 -0.029351
v 2.041383 9.430590 1.003093
v 2.041383 9.629274 -0.029593
v 2.005916 9.428493 1.002690
v 2.005916 9.627178 -0.029997
v 1.971013 9.425558 1.002125
v 1.971013 9.624243 -0.030561
v 1.936675 9.421785 1.001399
v 1.936675 9.620470 -0.031287
v 1.902902 9.417175 1.000512
v 1.902902 9.615860 -0.032174
v 1.869694 9.411724 0.999464
v 1.869694 9.610409 -0.033223
v 1.837050 9.405437 0.998254
v 1.837050 9.604122 -0.034433
v 1.804971 9.398310 0.996883
v 1.804971 9.596994 -0.035804
v 1.773457 9.390347 0.995350
v 1.773457 9.589031 -0.037336
v 1.742508 9.381542 0.993657
v 1.742508 9.580227 -0.039030
v 1.712124 9.371901 0.991802
v 1.712124 9.570585 -0.040885
v 1.682382 9.361427 0.989787
v 1.682382 9.560112 -0.042900
v 1.653364 9.350128 0.987613
v 1.653364 9.548813 -0.045074
v 1.625067 9.338003 0.985280
v 1.625067 9.536690 -0.047406
v 1.597493 9.325054 0.982789
v 1.597493 9.523739 -0.049898
v 1.570642 9.311279 0.980138
v 1.570642 9.509964 -0.052548
v 1.544512 9.296679 0.977329
v 1.544512 9.495363 -0.055357
v 1.519105 9.281252 0.974361
v 1.519105 9.479937 -0.058325
v 1.494420 9.264999 0.971234
v 1.494420 9.463684 -0.061452
v 1.470457 9.247921 0.967949
v 1.470457 9.446606 -0.064738
v 1.447217 9.230019 0.964504
v 1.447217 9.428703 -0.068182
v 1.424700 9.211290 0.960901
v 1.424700 9.409975 -0.071786
v 1.402906 9.191734 0.957139
v 1.402906 9.390419 -0.075548
v 1.381879 9.171368 0.953220
v 1.381879 9.370052 -0.079466
v 1.361667 9.150202 0.949148
v 1.361667 9.348886 -0.083539
v 1.342268 9.128235 0.944922
v 1.342268 9.326921 -0.087765
v 1.323684 9.105469 0.940542
v 1.323684 9.304155 -0.092145
v 1.305915 9.081903 0.936008
v 1.305915 9.280590 -0.096679
v 1.288959 9.057539 0.931320
v 1.288959 9.256224 -0.101367
v 1.272818 9.032373 0.926478
v 1.272818 9.231058 -0.106208
v 1.257491 9.006409 0.921483
v 1.257491 9.205093 -0.111204
v 1.242979 8.979645 0.916333
v 1.242978 9.178329 -0.116353
v 1.229281 8.952082 0.911030
v 1.229280 9.150766 -0.121656
v 1.216396 8.923717 0.905573
v 1.216396 9.122402 -0.127114
v 1.204326 8.894554 0.899962
v 1.204325 9.093239 -0.132725
v 1.193149 8.864609 0.894201
v 1.193149 9.063295 -0.138486
v 1.182944 8.833904 0.888293
v 1.182944 9.032589 -0.144393
v 1.173712 8.802439 0.882240
v 1.173711 9.001123 -0.150447
v 1.165450 8.770212 0.876039
v 1.165450 8.968897 -0.156647
v 1.158161 8.737225 0.869693
v 1.158161 8.935909 -0.162994
v 1.151844 8.703476 0.863199
v 1.151844 8.902161 -0.169487
v 1.146498 8.668964 0.856560
v 1.146498 8.867651 -0.176127
v 1.142125 8.633694 0.849774
v 1.142125 8.832378 -0.182913
v 1.138724 8.597662 0.842841
v 1.138724 8.796347 -0.189845
v 1.136294 8.560869 0.835763
v 1.136294 8.759554 -0.196924
v 1.134836 8.523315 0.828537
v 1.134836 8.722000 -0.204149
v 1.134350 8.485001 0.821166
v 1.134350 8.683685 -0.211521
v 1.134567 8.460634 0.816478
v 1.134567 8.659321 -0.216209
v 1.135217 8.435831 0.811706
v 1.135217 8.634516 -0.220981
v 1.136301 8.410589 0.806849
v 1.136300 8.609274 -0.225837
v 1.137817 8.384909 0.801908
v 1.137817 8.583593 -0.230778
v 1.139768 8.358789 0.796883
v 1.139767 8.557474 -0.235804
v 1.142151 8.332230 0.791773
v 1.142151 8.530916 -0.240913
v 1.144968 8.305233 0.786579
v 1.144968 8.503920 -0.246107
v 1.148219 8.277800 0.781301
v 1.148219 8.476484 -0.251386
v 1.151903 8.249926 0.775938
v 1.151903 8.448610 -0.256749
v 1.156021 8.221613 0.770491
v 1.156020 8.420298 -0.262196
v 1.160572 8.192862 0.764959
v 1.160571 8.391546 -0.267727
v 1.165555 8.163673 0.759344
v 1.165555 8.362358 -0.273343
v 1.171025 8.134232 0.753679
v 1.171025 8.332916 -0.279007
v 1.177034 8.104727 0.748003
v 1.177034 8.303411 -0.284684
v 1.183582 8.075157 0.742313
v 1.183581 8.273842 -0.290373
v 1.190667 8.045523 0.736612
v 1.190667 8.244207 -0.296075
v 1.198291 8.015823 0.730898
v 1.198291 8.214508 -0.301789
v 1.206454 7.986061 0.725172
v 1.206453 8.184746 -0.307515
v 1.215154 7.956232 0.719433
v 1.215154 8.154919 -0.313254
v 1.224394 7.926340 0.713682
v 1.224394 8.125025 -0.319005
v 1.234172 7.896383 0.707918
v 1.234172 8.095068 -0.324769
v 1.244488 7.866364 0.702142
v 1.244488 8.065048 -0.330544
v 1.255343 7.836277 0.696354
v 1.255343 8.034962 -0.336333
v 1.266736 7.806128 0.690553
v 1.266736 8.004812 -0.342134
v 1.278688 7.776009 0.684758
v 1.278688 7.974693 -0.347928
v 1.291217 7.746019 0.678989
v 1.291217 7.944704 -0.353698
v 1.304325 7.716160 0.673244
v 1.304325 7.914845 -0.359443
v 1.318009 7.686428 0.667523
v 1.318009 7.885113 -0.365163
v 1.332273 7.656826 0.661828
v 1.332273 7.855511 -0.370858
v 1.347113 7.627354 0.656158
v 1.347113 7.826038 -0.376529
v 1.362532 7.598009 0.650512
v 1.362532 7.796694 -0.382175
v 1.378529 7.568794 0.644891
v 1.378529 7.767479 -0.387795
v 1.395104 7.539709 0.639295
v 1.395104 7.738394 -0.393391
v 1.412256 7.510752 0.633724
v 1.412256 7.709436 -0.398963
v 1.429986 7.481924 0.628177
v 1.429986 7.680609 -0.404509
v 1.448296 7.453224 0.622656
v 1.448296 7.651909 -0.410031
v 1.467227 7.424860 0.617199
v 1.467227 7.623545 -0.415488
v 1.486830 7.397038 0.611846
v 1.486830 7.595722 -0.420841
v 1.507101 7.369759 0.606597
v 1.507101 7.568443 -0.426089
v 1.528043 7.343019 0.601453
v 1.528043 7.541704 -0.431234
v 1.549654 7.316822 0.596413
v 1.549654 7.515507 -0.436274
v 1.571935 7.291166 0.591477
v 1.571935 7.489853 -0.441210
v 1.594886 7.266054 0.586645
v 1.594886 7.464739 -0.446042
v 1.618507 7.241483 0.581917
v 1.618507 7.440166 -0.450769
v 1.642798 7.217453 0.577294
v 1.642798 7.416138 -0.455392
v 1.667758 7.193965 0.572775
v 1.667758 7.392649 -0.459911
v 1.693388 7.171019 0.568360
v 1.693388 7.369703 -0.464326
v 1.719688 7.148614 0.564050
v 1.719688 7.347298 -0.468637
v 1.746685 7.126841 0.559861
v 1.746685 7.325525 -0.472826
v 1.774403 7.105790 0.555811
v 1.774403 7.304476 -0.476876
v 1.802844 7.085463 0.551900
v 1.802844 7.284147 -0.480787
v 1.832007 7.065857 0.548128
v 1.832007 7.264542 -0.484559
v 1.861893 7.046973 0.544495
v 1.861893 7.245658 -0.488192
v 1.892501 7.028812 0.541000
v 1.892501 7.227497 -0.491686
v 1.923831 7.011374 0.537645
v 1.923831 7.210058 -0.495041
v 1.955883 6.994657 0.534429
v 1.955883 7.193342 -0.498257
v 1.988658 6.978662 0.531352
v 1.988658 7.177348 -0.501335
v 2.022155 6.963391 0.528414
v 2.022155 7.162076 -0.504273
v 2.056375 6.948841 0.525614
v 2.056375 7.147527 -0.507072
v 2.091317 6.935015 0.522954
v 2.091317 7.133699 -0.509732
v 2.127027 6.922110 0.520471
v 2.127027 7.120794 -0.512215
v 2.163552 6.910327 0.518204
v 2.163552 7.109012 -0.514482
v 2.200891 6.899666 0.516153
v 2.200891 7.098351 -0.516533
v 2.239044 6.890127 0.514318
v 2.239044 7.088813 -0.518369
v 2.278011 6.881711 0.512699
v 2.278011 7.080397 -0.519988
v 2.317793 6.874417 0.511295
v 2.317793 7.073102 -0.521391
v 2.358389 6.868245 0.510108
v 2.358389 7.066930 -0.522579
v 2.399799 6.863195 0.509136
v 2.399799 7.061880 -0.523550
v 2.442024 6.859268 0.508381
v 2.442024 7.057953 -0.524306
v 2.485063 6.856462 0.507841
v 2.485063 7.055147 -0.524846
v 2.528916 6.854779 0.507517
v 2.528916 7.053464 -0.525169
v 2.573583 6.854218 0.507409
v 2.573583 7.052903 -0.525277
v 2.610180 6.854637 0.507490
v 2.610180 7.053322 -0.525197
v 2.646212 6.855895 0.507732
v 2.646212 7.054580 -0.524955
v 2.681679 6.857991 0.508135
v 2.681679 7.056676 -0.524552
v 2.716582 6.860926 0.508700
v 2.716582 7.059610 -0.523987
v 2.750920 6.864698 0.509425
v 2.750920 7.063383 -0.523261
v 2.784693 6.869309 0.510313
v 2.784693 7.067994 -0.522374
v 2.817901 6.874759 0.511361
v 2.817901 7.073444 -0.521325
v 2.850544 6.881047 0.512571
v 2.850544 7.079732 -0.520116
v 2.882623 6.888173 0.513942
v 2.882623 7.086859 -0.518745
v 2.914138 6.896138 0.515474
v 2.914138 7.094823 -0.517212
v 2.945087 6.904942 0.517168
v 2.945087 7.103626 -0.515518
v 2.975471 6.914583 0.519023
v 2.975471 7.113268 -0.513663
v 3.005213 6.925056 0.521038
v 3.005213 7.123742 -0.511648
v 3.034231 6.936356 0.523212
v 3.034231 7.135040 -0.509474
v 3.062528 6.948481 0.525545
v 3.062528 7.147165 -0.507142
v 3.090102 6.961431 0.528036
v 3.090102 7.160115 -0.504650
v 3.116953 6.975206 0.530687
v 3.116953 7.173891 -0.502000
v 3.143083 6.989807 0.533496
v 3.143083 7.188492 -0.499191
v 3.168490 7.005234 0.536464
v 3.168490 7.203918 -0.496223
v 3.193174 7.021486 0.539591
v 3.193174 7.220171 -0.493096
v 3.217136 7.038564 0.542876
v 3.217136 7.237248 -0.489810
v 3.240376 7.056467 0.546321
v 3.240376 7.255152 -0.486366
v 3.262894 7.075195 0.549924
v 3.262894 7.273880 -0.482762
v 3.284689 7.094749 0.553686
v 3.284689 7.293434 -0.479000
v 3.305716 7.115116 0.557605
v 3.305716 7.313801 -0.475082
v 3.325928 7.136283 0.561677
v 3.325928 7.334967 -0.471009
v 3.345327 7.158249 0.565903
v 3.345327 7.356934 -0.466783
v 3.363911 7.181014 0.570283
v 3.363911 7.379700 -0.462403
v 3.381681 7.204580 0.574817
v 3.381681 7.403265 -0.457869
v 3.398636 7.228946 0.579505
v 3.398636 7.427629 -0.453181
v 3.414777 7.254110 0.584347
v 3.414777 7.452795 -0.448340
v 3.430104 7.280075 0.589342
v 3.430104 7.478760 -0.443344
v 3.444617 7.306839 0.594492
v 3.444617 7.505524 -0.438195
v 3.458316 7.334402 0.599795
v 3.458316 7.533089 -0.432892
v 3.471200 7.362766 0.605252
v 3.471200 7.561451 -0.427435
v 3.483269 7.391930 0.610863
v 3.483269 7.590614 -0.421824
v 3.494446 7.421875 0.616624
v 3.494446 7.620560 -0.416063
v 3.504651 7.452579 0.622532
v 3.504651 7.651264 -0.410155
v 3.513884 7.484045 0.628585
v 3.513884 7.682730 -0.404101
v 3.522145 7.516272 0.634786
v 3.522145 7.714956 -0.397901
v 3.529434 7.549259 0.641133
v 3.529434 7.747944 -0.391554
v 3.535751 7.583008 0.647626
v 3.535751 7.781693 -0.385061
v 3.541096 7.617519 0.654265
v 3.541096 7.816204 -0.378421
v 3.545470 7.652790 0.661051
v 3.545470 7.851475 -0.371635
v 3.548872 7.688822 0.667984
v 3.548872 7.887506 -0.364703
v 3.551302 7.725615 0.675062
v 3.551302 7.924299 -0.357624
v 3.552759 7.763168 0.682288
v 3.552759 7.961853 -0.350399
v 3.553245 7.801483 0.689659
v 3.553245 8.000168 -0.343027
v 3.553029 7.825850 0.694347
v 3.553029 8.024534 -0.338339
v 3.552378 7.850653 0.699119
v 3.552378 8.049337 -0.333567
v 3.551295 7.875895 0.703976
v 3.551295 8.074579 -0.328711
v 3.549778 7.901575 0.708917
v 3.549778 8.100260 -0.323770
v 3.547828 7.927694 0.713942
v 3.547828 8.126381 -0.318745
v 3.545444 7.954252 0.719052
v 3.545444 8.152939 -0.313635
v 3.542627 7.981249 0.724246
v 3.542627 8.179935 -0.308441
v 3.539376 8.008684 0.729524
v 3.539376 8.207369 -0.303162
v 3.535692 8.036558 0.734887
v 3.535692 8.235243 -0.297800
v 3.531575 8.064871 0.740334
v 3.531575 8.263556 -0.292352
v 3.527024 8.093622 0.745866
v 3.527024 8.292307 -0.286821
v 3.522040 8.122810 0.751481
v 3.522040 8.321495 -0.281205
v 3.516570 8.152252 0.757146
v 3.516570 8.350937 -0.275541
v 3.510561 8.181757 0.762823
v 3.510561 8.380442 -0.269864
v 3.504014 8.211327 0.768512
v 3.504014 8.410011 -0.264175
v 3.496928 8.240961 0.774213
v 3.496928 8.439646 -0.258473
v 3.489304 8.270660 0.779927
v 3.489304 8.469345 -0.252759
v 3.481142 8.300423 0.785653
v 3.481142 8.499107 -0.247033
v 3.472441 8.330250 0.791392
v 3.472441 8.528936 -0.241294
v 3.463201 8.360144 0.797143
v 3.463201 8.558828 -0.235543
v 3.453423 8.390100 0.802907
v 3.453423 8.588785 -0.229780
v 3.443107 8.420120 0.808683
v 3.443107 8.618805 -0.224004
v 3.432252 8.450207 0.814471
v 3.432252 8.648891 -0.218215
v 3.420859 8.480356 0.820272
v 3.420859 8.679043 -0.212415
v 3.408907 8.510475 0.826067
v 3.408907 8.709160 -0.206620
v 3.396377 8.540464 0.831836
v 3.396377 8.739149 -0.200850
v 3.383270 8.570324 0.837581
v 3.383270 8.769009 -0.195105
v 3.369585 8.600056 0.843302
v 3.369585 8.798740 -0.189385
v 3.355322 8.629658 0.848997
v 3.355322 8.828342 -0.183690
v 3.340481 8.659130 0.854667
v 3.340481 8.857815 -0.178019
v 3.325062 8.688475 0.860313
v 3.325062 8.887159 -0.172374
v 3.309065 8.717690 0.865934
v 3.309065 8.916374 -0.166753
v 3.292490 8.746777 0.871530
v 3.292490 8.945461 -0.161157
v 3.275337 8.775732 0.877101
v 3.275337 8.974419 -0.155585
v 3.257607 8.804562 0.882648
v 3.257607 9.003246 -0.150039
v 3.239300 8.833260 0.888169
v 3.239300 9.031944 -0.144517
v 3.220367 8.861624 0.893626
v 3.220367 9.060308 -0.139060
v 3.200765 8.889446 0.898979
v 3.200765 9.088131 -0.133707
v 3.180494 8.916725 0.904228
v 3.180494 9.115412 -0.128459
v 3.159552 8.943464 0.909372
v 3.159552 9.142149 -0.123314
v 3.137941 8.969662 0.914412
v 3.137941 9.168346 -0.118274
v 3.115660 8.995317 0.919348
v 3.115660 9.194002 -0.113338
v 3.092709 9.020430 0.924180
v 3.092709 9.219114 -0.108507
v 3.069088 9.045002 0.928908
v 3.069088 9.243687 -0.103779
v 3.044797 9.069031 0.933531
v 3.044797 9.267717 -0.099156
v 3.019837 9.092520 0.938050
v 3.019837 9.291204 -0.094637
v 2.994206 9.115465 0.942465
v 2.994206 9.314152 -0.090222
v 2.967907 9.137871 0.946775
v 2.967907 9.336555 -0.085911
v 2.940910 9.159643 0.950964
v 2.940910 9.358328 -0.081722
v 2.913192 9.180693 0.955014
v 2.913192 9.379379 -0.077672
v 2.884751 9.201021 0.958925
v 2.884751 9.399706 -0.073761
v 2.855588 9.220627 0.962697
v 2.855588 9.419312 -0.069989
v 2.825702 9.239511 0.966330
v 2.825702 9.438196 -0.066356
v 2.795094 9.257671 0.969824
v 2.795094 9.456356 -0.062862
v 2.763764 9.275110 0.973180
v 2.763764 9.473795 -0.059507
v 2.731712 9.291826 0.976396
v 2.731712 9.490513 -0.056291
v 2.698937 9.307821 0.979473
v 2.698937 9.506506 -0.053214
v 2.665439 9.323093 0.982411
v 2.665439 9.521778 -0.050275
v 2.631220 9.337643 0.985211
v 2.631220 9.536327 -0.047476
v -1.155941 6.900653 0.516343
v -1.155941 7.099338 -0.516343
v -0.707717 6.900653 0.516343
v -0.707717 7.099338 -0.516343
v -0.187626 8.002081 0.728254
v -0.187626 8.200766 -0.304433
v -0.156329 8.068340 0.741002
v -0.156329 8.267025 -0.291685
v -0.126109 8.133387 0.753517
v -0.126109 8.332073 -0.279170
v -0.096965 8.197222 0.765798
v -0.096965 8.395906 -0.266888
v -0.068899 8.259844 0.777847
v -0.068899 8.458529 -0.254840
v -0.041909 8.321253 0.789662
v -0.041909 8.519939 -0.243025
v -0.015996 8.381451 0.801243
v -0.015996 8.580135 -0.231443
v 0.008840 8.440435 0.812592
v 0.008839 8.639120 -0.220095
v 0.032598 8.498209 0.823707
v 0.032598 8.696894 -0.208980
v 0.055280 8.554768 0.834589
v 0.055280 8.753454 -0.198098
v 0.076885 8.610115 0.845237
v 0.076885 8.808800 -0.187449
v 0.097412 8.664251 0.855653
v 0.097412 8.862936 -0.177034
v 0.116863 8.717173 0.865835
v 0.116863 8.915859 -0.166852
v 0.128211 8.717173 0.865835
v 0.128211 8.915859 -0.166852
v 0.134541 8.665154 0.855826
v 0.134541 8.863838 -0.176860
v 0.141554 8.611870 0.845575
v 0.141554 8.810555 -0.187112
v 0.149251 8.557322 0.835080
v 0.149251 8.756008 -0.197606
v 0.157630 8.501511 0.824342
v 0.157630 8.700195 -0.208344
v 0.166692 8.444435 0.813361
v 0.166692 8.643120 -0.219326
v 0.176438 8.386095 0.802137
v 0.176438 8.584780 -0.230550
v 0.186866 8.326490 0.790669
v 0.186866 8.525175 -0.242018
v 0.197977 8.265623 0.778958
v 0.197977 8.464308 -0.253728
v 0.209771 8.203491 0.767004
v 0.209771 8.402176 -0.265682
v 0.222248 8.140095 0.754807
v 0.222248 8.338779 -0.277879
v 0.235408 8.075434 0.742367
v 0.235408 8.274118 -0.290320
v 0.249250 8.009510 0.729683
v 0.249250 8.208195 -0.303003
v 0.483764 6.900653 0.516343
v 0.483763 7.099338 -0.516343
v 0.945226 6.900653 0.516343
v 0.945226 7.099338 -0.516343
v 0.421353 9.385832 0.994482
v 0.421353 9.584517 -0.038204
v -0.026871 9.385832 0.994482
v -0.026872 9.584517 -0.038204
v -0.546962 8.284403 0.782572
v -0.546962 8.483088 -0.250115
v -0.578259 8.218428 0.769878
v -0.578259 8.417112 -0.262808
v -0.608480 8.153612 0.757408
v -0.608480 8.352297 -0.275279
v -0.637623 8.089958 0.745161
v -0.637623 8.288643 -0.287525
v -0.665689 8.027466 0.733138
v -0.665690 8.226151 -0.299549
v -0.692679 7.966133 0.721338
v -0.692679 8.164818 -0.311349
v -0.718592 7.905962 0.709761
v -0.718592 8.104647 -0.322926
v -0.743427 7.846951 0.698407
v -0.743427 8.045635 -0.334279
v -0.767186 7.789101 0.687277
v -0.767186 7.987785 -0.345409
v -0.789868 7.732412 0.676371
v -0.789868 7.931097 -0.356316
v -0.811472 7.676884 0.665687
v -0.811473 7.875568 -0.366999
v -0.832001 7.622517 0.655227
v -0.832001 7.821201 -0.377459
v -0.851452 7.569311 0.644991
v -0.851452 7.767996 -0.387696
v -0.862799 7.569311 0.644991
v -0.862799 7.767996 -0.387696
v -0.867396 7.611399 0.653088
v -0.867396 7.810083 -0.379598
v -0.872990 7.656555 0.661776
v -0.872991 7.855240 -0.370910
v -0.879584 7.704782 0.671055
v -0.879584 7.903469 -0.361632
v -0.887175 7.756081 0.680924
v -0.887175 7.954765 -0.351762
v -0.895764 7.810448 0.691384
v -0.895765 8.009132 -0.341302
v -0.905352 7.867886 0.702435
v -0.905352 8.066570 -0.330251
v -0.915938 7.928392 0.714076
v -0.915938 8.127077 -0.318610
v -0.927522 7.991968 0.726308
v -0.927522 8.190653 -0.306378
v -0.940103 8.058615 0.739131
v -0.940103 8.257299 -0.293556
v -0.953684 8.128332 0.752544
v -0.953684 8.327017 -0.280143
v -0.968262 8.201117 0.766548
v -0.968262 8.399803 -0.266139
v -0.983838 8.276974 0.781142
v -0.983838 8.475658 -0.251544
v -1.218352 9.385832 0.994482
v -1.218352 9.584517 -0.038204
v -1.679815 9.385832 0.994482
v -1.679815 9.584517 -0.038204
v -2.568697 7.273058 0.587993
v -2.568697 7.471743 -0.444694
v -2.583170 7.267569 0.586937
v -2.583170 7.466255 -0.445750
v -2.598221 7.262559 0.585973
v -2.598221 7.461243 -0.446714
v -2.613850 7.258025 0.585101
v -2.613850 7.456709 -0.447586
v -2.630057 7.253968 0.584320
v -2.630057 7.452652 -0.448367
v -2.646842 7.250389 0.583631
v -2.646842 7.449074 -0.449055
v -2.664205 7.247287 0.583035
v -2.664205 7.445971 -0.449652
v -2.682145 7.244662 0.582530
v -2.682145 7.443346 -0.450157
v -2.700663 7.242515 0.582116
v -2.700663 7.441198 -0.450570
v -2.719760 7.240844 0.581795
v -2.719760 7.439529 -0.450892
v -2.739434 7.239651 0.581565
v -2.739434 7.438335 -0.451121
v -2.759686 7.238935 0.581428
v -2.759686 7.437620 -0.451259
v -2.780516 7.238697 0.581382
v -2.780516 7.437382 -0.451305
v -2.812950 7.239258 0.581490
v -2.812950 7.437943 -0.451197
v -2.844687 7.240941 0.581814
v -2.844687 7.439625 -0.450873
v -2.875728 7.243747 0.582353
v -2.875728 7.442430 -0.450333
v -2.906074 7.247674 0.583109
v -2.906074 7.446358 -0.449578
v -2.935723 7.252724 0.584081
v -2.935723 7.451408 -0.448606
v -2.964676 7.258896 0.585268
v -2.964676 7.457581 -0.447419
v -2.992933 7.266190 0.586671
v -2.992933 7.464874 -0.446015
v -3.020493 7.274605 0.588291
v -3.020493 7.473289 -0.444396
v -3.047358 7.284143 0.590126
v -3.047358 7.482828 -0.442561
v -3.073527 7.294804 0.592177
v -3.073527 7.493490 -0.440510
v -3.099000 7.306587 0.594444
v -3.099000 7.505272 -0.438243
v -3.123776 7.319492 0.596927
v -3.123776 7.518177 -0.435760
v -3.147856 7.333635 0.599648
v -3.147856 7.532320 -0.433039
v -3.171240 7.349133 0.602629
v -3.171240 7.547817 -0.430057
v -3.193929 7.365984 0.605872
v -3.193929 7.564671 -0.426815
v -3.215921 7.384192 0.609375
v -3.215921 7.582876 -0.423312
v -3.237217 7.403751 0.613138
v -3.237217 7.602436 -0.419549
v -3.257817 7.424667 0.617162
v -3.257817 7.623352 -0.415525
v -3.277721 7.446936 0.621446
v -3.277721 7.645620 -0.411240
v -3.296929 7.470560 0.625991
v -3.296929 7.669245 -0.406695
v -3.315441 7.495537 0.630797
v -3.315441 7.694221 -0.401889
v -3.333256 7.521870 0.635863
v -3.333256 7.720554 -0.396823
v -3.350376 7.549557 0.641190
v -3.350376 7.748241 -0.391496
v -3.366800 7.578598 0.646778
v -3.366800 7.777283 -0.385909
v -3.372427 7.589561 0.648887
v -3.372427 7.788246 -0.383800
v -3.377964 7.600782 0.651046
v -3.377964 7.799467 -0.381641
v -3.383408 7.612263 0.653255
v -3.383408 7.810947 -0.379432
v -3.388759 7.624001 0.655513
v -3.388759 7.822685 -0.377174
v -3.394019 7.635996 0.657821
v -3.394019 7.834681 -0.374866
v -3.399187 7.648249 0.660178
v -3.399187 7.846933 -0.372508
v -3.404263 7.660761 0.662585
v -3.404263 7.859446 -0.370101
v -3.409247 7.673531 0.665042
v -3.409247 7.872215 -0.367644
v -3.414140 7.686558 0.667549
v -3.414140 7.885242 -0.365138
v -3.418940 7.699842 0.670105
v -3.418940 7.898529 -0.362582
v -3.423649 7.713387 0.672710
v -3.423649 7.912071 -0.359976
v -3.428265 7.727188 0.675366
v -3.428265 7.925873 -0.357321
v -3.432829 7.741377 0.678096
v -3.432829 7.940062 -0.354591
v -3.437380 7.756081 0.680925
v -3.437380 7.954765 -0.351762
v -3.441917 7.771301 0.683853
v -3.441917 7.969986 -0.348834
v -3.446441 7.787037 0.686880
v -3.446441 7.985722 -0.345806
v -3.450952 7.803289 0.690007
v -3.450952 8.001974 -0.342679
v -3.455451 7.820057 0.693233
v -3.455451 8.018742 -0.339453
v -3.459936 7.837341 0.696559
v -3.459936 8.036026 -0.336128
v -3.464408 7.855141 0.699984
v -3.464408 8.053825 -0.332703
v -3.468868 7.873457 0.703507
v -3.468868 8.072142 -0.329179
v -3.473314 7.892288 0.707131
v -3.473314 8.090973 -0.325556
v -3.477747 7.911636 0.710853
v -3.477747 8.110321 -0.321834
v -3.482166 7.931499 0.714675
v -3.482166 8.130184 -0.318012
v -3.788546 9.385832 0.994482
v -3.788546 9.584517 -0.038204
v -4.250009 9.385832 0.994483
v -4.250009 9.584517 -0.038204
v -3.924716 7.840488 0.697164
v -3.924716 8.039173 -0.335522
v -3.919666 7.817554 0.692752
v -3.919666 8.016239 -0.339934
v -3.914603 7.795189 0.688449
v -3.914603 7.993874 -0.344238
v -3.909527 7.773390 0.684255
v -3.909527 7.972075 -0.348432
v -3.904437 7.752159 0.680170
v -3.904437 7.950844 -0.352516
v -3.899335 7.731497 0.676195
v -3.899335 7.930182 -0.356492
v -3.894219 7.711401 0.672328
v -3.894219 7.910086 -0.360358
v -3.889089 7.691872 0.668571
v -3.889089 7.890556 -0.364115
v -3.883948 7.672911 0.664923
v -3.883948 7.871595 -0.367763
v -3.878794 7.654518 0.661384
v -3.878794 7.853203 -0.371302
v -3.873626 7.636692 0.657955
v -3.873626 7.835377 -0.374732
v -3.868445 7.619434 0.654634
v -3.868445 7.818119 -0.378052
v -3.863251 7.602743 0.651423
v -3.863251 7.801428 -0.381263
v -3.857977 7.586439 0.648286
v -3.857977 7.785124 -0.384400
v -3.852560 7.570343 0.645189
v -3.852560 7.769028 -0.387497
v -3.846998 7.554451 0.642132
v -3.846998 7.753136 -0.390555
v -3.841292 7.538767 0.639114
v -3.841292 7.737452 -0.393572
v -3.835441 7.523289 0.636136
v -3.835441 7.721973 -0.396550
v -3.829446 7.508017 0.633198
v -3.829446 7.706701 -0.399488
v -3.823305 7.492950 0.630300
v -3.823305 7.691637 -0.402387
v -3.817021 7.478092 0.627441
v -3.817021 7.676777 -0.405246
v -3.810592 7.463440 0.624622
v -3.810592 7.662125 -0.408065
v -3.804019 7.448994 0.621842
v -3.804019 7.647678 -0.410844
v -3.797301 7.434753 0.619103
v -3.797301 7.633438 -0.413584
v -3.790438 7.420719 0.616403
v -3.790438 7.619404 -0.416284
v -3.779839 7.400114 0.612438
v -3.779839 7.598799 -0.420248
v -3.768847 7.379780 0.608526
v -3.768847 7.578465 -0.424161
v -3.757460 7.359716 0.604666
v -3.757460 7.558401 -0.428021
v -3.745679 7.339924 0.600858
v -3.745679 7.538609 -0.431829
v -3.733505 7.320402 0.597102
v -3.733505 7.519087 -0.435585
v -3.720935 7.301151 0.593398
v -3.720935 7.499836 -0.439289
v -3.707972 7.282171 0.589746
v -3.707972 7.480856 -0.442940
v -3.694616 7.263462 0.586147
v -3.694616 7.462147 -0.446540
v -3.680865 7.245024 0.582599
v -3.680865 7.443708 -0.450087
v -3.666720 7.226855 0.579104
v -3.666720 7.425541 -0.453583
v -3.652180 7.208959 0.575661
v -3.652180 7.407644 -0.457026
v -3.637247 7.191334 0.572269
v -3.637247 7.390018 -0.460417
v -3.621861 7.174056 0.568945
v -3.621861 7.372740 -0.463741
v -3.605963 7.157204 0.565703
v -3.605963 7.355888 -0.466984
v -3.589553 7.140778 0.562543
v -3.589553 7.339462 -0.470144
v -3.572630 7.124777 0.559464
v -3.572630 7.323462 -0.473222
v -3.555195 7.109202 0.556468
v -3.555195 7.307886 -0.476219
v -3.537248 7.094053 0.553553
v -3.537248 7.292738 -0.479134
v -3.518789 7.079329 0.550720
v -3.518789 7.278013 -0.481966
v -3.499817 7.065031 0.547969
v -3.499817 7.263716 -0.484717
v -3.480333 7.051159 0.545300
v -3.480333 7.249844 -0.487386
v -3.460337 7.037712 0.542713
v -3.460337 7.236397 -0.489973
v -3.439829 7.024692 0.540208
v -3.439829 7.223376 -0.492479
v -3.418809 7.012095 0.537785
v -3.418809 7.210781 -0.494902
v -3.397251 6.999939 0.535446
v -3.397251 7.198624 -0.497241
v -3.375128 6.988234 0.533194
v -3.375128 7.186918 -0.499493
v -3.352439 6.976979 0.531029
v -3.352439 7.175665 -0.501658
v -3.329186 6.966177 0.528950
v -3.329186 7.164862 -0.503736
v -3.305369 6.955826 0.526959
v -3.305369 7.154511 -0.505728
v -3.280986 6.945927 0.525054
v -3.280986 7.144611 -0.507633
v -3.256038 6.936479 0.523236
v -3.256038 7.135163 -0.509450
v -3.230526 6.927482 0.521505
v -3.230526 7.126166 -0.511181
v -3.204449 6.918937 0.519861
v -3.204449 7.117621 -0.512825
v -3.177808 6.910843 0.518304
v -3.177808 7.109528 -0.514383
v -3.150602 6.903200 0.516834
v -3.150602 7.101885 -0.515853
v -3.122830 6.896009 0.515450
v -3.122830 7.094694 -0.517236
v -3.094436 6.889335 0.514166
v -3.094436 7.088019 -0.518521
v -3.065358 6.883240 0.512993
v -3.065358 7.081924 -0.519693
v -3.035597 6.877726 0.511932
v -3.035597 7.076410 -0.520754
v -3.005154 6.872792 0.510983
v -3.005154 7.071477 -0.521703
v -2.974028 6.868439 0.510146
v -2.974028 7.067123 -0.522541
v -2.942218 6.864666 0.509420
v -2.942218 7.063351 -0.523267
v -2.909725 6.861474 0.508806
v -2.909725 7.060159 -0.523881
v -2.876550 6.858862 0.508303
v -2.876550 7.057547 -0.524383
v -2.842692 6.856831 0.507912
v -2.842692 7.055515 -0.524774
v -2.808151 6.855379 0.507633
v -2.808151 7.054064 -0.525054
v -2.772926 6.854508 0.507465
v -2.772926 7.053193 -0.525221
v -2.737017 6.854218 0.507410
v -2.737017 7.052903 -0.525277
v -2.697807 6.854644 0.507492
v -2.697807 7.053329 -0.525195
v -2.659608 6.855921 0.507737
v -2.659608 7.054605 -0.524949
v -2.622420 6.858049 0.508147
v -2.622420 7.056734 -0.524540
v -2.586244 6.861029 0.508720
v -2.586244 7.059713 -0.523967
v -2.551079 6.864860 0.509457
v -2.551079 7.063544 -0.523230
v -2.516925 6.869541 0.510358
v -2.516925 7.068227 -0.522329
v -2.483782 6.875075 0.511422
v -2.483782 7.073760 -0.521264
v -2.451650 6.881460 0.512651
v -2.451650 7.080145 -0.520036
v -2.420531 6.888696 0.514043
v -2.420531 7.087380 -0.518644
v -2.390422 6.896783 0.515599
v -2.390422 7.095469 -0.517088
v -2.361325 6.905722 0.517319
v -2.361325 7.104406 -0.515368
v -2.333238 6.915512 0.519202
v -2.333238 7.114197 -0.513484
v -2.306091 6.926024 0.521225
v -2.306091 7.124709 -0.511462
v -2.279811 6.937130 0.523361
v -2.279811 7.135815 -0.509325
v -2.254397 6.948829 0.525612
v -2.254397 7.147513 -0.507074
v -2.229850 6.961121 0.527977
v -2.229850 7.159806 -0.504709
v -2.206170 6.974007 0.530456
v -2.206170 7.172691 -0.502230
v -2.183357 6.987486 0.533050
v -2.183357 7.186171 -0.499637
v -2.161410 7.001557 0.535757
v -2.161410 7.200243 -0.496929
v -2.140331 7.016223 0.538579
v -2.140331 7.214909 -0.494108
v -2.120118 7.031482 0.541515
v -2.120118 7.230167 -0.491172
v -2.100773 7.047335 0.544564
v -2.100773 7.246019 -0.488122
v -2.082294 7.063780 0.547728
v -2.082294 7.262465 -0.484958
v -2.064682 7.080819 0.551007
v -2.064682 7.279503 -0.481680
v -2.047897 7.098387 0.554387
v -2.047897 7.297071 -0.478300
v -2.031900 7.116419 0.557856
v -2.031900 7.315104 -0.474831
v -2.016692 7.134915 0.561415
v -2.016692 7.333599 -0.471272
v -2.002271 7.153876 0.565063
v -2.002271 7.352560 -0.467624
v -1.988638 7.173301 0.568800
v -1.988638 7.371986 -0.463887
v -1.975794 7.193191 0.572627
v -1.975794 7.391874 -0.460060
v -1.963737 7.213545 0.576543
v -1.963737 7.412230 -0.456144
v -1.952469 7.234363 0.580548
v -1.952469 7.433046 -0.452139
v -1.941988 7.255645 0.584643
v -1.941988 7.454330 -0.448044
v -1.932296 7.277391 0.588827
v -1.932296 7.476076 -0.443860
v -1.923392 7.299603 0.593100
v -1.923392 7.498287 -0.439587
v -1.915274 7.322279 0.597463
v -1.915274 7.520964 -0.435224
v -1.907873 7.345289 0.601890
v -1.907873 7.543974 -0.430797
v -1.901116 7.368507 0.606357
v -1.901116 7.567192 -0.426330
v -1.895003 7.391930 0.610863
v -1.895003 7.590614 -0.421823
v -1.889532 7.415560 0.615410
v -1.889532 7.614244 -0.417277
v -1.884706 7.439396 0.619996
v -1.884706 7.638083 -0.412691
v -1.880523 7.463440 0.624622
v -1.880523 7.662125 -0.408065
v -1.876983 7.487688 0.629287
v -1.876983 7.686373 -0.403400
v -1.874087 7.512144 0.633992
v -1.874087 7.710829 -0.398694
v -1.871835 7.536806 0.638737
v -1.871835 7.735491 -0.393950
v -1.870226 7.561674 0.643521
v -1.870226 7.760359 -0.389165
v -1.869261 7.586750 0.648346
v -1.869261 7.785435 -0.384341
v -1.868939 7.612030 0.653210
v -1.868939 7.810715 -0.379477
v -1.869024 7.626858 0.656062
v -1.869024 7.825542 -0.376624
v -1.869280 7.641619 0.658903
v -1.869280 7.840303 -0.373784
v -1.869707 7.656317 0.661730
v -1.869707 7.855001 -0.370956
v -1.870304 7.670950 0.664546
v -1.870304 7.869635 -0.368141
v -1.871073 7.685520 0.667349
v -1.871073 7.884205 -0.365338
v -1.872012 7.700024 0.670139
v -1.872012 7.898708 -0.362547
v -1.873122 7.714464 0.672918
v -1.873122 7.913149 -0.359769
v -1.874402 7.728840 0.675683
v -1.874402 7.927525 -0.357003
v -1.875853 7.743151 0.678437
v -1.875853 7.941835 -0.354250
v -1.877476 7.757397 0.681178
v -1.877476 7.956081 -0.351509
v -1.879268 7.771578 0.683906
v -1.879268 7.970263 -0.348780
v -1.881232 7.785696 0.686622
v -1.881232 7.984381 -0.346064
v -1.883327 7.799801 0.689336
v -1.883327 7.998486 -0.343351
v -1.885513 7.813944 0.692057
v -1.885514 8.012629 -0.340629
v -1.887792 7.828125 0.694786
v -1.887792 8.026810 -0.337901
v -1.890162 7.842346 0.697522
v -1.890162 8.041031 -0.335165
v -1.892624 7.856606 0.700265
v -1.892625 8.055290 -0.332422
v -1.895179 7.870903 0.703016
v -1.895179 8.069588 -0.329671
v -1.897826 7.885241 0.705774
v -1.897826 8.083925 -0.326912
v -1.900564 7.899614 0.708540
v -1.900564 8.098301 -0.324147
v -1.903394 7.914030 0.711313
v -1.903395 8.112715 -0.321373
v -1.906316 7.928482 0.714094
v -1.906316 8.127167 -0.318593
v -1.909331 7.942974 0.716882
v -1.909331 8.141659 -0.315805
v -1.912437 7.957504 0.719677
v -1.912437 8.156189 -0.313009
v -2.213144 9.385832 0.994482
v -2.213145 9.584517 -0.038204
v -2.674607 9.385832 0.994482
v -2.674607 9.584517 -0.038204
v -2.364443 7.907354 0.710029
v -2.364443 8.106039 -0.322658
v -2.361974 7.896559 0.707952
v -2.361975 8.095243 -0.324735
v -2.359610 7.885839 0.705890
v -2.359611 8.084524 -0.326797
v -2.357352 7.875198 0.703842
v -2.357352 8.073883 -0.328844
v -2.355198 7.864634 0.701810
v -2.355198 8.063318 -0.330877
v -2.353149 7.854147 0.699792
v -2.353150 8.052834 -0.332894
v -2.351206 7.843739 0.697790
v -2.351206 8.042423 -0.334897
v -2.349368 7.833406 0.695802
v -2.349368 8.032091 -0.336885
v -2.347634 7.823153 0.693829
v -2.347635 8.021837 -0.338858
v -2.346006 7.812975 0.691871
v -2.346006 8.011662 -0.340816
v -2.344482 7.802876 0.689928
v -2.344482 8.001560 -0.342759
v -2.343064 7.792854 0.688000
v -2.343064 7.991539 -0.344687
v -2.341748 7.782909 0.686086
v -2.341749 7.981594 -0.346600
v -2.340541 7.773043 0.684188
v -2.340541 7.971727 -0.348499
v -2.339437 7.763252 0.682304
v -2.339437 7.961937 -0.350382
v -2.338439 7.753540 0.680436
v -2.338439 7.952225 -0.352251
v -2.337546 7.743904 0.678582
v -2.337546 7.942589 -0.354105
v -2.336758 7.734346 0.676743
v -2.336758 7.933031 -0.355944
v -2.336075 7.724867 0.674919
v -2.336075 7.923552 -0.357768
v -2.335497 7.715464 0.673110
v -2.335497 7.914148 -0.359577
v -2.335024 7.706139 0.671316
v -2.335024 7.904823 -0.361371
v -2.334657 7.696890 0.669536
v -2.334657 7.895575 -0.363150
v -2.334394 7.687719 0.667772
v -2.334394 7.886404 -0.364915
v -2.334236 7.678625 0.666022
v -2.334236 7.877310 -0.366664
v -2.334184 7.669609 0.664288
v -2.334184 7.868294 -0.368399
v -2.334341 7.654827 0.661444
v -2.334341 7.853512 -0.371243
v -2.334814 7.640200 0.658630
v -2.334814 7.838886 -0.374057
v -2.335601 7.625729 0.655845
v -2.335601 7.824413 -0.376841
v -2.336704 7.611410 0.653091
v -2.336704 7.810097 -0.379596
v -2.338122 7.597248 0.650366
v -2.338122 7.795933 -0.382321
v -2.339856 7.583241 0.647671
v -2.339856 7.781925 -0.385016
v -2.341904 7.569387 0.645006
v -2.341904 7.768072 -0.387681
v -2.344268 7.555689 0.642370
v -2.344268 7.754375 -0.390316
v -2.346947 7.542147 0.639764
v -2.346947 7.740831 -0.392922
v -2.349941 7.528757 0.637188
v -2.349941 7.727442 -0.395498
v -2.353251 7.515524 0.634642
v -2.353251 7.714209 -0.398044
v -2.356878 7.502445 0.632126
v -2.356878 7.701130 -0.400561
v -2.360864 7.489578 0.629651
v -2.360864 7.688263 -0.403036
v -2.365257 7.476982 0.627227
v -2.365257 7.675669 -0.405459
v -2.370057 7.464659 0.624856
v -2.370057 7.663343 -0.407831
v -2.375265 7.452604 0.622537
v -2.375265 7.651289 -0.410150
v -2.380879 7.440823 0.620270
v -2.380879 7.639507 -0.412417
v -2.386901 7.429310 0.618055
v -2.386901 7.627995 -0.414631
v -2.393331 7.418070 0.615892
v -2.393331 7.616755 -0.416794
v -2.400167 7.407099 0.613782
v -2.400167 7.605783 -0.418905
v -2.407410 7.396400 0.611723
v -2.407410 7.595085 -0.420963
v -2.415060 7.385971 0.609717
v -2.415060 7.584656 -0.422970
v -2.423118 7.375814 0.607763
v -2.423118 7.574499 -0.424924
v -2.431582 7.365927 0.605860
v -2.431582 7.564611 -0.426826
v -2.440480 7.356344 0.604017
v -2.440480 7.555029 -0.428670
v -2.449838 7.347095 0.602237
v -2.449838 7.545780 -0.430449
v -2.459655 7.338182 0.600523
v -2.459655 7.536867 -0.432164
v -2.469932 7.329605 0.598872
v -2.469932 7.528290 -0.433814
v -2.480669 7.321363 0.597286
v -2.480669 7.520048 -0.435400
v -2.491865 7.313456 0.595765
v -2.491865 7.512140 -0.436921
v -2.503522 7.305885 0.594309
v -2.503522 7.504570 -0.438378
v -2.515637 7.298649 0.592916
v -2.515637 7.497334 -0.439770
v -2.528213 7.291748 0.591589
v -2.528213 7.490433 -0.441098
v -2.541248 7.285183 0.590326
v -2.541248 7.483868 -0.442361
v -2.554743 7.278952 0.589127
v -2.554743 7.477636 -0.443560
v -5.606030 7.490372 0.629803
v -5.606030 7.689056 -0.402883
v -5.613278 7.504295 0.632482
v -5.613278 7.702980 -0.400204
v -5.619897 7.518517 0.635218
v -5.619897 7.717201 -0.397468
v -5.625885 7.533033 0.638011
v -5.625885 7.731718 -0.394675
v -5.631244 7.547848 0.640862
v -5.631244 7.746532 -0.391825
v -5.635972 7.562958 0.643769
v -5.635972 7.761642 -0.388918
v -5.640069 7.578365 0.646733
v -5.640069 7.777050 -0.385953
v -5.643536 7.594069 0.649754
v -5.643536 7.792753 -0.382932
v -5.646372 7.610069 0.652833
v -5.646372 7.808754 -0.379854
v -5.648578 7.626368 0.655968
v -5.648578 7.825052 -0.376718
v -5.650153 7.642962 0.659161
v -5.650153 7.841646 -0.373526
v -5.651098 7.659851 0.662411
v -5.651098 7.858536 -0.370276
v -5.651419 7.677038 0.665717
v -5.651419 7.875723 -0.366969
v -5.651097 7.691059 0.668415
v -5.651097 7.889744 -0.364272
v -5.650132 7.704641 0.671028
v -5.650132 7.903326 -0.361658
v -5.648524 7.717785 0.673557
v -5.648524 7.916470 -0.359130
v -5.646272 7.730490 0.676001
v -5.646272 7.929174 -0.356685
v -5.643376 7.742756 0.678361
v -5.643376 7.941441 -0.354325
v -5.639837 7.754585 0.680637
v -5.639837 7.953270 -0.352050
v -5.635653 7.765974 0.682828
v -5.635653 7.964659 -0.349858
v -5.630827 7.776924 0.684935
v -5.630827 7.975609 -0.347751
v -5.625357 7.787437 0.686958
v -5.625357 7.986122 -0.345729
v -5.619243 7.797510 0.688896
v -5.619243 7.996195 -0.343791
v -5.612485 7.807146 0.690750
v -5.612485 8.005831 -0.341937
v -5.605083 7.816343 0.692519
v -5.605083 8.015028 -0.340168
v -5.597164 7.825191 0.694221
v -5.597164 8.023876 -0.338465
v -5.588850 7.833780 0.695874
v -5.588850 8.032467 -0.336812
v -5.580144 7.842113 0.697477
v -5.580144 8.040798 -0.335209
v -5.571042 7.850187 0.699031
v -5.571042 8.048872 -0.333656
v -5.561545 7.858004 0.700535
v -5.561545 8.056688 -0.332152
v -5.551656 7.865562 0.701989
v -5.551656 8.064247 -0.330698
v -5.541372 7.872864 0.703393
v -5.541372 8.071548 -0.329293
v -5.530694 7.879906 0.704748
v -5.530694 8.078590 -0.327938
v -5.519622 7.886690 0.706054
v -5.519622 8.085375 -0.326633
v -5.508157 7.893217 0.707309
v -5.508157 8.091902 -0.325377
v -5.496298 7.899487 0.708515
v -5.496298 8.098171 -0.324171
v -5.484045 7.905497 0.709672
v -5.484045 8.104181 -0.323015
v -5.471437 7.911320 0.710792
v -5.471437 8.110004 -0.321894
v -5.458513 7.917028 0.711890
v -5.458513 8.115713 -0.320796
v -5.445274 7.922619 0.712966
v -5.445274 8.121304 -0.319720
v -5.431720 7.928095 0.714020
v -5.431720 8.126780 -0.318667
v -5.417851 7.933455 0.715051
v -5.417851 8.132139 -0.317636
v -5.403667 7.938698 0.716060
v -5.403667 8.137383 -0.316627
v -5.389167 7.943825 0.717046
v -5.389167 8.142509 -0.315641
v -5.374352 7.948835 0.718010
v -5.374352 8.147520 -0.314676
v -5.359223 7.953732 0.718952
v -5.359223 8.152416 -0.313735
v -5.343778 7.958509 0.719871
v -5.343778 8.157194 -0.312815
v -5.328018 7.963173 0.720768
v -5.328018 8.161858 -0.311918
v -5.311942 7.967720 0.721643
v -5.311942 8.166405 -0.311043
v -5.295675 7.972227 0.722511
v -5.295675 8.170912 -0.310176
v -5.279344 7.976774 0.723385
v -5.279344 8.175459 -0.309301
v -5.262946 7.981359 0.724268
v -5.262946 8.180044 -0.308419
v -5.246483 7.985983 0.725157
v -5.246483 8.184668 -0.307529
v -5.229955 7.990646 0.726054
v -5.229955 8.189331 -0.306632
v -5.213360 7.995348 0.726959
v -5.213360 8.194033 -0.305728
v -5.196701 8.000088 0.727871
v -5.196701 8.198772 -0.304816
v -5.179975 8.004868 0.728790
v -5.179975 8.203552 -0.303896
v -5.163184 8.009684 0.729717
v -5.163184 8.208370 -0.302969
v -5.146327 8.014542 0.730652
v -5.146327 8.213226 -0.302035
v -5.129404 8.019436 0.731593
v -5.129404 8.218121 -0.301093
v -5.112416 8.024370 0.732543
v -5.112416 8.223055 -0.300144
v -5.092669 8.030651 0.733751
v -5.092669 8.229336 -0.298935
v -5.073145 8.037113 0.734994
v -5.073145 8.235798 -0.297692
v -5.053846 8.043756 0.736272
v -5.053846 8.242441 -0.296414
v -5.034770 8.050579 0.737585
v -5.034770 8.249264 -0.295101
v -5.015916 8.057583 0.738933
v -5.015916 8.256268 -0.293754
v -4.997286 8.064768 0.740315
v -4.997286 8.263453 -0.292372
v -4.978880 8.072132 0.741732
v -4.978880 8.270817 -0.290955
v -4.960697 8.079678 0.743184
v -4.960697 8.278364 -0.289503
v -4.942737 8.087404 0.744670
v -4.942737 8.286089 -0.288016
v -4.925001 8.095312 0.746192
v -4.925001 8.293997 -0.286495
v -4.907487 8.103399 0.747747
v -4.907487 8.302084 -0.284939
v -4.890195 8.111666 0.749338
v -4.890195 8.310350 -0.283348
v -4.873207 8.120186 0.750977
v -4.873207 8.318871 -0.281709
v -4.856598 8.129028 0.752678
v -4.856598 8.327713 -0.280008
v -4.840372 8.138191 0.754441
v -4.840372 8.336878 -0.278245
v -4.824526 8.147678 0.756267
v -4.824526 8.346363 -0.276420
v -4.809062 8.157488 0.758154
v -4.809062 8.356173 -0.274533
v -4.793978 8.167620 0.760103
v -4.793978 8.366304 -0.272583
v -4.779275 8.178074 0.762115
v -4.779275 8.376759 -0.270572
v -4.764952 8.188850 0.764188
v -4.764952 8.387535 -0.268498
v -4.751011 8.199949 0.766324
v -4.751011 8.398636 -0.266363
v -4.737450 8.211372 0.768521
v -4.737450 8.410057 -0.264166
v -4.724270 8.223116 0.770781
v -4.724270 8.421801 -0.261906
v -4.711472 8.235182 0.773102
v -4.711472 8.433867 -0.259584
v -4.699087 8.247623 0.775496
v -4.699087 8.446308 -0.257191
v -4.687148 8.260489 0.777971
v -4.687148 8.459173 -0.254716
v -4.675657 8.273781 0.780528
v -4.675657 8.472466 -0.252158
v -4.664612 8.287498 0.783168
v -4.664612 8.486183 -0.249519
v -4.654014 8.301641 0.785889
v -4.654014 8.500326 -0.246798
v -4.643862 8.316210 0.788692
v -4.643862 8.514896 -0.243995
v -4.634155 8.331205 0.791576
v -4.634155 8.529890 -0.241110
v -4.624896 8.346624 0.794543
v -4.624896 8.545311 -0.238143
v -4.616084 8.362471 0.797592
v -4.616084 8.561155 -0.235095
v -4.607718 8.378742 0.800722
v -4.607718 8.577427 -0.231964
v -4.599799 8.395439 0.803935
v -4.599799 8.594124 -0.228752
v -4.592325 8.412563 0.807229
v -4.592325 8.611248 -0.225457
v -4.585377 8.430130 0.810609
v -4.585377 8.628815 -0.222077
v -4.579033 8.448162 0.814079
v -4.579033 8.646847 -0.218608
v -4.573293 8.466660 0.817637
v -4.573293 8.665344 -0.215049
v -4.568157 8.485619 0.821285
v -4.568157 8.684305 -0.211401
v -4.563627 8.505045 0.825022
v -4.563627 8.703730 -0.207664
v -4.559700 8.524935 0.828849
v -4.559700 8.723619 -0.203837
v -4.556377 8.545288 0.832765
v -4.556377 8.743973 -0.199921
v -4.553658 8.566107 0.836771
v -4.553658 8.764791 -0.195916
v -4.551544 8.587389 0.840865
v -4.551544 8.786074 -0.191821
v -4.550033 8.609135 0.845049
v -4.550033 8.807821 -0.187637
v -4.549127 8.631348 0.849323
v -4.549127 8.830032 -0.183364
v -4.548826 8.654022 0.853685
v -4.548826 8.852707 -0.179001
v -4.549278 8.682909 0.859243
v -4.549278 8.881594 -0.173444
v -4.550639 8.711369 0.864719
v -4.550639 8.910053 -0.167968
v -4.552904 8.739405 0.870112
v -4.552904 8.938089 -0.162574
v -4.556076 8.767014 0.875424
v -4.556076 8.965698 -0.157262
v -4.560154 8.794197 0.880654
v -4.560154 8.992882 -0.152032
v -4.565138 8.820955 0.885802
v -4.565138 9.019640 -0.146884
v -4.571028 8.847286 0.890869
v -4.571028 9.045971 -0.141818
v -4.577826 8.873194 0.895853
v -4.577826 9.071878 -0.136834
v -4.585528 8.898674 0.900755
v -4.585528 9.097359 -0.131931
v -4.594138 8.923729 0.905576
v -4.594138 9.122416 -0.127111
v -4.603653 8.948359 0.910315
v -4.603653 9.147045 -0.122372
v -4.614073 8.972563 0.914971
v -4.614073 9.171249 -0.117715
v -4.625329 8.996265 0.919531
v -4.625329 9.194950 -0.113155
v -4.637346 9.019384 0.923980
v -4.637346 9.218069 -0.108707
v -4.650125 9.041925 0.928316
v -4.650125 9.240610 -0.104370
v -4.663666 9.063885 0.932541
v -4.663666 9.262569 -0.100145
v -4.677969 9.085264 0.936655
v -4.677969 9.283949 -0.096032
v -4.693032 9.106064 0.940656
v -4.693032 9.304749 -0.092030
v -4.708858 9.126282 0.944546
v -4.708858 9.324966 -0.088140
v -4.725446 9.145920 0.948324
v -4.725446 9.344604 -0.084362
v -4.742795 9.164976 0.951991
v -4.742795 9.363663 -0.080696
v -4.760907 9.183455 0.955546
v -4.760907 9.382139 -0.077141
v -4.779780 9.201351 0.958989
v -4.779780 9.400036 -0.073697
v -4.799415 9.218666 0.962321
v -4.799415 9.417351 -0.070366
v -4.819779 9.235371 0.965534
v -4.819779 9.434055 -0.067152
v -4.840839 9.251429 0.968624
v -4.840839 9.450113 -0.064063
v -4.862595 9.266842 0.971590
v -4.862595 9.465527 -0.061097
v -4.885046 9.281610 0.974431
v -4.885046 9.480295 -0.058256
v -4.908195 9.295734 0.977148
v -4.908195 9.494421 -0.055538
v -4.932040 9.309214 0.979742
v -4.932040 9.507898 -0.052945
v -4.956579 9.322048 0.982211
v -4.956579 9.520733 -0.050476
v -4.981817 9.334238 0.984556
v -4.981817 9.532923 -0.048131
v -5.007748 9.345781 0.986777
v -5.007748 9.544466 -0.045909
v -5.034377 9.356680 0.988874
v -5.034377 9.555365 -0.043813
v -5.061701 9.366936 0.990847
v -5.061701 9.565620 -0.041840
v -5.089720 9.376545 0.992696
v -5.089720 9.575230 -0.039991
v -5.118364 9.385445 0.994408
v -5.118364 9.584129 -0.038278
v -5.147562 9.393570 0.995972
v -5.147562 9.592255 -0.036715
v -5.177309 9.400923 0.997386
v -5.177309 9.599607 -0.035300
v -5.207607 9.407501 0.998652
v -5.207607 9.606186 -0.034035
v -5.238458 9.413305 0.999768
v -5.238458 9.611990 -0.032918
v -5.269860 9.418335 1.000736
v -5.269860 9.617020 -0.031950
v -5.301815 9.422592 1.001555
v -5.301815 9.621277 -0.031131
v -5.334319 9.426075 1.002225
v -5.334319 9.624760 -0.030461
v -5.367377 9.428783 1.002746
v -5.367377 9.627468 -0.029940
v -5.400986 9.430717 1.003119
v -5.400986 9.629402 -0.029568
v -5.435147 9.431879 1.003342
v -5.435147 9.630564 -0.029345
v -5.469860 9.432266 1.003417
v -5.469860 9.630951 -0.029270
v -5.507027 9.431936 1.003353
v -5.507027 9.630621 -0.029333
v -5.544144 9.430950 1.003163
v -5.544144 9.629635 -0.029523
v -5.581206 9.429306 1.002847
v -5.581206 9.627991 -0.029840
v -5.618218 9.427004 1.002404
v -5.618218 9.625687 -0.030283
v -5.655176 9.424044 1.001834
v -5.655176 9.622726 -0.030852
v -5.692081 9.420425 1.001138
v -5.692081 9.619110 -0.031548
v -5.728934 9.416149 1.000316
v -5.728934 9.614834 -0.032371
v -5.765734 9.411215 0.999366
v -5.765734 9.609900 -0.033320
v -5.802482 9.405624 0.998291
v -5.802482 9.604309 -0.034396
v -5.839177 9.399374 0.997088
v -5.839177 9.598059 -0.035598
v -5.875820 9.392467 0.995759
v -5.875820 9.591152 -0.036927
v -5.912409 9.384903 0.994304
v -5.912409 9.583588 -0.038383
v -5.948606 9.376848 0.992754
v -5.948606 9.575533 -0.039932
v -5.984067 9.368469 0.991142
v -5.984067 9.567156 -0.041544
v -6.018791 9.359770 0.989469
v -6.018791 9.558455 -0.043218
v -6.052782 9.350748 0.987733
v -6.052782 9.549433 -0.044954
v -6.086035 9.341402 0.985935
v -6.086035 9.540087 -0.046752
v -6.118554 9.331736 0.984075
v -6.118554 9.530420 -0.048612
v -6.150337 9.321745 0.982153
v -6.150337 9.520430 -0.050534
v -6.181385 9.311432 0.980169
v -6.181385 9.510118 -0.052518
v -6.211697 9.300798 0.978123
v -6.211697 9.499483 -0.054564
v -6.241274 9.289841 0.976014
v -6.241274 9.488525 -0.056672
v -6.270115 9.278561 0.973844
v -6.270115 9.477245 -0.058842
v -6.298223 9.266958 0.971612
v -6.298223 9.465643 -0.061075
v -6.216898 8.889910 0.899069
v -6.216898 9.088594 -0.133617
v -6.181602 8.903519 0.901687
v -6.181602 9.102203 -0.130999
v -6.146948 8.916481 0.904181
v -6.146948 9.115166 -0.128505
v -6.112939 8.928799 0.906551
v -6.112939 9.127483 -0.126135
v -6.079573 8.940472 0.908797
v -6.079573 9.139156 -0.123889
v -6.046850 8.951500 0.910919
v -6.046850 9.150185 -0.121768
v -6.014771 8.961884 0.912917
v -6.014771 9.160568 -0.119770
v -5.983335 8.971622 0.914790
v -5.983335 9.170307 -0.117896
v -5.952544 8.980715 0.916540
v -5.952544 9.179399 -0.116147
v -5.922397 8.989164 0.918165
v -5.922397 9.187849 -0.114521
v -5.892892 8.996967 0.919667
v -5.892892 9.195652 -0.113020
v -5.864031 9.004126 0.921044
v -5.864031 9.202810 -0.111643
v -5.835814 9.010639 0.922297
v -5.835814 9.209324 -0.110389
v -5.807911 9.016573 0.923439
v -5.807911 9.215258 -0.109248
v -5.779996 9.021990 0.924481
v -5.779996 9.220676 -0.108205
v -5.752067 9.026892 0.925424
v -5.752067 9.225576 -0.107262
v -5.724125 9.031279 0.926268
v -5.724125 9.229963 -0.106419
v -5.696170 9.035147 0.927012
v -5.696170 9.233831 -0.105674
v -5.668201 9.038502 0.927658
v -5.668201 9.237186 -0.105029
v -5.640221 9.041338 0.928204
v -5.640221 9.240025 -0.104483
v -5.612226 9.043661 0.928650
v -5.612226 9.242346 -0.104036
v -5.584220 9.045465 0.928998
v -5.584220 9.244152 -0.103689
v -5.556200 9.046757 0.929246
v -5.556200 9.245441 -0.103441
v -5.528166 9.047529 0.929395
v -5.528166 9.246216 -0.103292
v -5.500119 9.047787 0.929444
v -5.500119 9.246473 -0.103242
v -5.463293 9.047142 0.929320
v -5.463293 9.245829 -0.103366
v -5.427833 9.045208 0.928948
v -5.427833 9.243893 -0.103739
v -5.393738 9.041983 0.928328
v -5.393738 9.240667 -0.104359
v -5.361009 9.037468 0.927459
v -5.361009 9.236155 -0.105228
v -5.329646 9.031664 0.926342
v -5.329646 9.230349 -0.106344
v -5.299649 9.024570 0.924977
v -5.299649 9.223255 -0.107709
v -5.271019 9.016186 0.923364
v -5.271019 9.214870 -0.109322
v -5.243753 9.006512 0.921503
v -5.243753 9.205198 -0.111183
v -5.217853 8.995548 0.919394
v -5.217853 9.194233 -0.113293
v -5.193319 8.983295 0.917036
v -5.193319 9.181980 -0.115650
v -5.170151 8.969751 0.914430
v -5.170151 9.168436 -0.118256
v -5.148349 8.954918 0.911577
v -5.148349 9.153603 -0.121110
v -5.128110 8.939001 0.908514
v -5.128110 9.137686 -0.124172
v -5.109631 8.922209 0.905283
v -5.109631 9.120893 -0.127403
v -5.092913 8.904537 0.901883
v -5.092913 9.103222 -0.130803
v -5.077953 8.885988 0.898315
v -5.077953 9.084675 -0.134372
v -5.064754 8.866564 0.894577
v -5.064754 9.065248 -0.138109
v -5.053314 8.846262 0.890671
v -5.053314 9.044947 -0.142015
v -5.043635 8.825083 0.886597
v -5.043635 9.023767 -0.146090
v -5.035716 8.803026 0.882353
v -5.035716 9.001711 -0.150334
v -5.029556 8.780092 0.877941
v -5.029556 8.978777 -0.154746
v -5.025156 8.756281 0.873360
v -5.025156 8.954967 -0.159327
v -5.022516 8.731594 0.868610
v -5.022516 8.930279 -0.164077
v -5.021636 8.706030 0.863691
v -5.021636 8.904715 -0.168995
v -5.021872 8.692272 0.861045
v -5.021872 8.890957 -0.171642
v -5.022583 8.678865 0.858465
v -5.022583 8.877550 -0.174222
v -5.023764 8.665806 0.855952
v -5.023764 8.864491 -0.176734
v -5.025419 8.653093 0.853507
v -5.025419 8.851778 -0.179180
v -5.027546 8.640730 0.851128
v -5.027546 8.839415 -0.181559
v -5.030147 8.628716 0.848816
v -5.030147 8.827400 -0.183870
v -5.033221 8.617048 0.846572
v -5.033221 8.815733 -0.186115
v -5.036766 8.605730 0.844394
v -5.036766 8.804415 -0.188292
v -5.040785 8.594759 0.842283
v -5.040785 8.793446 -0.190403
v -5.045276 8.584139 0.840240
v -5.045276 8.782824 -0.192447
v -5.050241 8.573864 0.838263
v -5.050241 8.772549 -0.194423
v -5.055677 8.563940 0.836354
v -5.055677 8.762625 -0.196333
v -5.061509 8.554317 0.834502
v -5.061509 8.753002 -0.198184
v -5.067656 8.544952 0.832701
v -5.067656 8.743637 -0.199986
v -5.074117 8.535847 0.830949
v -5.074117 8.734531 -0.201738
v -5.080895 8.526999 0.829246
v -5.080895 8.725683 -0.203440
v -5.087986 8.518408 0.827594
v -5.087986 8.717093 -0.205093
v -5.095395 8.510075 0.825990
v -5.095395 8.708759 -0.206696
v -5.103117 8.502001 0.824437
v -5.103117 8.700686 -0.208250
v -5.111156 8.494184 0.822933
v -5.111156 8.692869 -0.209753
v -5.119508 8.486626 0.821479
v -5.119508 8.685310 -0.211208
v -5.128176 8.479326 0.820074
v -5.128176 8.678011 -0.212612
v -5.137160 8.472282 0.818719
v -5.137160 8.670967 -0.213967
v -5.146457 8.465498 0.817414
v -5.146457 8.664183 -0.215273
v -5.156051 8.458920 0.816148
v -5.156051 8.657604 -0.216538
v -5.165921 8.452496 0.814912
v -5.165921 8.651182 -0.217774
v -5.176068 8.446228 0.813706
v -5.176068 8.644913 -0.218980
v -5.186488 8.440113 0.812530
v -5.186488 8.638800 -0.220156
v -5.197186 8.434155 0.811384
v -5.197186 8.632839 -0.221303
v -5.208160 8.428350 0.810267
v -5.208160 8.627035 -0.222420
v -5.219408 8.422701 0.809180
v -5.219408 8.621386 -0.223507
v -5.230933 8.417206 0.808123
v -5.230933 8.615891 -0.224564
v -5.242733 8.411867 0.807095
v -5.242733 8.610552 -0.225591
v -5.254810 8.406681 0.806098
v -5.254810 8.605366 -0.226589
v -5.267161 8.401651 0.805130
v -5.267161 8.600336 -0.227557
v -5.279789 8.396774 0.804192
v -5.279789 8.595459 -0.228495
v -5.292615 8.391996 0.803272
v -5.292615 8.590681 -0.229414
v -5.305559 8.387255 0.802360
v -5.305559 8.585941 -0.230326
v -5.318620 8.382555 0.801456
v -5.318620 8.581240 -0.231231
v -5.331799 8.377892 0.800559
v -5.331799 8.576576 -0.232128
v -5.345098 8.373268 0.799669
v -5.345098 8.571953 -0.233017
v -5.358514 8.368681 0.798787
v -5.358514 8.567368 -0.233900
v -5.372047 8.364136 0.797912
v -5.372047 8.562820 -0.234774
v -5.385700 8.359627 0.797045
v -5.385700 8.558311 -0.235642
v -5.399470 8.355158 0.796185
v -5.399470 8.553843 -0.236502
v -5.413359 8.350727 0.795332
v -5.413359 8.549412 -0.237354
v -5.427366 8.346334 0.794487
v -5.427366 8.545021 -0.238199
v -5.441492 8.341982 0.793650
v -5.441492 8.540667 -0.239037
v -5.461980 8.335752 0.792451
v -5.461980 8.534437 -0.240235
v -5.482468 8.329445 0.791238
v -5.482468 8.528130 -0.241449
v -5.502955 8.323059 0.790009
v -5.502955 8.521744 -0.242677
v -5.523445 8.316597 0.788766
v -5.523445 8.515282 -0.243920
v -5.543932 8.310059 0.787508
v -5.543932 8.508743 -0.245179
v -5.564421 8.303442 0.786235
v -5.564421 8.502127 -0.246452
v -5.584908 8.296747 0.784947
v -5.584908 8.495432 -0.247740
v -5.605396 8.289974 0.783644
v -5.605396 8.488661 -0.249042
v -5.625885 8.283125 0.782326
v -5.625885 8.481812 -0.250360
v -5.646373 8.276199 0.780994
v -5.646373 8.474884 -0.251693
v -5.666861 8.269196 0.779646
v -5.666861 8.467880 -0.253040
v -5.687353 8.262114 0.778284
v -5.687353 8.460800 -0.254403
v -5.707670 8.254820 0.776881
v -5.707670 8.453505 -0.255806
v -5.727647 8.247177 0.775410
v -5.727647 8.445864 -0.257276
v -5.747282 8.239187 0.773873
v -5.747282 8.437872 -0.258814
v -5.766575 8.230848 0.772268
v -5.766575 8.429533 -0.260418
v -5.785527 8.222162 0.770597
v -5.785527 8.420847 -0.262090
v -5.804137 8.213125 0.768859
v -5.804137 8.411812 -0.263828
v -5.822405 8.203743 0.767053
v -5.822405 8.402428 -0.265633
v -5.840333 8.194010 0.765181
v -5.840333 8.392694 -0.267506
v -5.857918 8.183929 0.763241
v -5.857918 8.382616 -0.269445
v -5.875164 8.173502 0.761235
v -5.875164 8.372187 -0.271451
v -5.892066 8.162725 0.759162
v -5.892066 8.361410 -0.273525
v -5.908627 8.151600 0.757021
v -5.908627 8.350285 -0.275665
v -5.924755 8.140038 0.754797
v -5.924755 8.338722 -0.277890
v -5.940359 8.127945 0.752470
v -5.940359 8.326630 -0.280217
v -5.955436 8.115324 0.750042
v -5.955436 8.314009 -0.282645
v -5.969988 8.102173 0.747512
v -5.969988 8.300858 -0.285175
v -5.984015 8.088495 0.744880
v -5.984015 8.287180 -0.287807
v -5.997517 8.074287 0.742146
v -5.997517 8.272972 -0.290540
v -6.010493 8.059549 0.739311
v -6.010493 8.258236 -0.293375
v -6.022943 8.044285 0.736374
v -6.022943 8.242970 -0.296312
v -6.034869 8.028490 0.733335
v -6.034869 8.227175 -0.299351
v -6.046269 8.012167 0.730195
v -6.046269 8.210852 -0.302492
v -6.057144 7.995316 0.726953
v -6.057144 8.194000 -0.305734
v -6.067492 7.977934 0.723609
v -6.067492 8.176620 -0.309078
v -6.077158 7.959942 0.720147
v -6.077158 8.158627 -0.312540
v -6.085984 7.941252 0.716551
v -6.085984 8.139936 -0.316136
v -6.093969 7.921865 0.712821
v -6.093969 8.120550 -0.319865
v -6.101114 7.901783 0.708957
v -6.101114 8.100468 -0.323729
v -6.107418 7.881002 0.704959
v -6.107418 8.079687 -0.327727
v -6.112882 7.859526 0.700827
v -6.112882 8.058212 -0.331859
v -6.117504 7.837355 0.696562
v -6.117504 8.036039 -0.336125
v -6.121287 7.814486 0.692162
v -6.121287 8.013170 -0.340525
v -6.124229 7.790920 0.687628
v -6.124229 7.989605 -0.345059
v -6.126331 7.766657 0.682960
v -6.126331 7.965342 -0.349727
v -6.127592 7.741699 0.678158
v -6.127592 7.940384 -0.354529
v -6.128011 7.716043 0.673222
v -6.128011 7.914728 -0.359465
v -6.127466 7.682598 0.666787
v -6.127466 7.881283 -0.365899
v -6.125831 7.649746 0.660466
v -6.125831 7.848431 -0.372220
v -6.123106 7.617487 0.654260
v -6.123106 7.816172 -0.378427
v -6.119290 7.585821 0.648167
v -6.119290 7.784506 -0.384519
v -6.114384 7.554749 0.642189
v -6.114384 7.753433 -0.390497
v -6.108389 7.524269 0.636325
v -6.108389 7.722954 -0.396361
v -6.101304 7.494383 0.630575
v -6.101304 7.693068 -0.402111
v -6.093129 7.465090 0.624939
v -6.093129 7.663774 -0.407747
v -6.083862 7.436392 0.619418
v -6.083862 7.635077 -0.413269
v -6.073506 7.408285 0.614010
v -6.073506 7.606970 -0.418676
v -6.062061 7.380774 0.608717
v -6.062061 7.579458 -0.423969
v -6.049525 7.353853 0.603538
v -6.049525 7.552538 -0.429149
v -6.035983 7.327566 0.598480
v -6.035983 7.526251 -0.434206
v -6.021523 7.301950 0.593552
v -6.021523 7.500635 -0.439135
v -6.006144 7.277004 0.588753
v -6.006144 7.475689 -0.443934
v -5.989845 7.252730 0.584082
v -5.989845 7.451414 -0.448604
v -5.972626 7.229126 0.579541
v -5.972626 7.427811 -0.453146
v -5.954489 7.206192 0.575128
v -5.954489 7.404877 -0.457558
v -5.935432 7.183929 0.570845
v -5.935432 7.382614 -0.461841
v -5.915455 7.162337 0.566691
v -5.915455 7.361021 -0.465996
v -5.894560 7.141417 0.562666
v -5.894560 7.340101 -0.470021
v -5.872745 7.121165 0.558770
v -5.872745 7.319849 -0.473917
v -5.850010 7.101585 0.555002
v -5.850010 7.300270 -0.477684
v -5.826358 7.082676 0.551364
v -5.826358 7.281361 -0.481322
v -5.801817 7.064470 0.547862
v -5.801817 7.263155 -0.484825
v -5.776423 7.046999 0.544500
v -5.776423 7.245684 -0.488186
v -5.750176 7.030263 0.541280
v -5.750176 7.228949 -0.491406
v -5.723074 7.014263 0.538202
v -5.723074 7.212948 -0.494485
v -5.695119 6.998998 0.535265
v -5.695119 7.197682 -0.497422
v -5.666309 6.984468 0.532469
v -5.666309 7.183152 -0.500217
v -5.636648 6.970673 0.529815
v -5.636648 7.169357 -0.502871
v -5.606132 6.957613 0.527303
v -5.606132 7.156298 -0.505384
v -5.574764 6.945288 0.524931
v -5.574764 7.143973 -0.507755
v -5.542540 6.933699 0.522702
v -5.542540 7.132383 -0.509985
v -5.509464 6.922845 0.520613
v -5.509464 7.121530 -0.512073
v -5.475533 6.912725 0.518667
v -5.475533 7.111411 -0.514020
v -5.440848 6.903380 0.516869
v -5.440848 7.102066 -0.515818
v -5.405506 6.894849 0.515227
v -5.405506 7.093534 -0.517460
v -5.369506 6.887129 0.513742
v -5.369506 7.085814 -0.518945
v -5.332851 6.880221 0.512413
v -5.332851 7.078906 -0.520274
v -5.295538 6.874127 0.511240
v -5.295538 7.072812 -0.521446
v -5.257569 6.868845 0.510224
v -5.257569 7.067530 -0.522463
v -5.218943 6.864376 0.509364
v -5.218943 7.063061 -0.523322
v -5.179659 6.860719 0.508661
v -5.179659 7.059404 -0.524026
v -5.139721 6.857875 0.508113
v -5.139721 7.056560 -0.524573
v -5.099124 6.855844 0.507723
v -5.099124 7.054528 -0.524964
v -5.057872 6.854625 0.507488
v -5.057872 7.053309 -0.525199
v -5.015962 6.854218 0.507410
v -5.015962 7.052903 -0.525277
v -4.993970 6.854334 0.507432
v -4.993970 7.053020 -0.525254
v -4.972122 6.854683 0.507499
v -4.972122 7.053368 -0.525187
v -4.950418 6.855263 0.507611
v -4.950418 7.053947 -0.525076
v -4.928860 6.856075 0.507767
v -4.928860 7.054761 -0.524919
v -4.907445 6.857121 0.507968
v -4.907445 7.055805 -0.524718
v -4.886174 6.858397 0.508214
v -4.886174 7.057082 -0.524473
v -4.865050 6.859906 0.508504
v -4.865050 7.058591 -0.524182
v -4.844069 6.861648 0.508839
v -4.844069 7.060332 -0.523847
v -4.823232 6.863621 0.509219
v -4.823232 7.062306 -0.523468
v -4.802540 6.865827 0.509643
v -4.802540 7.064511 -0.523043
v -4.781992 6.868264 0.510112
v -4.781992 7.066950 -0.522574
v -4.761590 6.870934 0.510626
v -4.761590 7.069619 -0.522061
v -4.741404 6.873778 0.511173
v -4.741404 7.072464 -0.521513
v -4.721506 6.876739 0.511743
v -4.721506 7.075424 -0.520944
v -4.701898 6.879815 0.512335
v -4.701898 7.078500 -0.520352
v -4.682578 6.883008 0.512949
v -4.682578 7.081693 -0.519738
v -4.663548 6.886316 0.513585
v -4.663548 7.085001 -0.519101
v -4.644805 6.889741 0.514244
v -4.644805 7.088426 -0.518442
v -4.626352 6.893281 0.514925
v -4.626352 7.091967 -0.517761
v -4.608189 6.896938 0.515629
v -4.608189 7.095623 -0.517058
v -4.590315 6.900711 0.516355
v -4.590315 7.099396 -0.516332
v -4.572729 6.904600 0.517103
v -4.572729 7.103285 -0.515584
v -4.555432 6.908605 0.517874
v -4.555432 7.107289 -0.514813
v -4.538424 6.912725 0.518666
v -4.538424 7.111411 -0.514020
v -4.521725 6.916944 0.519478
v -4.521725 7.115628 -0.513209
v -4.505354 6.921239 0.520304
v -4.505354 7.119924 -0.512382
v -4.489311 6.925611 0.521146
v -4.489311 7.124296 -0.511541
v -4.473597 6.930061 0.522002
v -4.473597 7.128746 -0.510685
v -4.458211 6.934588 0.522873
v -4.458211 7.133274 -0.509814
v -4.443153 6.939194 0.523759
v -4.443153 7.137878 -0.508928
v -4.428423 6.943875 0.524660
v -4.428423 7.142561 -0.508027
v -4.414022 6.948635 0.525575
v -4.414022 7.147320 -0.507111
v -4.399950 6.953472 0.526506
v -4.399950 7.152157 -0.506181
v -4.386207 6.958386 0.527451
v -4.386207 7.157071 -0.505235
v -4.372790 6.963378 0.528412
v -4.372790 7.162063 -0.504275
v -4.359702 6.968448 0.529387
v -4.359702 7.167132 -0.503300
v -4.347002 6.973536 0.530366
v -4.347002 7.172220 -0.502321
v -4.334747 6.978585 0.531338
v -4.334747 7.177270 -0.501349
v -4.322940 6.983597 0.532302
v -4.322940 7.182281 -0.500385
v -4.311578 6.988569 0.533258
v -4.311578 7.187254 -0.499428
v -4.300665 6.993503 0.534208
v -4.300665 7.192187 -0.498479
v -4.290197 6.998398 0.535149
v -4.290197 7.197083 -0.497537
v -4.280177 7.003254 0.536084
v -4.280177 7.201939 -0.496603
v -4.270603 7.008072 0.537011
v -4.270603 7.206757 -0.495676
v -4.261475 7.012851 0.537930
v -4.261475 7.211535 -0.494757
v -4.252794 7.017591 0.538842
v -4.252794 7.216275 -0.493845
v -4.244558 7.022292 0.539747
v -4.244558 7.220977 -0.492940
v -4.236771 7.026955 0.540644
v -4.236771 7.225639 -0.492043
v -4.316203 7.402145 0.612829
v -4.316203 7.600830 -0.419858
v -4.340409 7.390841 0.610654
v -4.340409 7.589525 -0.422033
v -4.365113 7.379831 0.608536
v -4.365113 7.578516 -0.424151
v -4.390317 7.369120 0.606475
v -4.390317 7.567804 -0.426212
v -4.416018 7.358704 0.604471
v -4.416018 7.557388 -0.428216
v -4.442220 7.348585 0.602524
v -4.442220 7.547270 -0.430162
v -4.468921 7.338762 0.600634
v -4.468921 7.537447 -0.432052
v -4.496121 7.329237 0.598802
v -4.496121 7.527922 -0.433885
v -4.523819 7.320007 0.597026
v -4.523819 7.518694 -0.435660
v -4.552017 7.311075 0.595308
v -4.552017 7.509762 -0.437379
v -4.580714 7.302441 0.593646
v -4.580714 7.501125 -0.439040
v -4.609910 7.294102 0.592042
v -4.609910 7.492786 -0.440645
v -4.639605 7.286060 0.590495
v -4.639605 7.484745 -0.442192
v -4.669695 7.278494 0.589039
v -4.669695 7.477179 -0.443648
v -4.700072 7.271587 0.587710
v -4.700072 7.470272 -0.444976
v -4.730740 7.265339 0.586508
v -4.730740 7.464024 -0.446179
v -4.761696 7.259747 0.585432
v -4.761696 7.458431 -0.447255
v -4.792941 7.254813 0.584483
v -4.792941 7.453497 -0.448204
v -4.824475 7.250537 0.583660
v -4.824475 7.449223 -0.449026
v -4.856297 7.246920 0.582964
v -4.856297 7.445604 -0.449723
v -4.888409 7.243959 0.582394
v -4.888409 7.442644 -0.450292
v -4.920809 7.241657 0.581952
v -4.920809 7.440342 -0.450735
v -4.953499 7.240012 0.581635
v -4.953499 7.438696 -0.451051
v -4.986477 7.239025 0.581445
v -4.986477 7.437710 -0.451241
v -5.019745 7.238697 0.581382
v -5.019745 7.437382 -0.451305
v -5.043510 7.238903 0.581422
v -5.043510 7.437588 -0.451265
v -5.066894 7.239522 0.581541
v -5.066894 7.438206 -0.451146
v -5.089898 7.240554 0.581739
v -5.089898 7.439238 -0.450947
v -5.112520 7.241999 0.582017
v -5.112520 7.440683 -0.450669
v -5.134762 7.243856 0.582375
v -5.134762 7.442541 -0.450312
v -5.156624 7.246126 0.582811
v -5.156624 7.444811 -0.449875
v -5.178103 7.248809 0.583328
v -5.178103 7.447493 -0.449359
v -5.199201 7.251904 0.583923
v -5.199201 7.450588 -0.448763
v -5.219920 7.255413 0.584598
v -5.219920 7.454098 -0.448088
v -5.240257 7.259335 0.585353
v -5.240257 7.458019 -0.447334
v -5.260213 7.263668 0.586186
v -5.260213 7.462353 -0.446500
v -5.279789 7.268414 0.587100
v -5.279789 7.467098 -0.445587
v -5.298940 7.273540 0.588086
v -5.298940 7.472227 -0.444600
v -5.317615 7.279016 0.589140
v -5.317615 7.477701 -0.443547
v -5.335818 7.284840 0.590260
v -5.335818 7.483526 -0.442427
v -5.353549 7.291012 0.591447
v -5.353549 7.489697 -0.441239
v -5.370806 7.297533 0.592702
v -5.370806 7.496218 -0.439985
v -5.387590 7.304401 0.594023
v -5.387590 7.503086 -0.438663
v -5.403903 7.311617 0.595412
v -5.403903 7.510303 -0.437275
v -5.419742 7.319183 0.596867
v -5.419742 7.517868 -0.435819
v -5.435109 7.327095 0.598390
v -5.435109 7.525782 -0.434297
v -5.450001 7.335358 0.599979
v -5.450001 7.534042 -0.432707
v -5.464422 7.343967 0.601636
v -5.464422 7.542652 -0.431051
v -5.478370 7.352924 0.603359
v -5.478370 7.551611 -0.429327
v -5.491827 7.362251 0.605153
v -5.491827 7.560936 -0.427533
v -5.504769 7.371964 0.607022
v -5.504769 7.570648 -0.425664
v -5.517200 7.382063 0.608965
v -5.517200 7.580748 -0.423721
v -5.529119 7.392550 0.610983
v -5.529119 7.591234 -0.421704
v -5.540526 7.403423 0.613075
v -5.540526 7.602108 -0.419612
v -5.551421 7.414682 0.615241
v -5.551421 7.613369 -0.417445
v -5.561802 7.426331 0.617482
v -5.561802 7.625015 -0.415204
v -5.571671 7.438364 0.619798
v -5.571671 7.637051 -0.412889
v -5.581029 7.450787 0.622187
v -5.581029 7.649471 -0.410499
v -5.589875 7.463594 0.624652
v -5.589875 7.662279 -0.408035
v -5.598208 7.476789 0.627190
v -5.598208 7.675474 -0.405496
vn -0.0000 0.1888 -0.9820
vn -0.0000 0.1892 -0.9819
vn -0.0000 0.1890 -0.9820
vn -0.0000 0.1889 -0.9820
vn -0.0002 0.1893 -0.9819
vn -0.0003 0.1904 -0.9817
vn 0.0005 0.1862 -0.9825
vn -0.0000 0.1884 -0.9821
vn -0.0000 0.1981 -0.9802
vn -0.0001 0.1895 -0.9819
vn -0.0001 0.1892 -0.9819
vn -0.0000 0.1885 -0.9821
vn -0.0002 0.1897 -0.9818
vn -0.0000 0.1891 -0.9820
vn -0.0000 0.1887 -0.9820
vn -0.0000 0.1893 -0.9819
vn -0.0000 0.1882 -0.9821
vn -0.0000 0.1896 -0.9819
vn -0.0000 0.1895 -0.9819
vn -0.0000 0.1881 -0.9821
vn -0.0001 0.1919 -0.9814
vn -0.0000 0.1878 -0.9822
vn -0.0000 0.1898 -0.9818
vn -0.0000 0.1891 -0.9819
vn -0.0000 0.1899 -0.9818
vn -0.0000 0.1883 -0.9821
vn -0.0000 0.1935 -0.9811
vn -0.0000 -0.1888 0.9820
vn -0.0000 -0.1895 0.9819
vn -0.0000 -0.1887 0.9820
vn -0.0000 -0.1890 0.9820
vn -0.0000 -0.1889 0.9820
vn -0.0001 -0.1893 0.9819
vn -0.0002 -0.1893 0.9819
vn -0.0003 -0.1879 0.9822
vn -0.0005 -0.1889 0.9820
vn -0.0001 -0.1884 0.9821
vn 0.0022 -0.1987 0.9801
vn 0.0001 -0.1897 0.9818
vn -0.0001 -0.1881 0.9821
vn -0.0000 -0.1866 0.9824
vn -0.0000 -0.1885 0.9821
vn -0.0000 -0.1891 0.9820
vn -0.0000 -0.1892 0.9819
vn -0.0000 -0.1893 0.9819
vn -0.0000 -0.1900 0.9818
vn -0.0000 -0.1899 0.9818
vn -0.0000 -0.1898 0.9818
vn -0.0000 -0.1883 0.9821
vn -0.0000 -0.1881 0.9821
vn -0.0000 -0.1891 0.9819
vn -0.0000 -0.1894 0.9819
vn -0.0000 -0.1878 0.9822
vn 0.0001 -0.1917 0.9814
vn -0.0000 -0.1876 0.9822
vn -0.0000 -0.1896 0.9819
vn -0.0000 -0.1886 0.9821
vn -0.0000 -0.1886 0.9820
vn 0.0019 0.9820 0.1889
vn -0.7756 0.6198 0.1193
vn 0.0079 0.9820 0.1889
vn 0.0020 0.9820 0.1889
vn 0.0163 0.9819 0.1889
vn 0.0251 0.9817 0.1889
vn 0.0162 0.9819 0.1889
vn 0.0345 0.9814 0.1888
vn 0.0250 0.9817 0.1889
vn 0.0444 0.9810 0.1887
vn 0.0344 0.9814 0.1888
vn 0.0549 0.9805 0.1886
vn 0.0445 0.9810 0.1887
vn 0.0662 0.9798 0.1885
vn 0.0551 0.9805 0.1886
vn 0.0784 0.9790 0.1883
vn 0.0664 0.9798 0.1885
vn 0.0914 0.9779 0.1881
vn 0.0785 0.9790 0.1884
vn 0.1053 0.9765 0.1879
vn 0.1203 0.9749 0.1876
vn 0.1052 0.9765 0.1879
vn 0.1362 0.9728 0.1872
vn 0.1529 0.9704 0.1867
vn 0.1701 0.9677 0.1862
vn 0.1528 0.9705 0.1867
vn 0.1879 0.9645 0.1856
vn 0.2065 0.9608 0.1849
vn 0.1880 0.9645 0.1856
vn 0.2257 0.9566 0.1841
vn 0.2067 0.9608 0.1848
vn 0.2459 0.9518 0.1831
vn 0.2260 0.9566 0.1840
vn 0.2667 0.9464 0.1821
vn 0.2460 0.9518 0.1831
vn 0.2884 0.9403 0.1809
vn 0.2668 0.9464 0.1821
vn 0.3108 0.9334 0.1796
vn 0.3338 0.9257 0.1781
vn 0.3577 0.9170 0.1764
vn 0.3340 0.9256 0.1781
vn 0.3810 0.9079 0.1747
vn 0.3579 0.9170 0.1764
vn 0.4108 0.8953 0.1722
vn 0.3812 0.9078 0.1747
vn 0.4485 0.8777 0.1689
vn 0.4109 0.8953 0.1722
vn 0.4869 0.8577 0.1650
vn 0.5258 0.8353 0.1607
vn 0.5650 0.8102 0.1559
vn 0.6042 0.7825 0.1505
vn 0.5650 0.8103 0.1559
vn 0.6430 0.7521 0.1447
vn 0.6042 0.7825 0.1506
vn 0.6810 0.7191 0.1383
vn 0.7179 0.6836 0.1315
vn 0.7533 0.6458 0.1243
vn 0.7180 0.6835 0.1315
vn 0.7870 0.6059 0.1166
vn 0.7534 0.6458 0.1242
vn 0.8188 0.5638 0.1085
vn 0.8490 0.5189 0.0998
vn 0.8769 0.4720 0.0908
vn 0.8489 0.5190 0.0998
vn 0.9021 0.4237 0.0815
vn 0.9244 0.3745 0.0721
vn 0.9437 0.3249 0.0625
vn 0.9244 0.3746 0.0721
vn 0.9599 0.2754 0.0530
vn 0.9731 0.2264 0.0436
vn 0.9834 0.1782 0.0343
vn 0.9910 0.1313 0.0253
vn 0.9962 0.0858 0.0165
vn 0.9991 0.0421 0.0081
vn 1.0000 -0.0005 -0.0001
vn 0.9990 -0.0437 -0.0084
vn 0.9960 -0.0882 -0.0170
vn 0.9907 -0.1333 -0.0256
vn 0.9833 -0.1788 -0.0344
vn 0.9907 -0.1333 -0.0257
vn 0.9735 -0.2244 -0.0432
vn 0.9833 -0.1789 -0.0344
vn 0.9615 -0.2698 -0.0519
vn 0.9735 -0.2245 -0.0432
vn 0.9473 -0.3145 -0.0605
vn 0.9310 -0.3584 -0.0690
vn 0.9127 -0.4013 -0.0772
vn 0.8926 -0.4426 -0.0852
vn 0.9127 -0.4012 -0.0772
vn 0.8710 -0.4824 -0.0928
vn 0.8927 -0.4425 -0.0851
vn 0.8448 -0.5254 -0.1011
vn 0.8711 -0.4823 -0.0928
vn 0.8100 -0.5758 -0.1108
vn 0.8449 -0.5253 -0.1011
vn 0.7692 -0.6275 -0.1207
vn 0.8100 -0.5759 -0.1108
vn 0.7262 -0.6751 -0.1299
vn 0.7691 -0.6276 -0.1207
vn 0.6820 -0.7182 -0.1382
vn 0.6374 -0.7567 -0.1456
vn 0.5928 -0.7909 -0.1522
vn 0.6373 -0.7567 -0.1456
vn 0.5489 -0.8209 -0.1579
vn 0.5927 -0.7909 -0.1522
vn 0.5061 -0.8470 -0.1630
vn 0.5488 -0.8209 -0.1579
vn 0.4647 -0.8695 -0.1673
vn 0.5061 -0.8469 -0.1629
vn 0.4251 -0.8888 -0.1710
vn 0.4648 -0.8695 -0.1673
vn 0.3874 -0.9053 -0.1742
vn 0.3541 -0.9184 -0.1767
vn 0.3873 -0.9054 -0.1742
vn 0.3277 -0.9278 -0.1785
vn 0.3542 -0.9183 -0.1767
vn 0.3053 -0.9351 -0.1799
vn 0.3279 -0.9277 -0.1785
vn 0.2843 -0.9415 -0.1811
vn 0.3055 -0.9351 -0.1799
vn 0.2643 -0.9471 -0.1822
vn 0.2454 -0.9520 -0.1832
vn 0.2642 -0.9471 -0.1822
vn 0.2274 -0.9563 -0.1840
vn 0.2452 -0.9520 -0.1832
vn 0.2104 -0.9600 -0.1847
vn 0.2273 -0.9563 -0.1840
vn 0.1942 -0.9633 -0.1853
vn 0.1790 -0.9661 -0.1859
vn 0.1944 -0.9633 -0.1853
vn 0.1645 -0.9686 -0.1864
vn 0.1507 -0.9708 -0.1868
vn 0.1646 -0.9686 -0.1864
vn 0.1370 -0.9727 -0.1871
vn 0.1508 -0.9708 -0.1868
vn 0.1230 -0.9745 -0.1875
vn 0.1371 -0.9727 -0.1872
vn 0.1089 -0.9761 -0.1878
vn 0.1231 -0.9745 -0.1875
vn 0.0956 -0.9775 -0.1881
vn 0.1093 -0.9761 -0.1878
vn 0.0831 -0.9786 -0.1883
vn 0.0960 -0.9775 -0.1881
vn 0.0711 -0.9795 -0.1885
vn 0.0595 -0.9803 -0.1886
vn 0.0709 -0.9795 -0.1885
vn 0.0485 -0.9808 -0.1887
vn 0.0594 -0.9803 -0.1886
vn 0.0380 -0.9813 -0.1888
vn 0.0484 -0.9808 -0.1887
vn 0.0277 -0.9816 -0.1889
vn 0.0379 -0.9813 -0.1888
vn 0.0181 -0.9818 -0.1889
vn 0.0279 -0.9816 -0.1889
vn 0.0089 -0.9820 -0.1889
vn 0.0182 -0.9818 -0.1889
vn 0.0022 -0.9820 -0.1889
vn 0.0090 -0.9820 -0.1889
vn -0.6312 -0.7616 -0.1465
vn -0.6305 -0.7622 -0.1467
vn 0.0013 -0.9820 -0.1889
vn -0.7762 0.6191 0.1191
vn 0.0043 0.9820 0.1889
vn 0.0177 0.9818 0.1889
vn 0.0367 0.9813 0.1888
vn 0.0574 0.9804 0.1886
vn 0.0800 0.9788 0.1883
vn 0.1048 0.9766 0.1879
vn 0.1320 0.9734 0.1873
vn 0.1619 0.9690 0.1864
vn 0.1949 0.9632 0.1853
vn 0.1620 0.9690 0.1864
vn 0.2314 0.9553 0.1838
vn 0.1950 0.9631 0.1853
vn 0.2715 0.9451 0.1818
vn 0.3159 0.9317 0.1793
vn 0.3571 0.9172 0.1765
vn 0.3925 0.9032 0.1738
vn 0.4281 0.8874 0.1707
vn 0.4654 0.8691 0.1672
vn 0.4281 0.8875 0.1707
vn 0.5042 0.8480 0.1632
vn 0.4654 0.8692 0.1672
vn 0.5444 0.8237 0.1585
vn 0.5856 0.7960 0.1531
vn 0.5443 0.8238 0.1585
vn 0.6276 0.7646 0.1471
vn 0.5856 0.7960 0.1532
vn 0.6698 0.7292 0.1403
vn 0.6275 0.7646 0.1471
vn 0.7117 0.6898 0.1327
vn 0.6697 0.7292 0.1403
vn 0.7529 0.6463 0.1243
vn 0.7925 0.5989 0.1152
vn 0.7529 0.6463 0.1244
vn 0.8270 0.5521 0.1062
vn 0.8539 0.5111 0.0983
vn 0.8539 0.5110 0.0983
vn 0.8987 0.4306 0.0829
vn 0.8769 0.4719 0.0908
vn 0.9190 0.3873 0.0745
vn 0.8987 0.4307 0.0829
vn 0.9374 0.3420 0.0658
vn 0.9189 0.3873 0.0745
vn 0.9537 0.2952 0.0568
vn 0.9374 0.3421 0.0658
vn 0.9678 0.2471 0.0475
vn 0.9794 0.1981 0.0381
vn 0.9885 0.1485 0.0286
vn 0.9949 0.0987 0.0190
vn 0.9987 0.0491 0.0094
vn 1.0000 0.0014 0.0003
vn 0.9990 -0.0441 -0.0085
vn 0.9958 -0.0897 -0.0173
vn 0.9902 -0.1369 -0.0263
vn 0.9820 -0.1854 -0.0357
vn 0.9709 -0.2350 -0.0452
vn 0.9820 -0.1855 -0.0357
vn 0.9569 -0.2853 -0.0549
vn 0.9398 -0.3356 -0.0646
vn 0.9569 -0.2852 -0.0549
vn 0.9196 -0.3858 -0.0742
vn 0.8964 -0.4352 -0.0837
vn 0.8705 -0.4834 -0.0930
vn 0.8419 -0.5299 -0.1019
vn 0.8090 -0.5772 -0.1111
vn 0.7694 -0.6273 -0.1207
vn 0.8090 -0.5772 -0.1110
vn 0.7254 -0.6759 -0.1300
vn 0.6801 -0.7200 -0.1385
vn 0.6340 -0.7594 -0.1461
vn 0.5881 -0.7942 -0.1528
vn 0.5429 -0.8247 -0.1587
vn 0.4989 -0.8511 -0.1637
vn 0.5429 -0.8246 -0.1587
vn 0.4564 -0.8738 -0.1681
vn 0.4155 -0.8932 -0.1718
vn 0.4563 -0.8738 -0.1681
vn 0.3767 -0.9097 -0.1750
vn 0.4156 -0.8932 -0.1718
vn 0.3399 -0.9235 -0.1777
vn 0.3768 -0.9096 -0.1750
vn 0.3190 -0.9307 -0.1791
vn 0.3400 -0.9235 -0.1777
vn 0.3047 -0.9353 -0.1799
vn 0.3192 -0.9306 -0.1790
vn 0.2819 -0.9422 -0.1813
vn 0.3047 -0.9353 -0.1800
vn 0.2597 -0.9483 -0.1825
vn 0.2818 -0.9422 -0.1813
vn 0.2383 -0.9537 -0.1835
vn 0.2597 -0.9483 -0.1824
vn 0.2175 -0.9585 -0.1844
vn 0.2384 -0.9537 -0.1835
vn 0.1979 -0.9626 -0.1852
vn 0.2177 -0.9584 -0.1844
vn 0.1791 -0.9661 -0.1859
vn 0.1608 -0.9692 -0.1865
vn 0.1434 -0.9718 -0.1870
vn 0.1265 -0.9741 -0.1874
vn 0.1433 -0.9719 -0.1870
vn 0.1104 -0.9760 -0.1878
vn 0.1264 -0.9741 -0.1874
vn 0.0958 -0.9775 -0.1881
vn 0.1103 -0.9760 -0.1878
vn 0.0836 -0.9786 -0.1883
vn 0.0731 -0.9794 -0.1884
vn 0.0832 -0.9786 -0.1883
vn 0.0632 -0.9800 -0.1886
vn 0.0728 -0.9794 -0.1884
vn 0.0541 -0.9806 -0.1887
vn 0.0458 -0.9810 -0.1887
vn 0.0539 -0.9806 -0.1887
vn 0.0455 -0.9810 -0.1887
vn 0.0305 -0.9815 -0.1888
vn 0.0377 -0.9813 -0.1888
vn 0.0236 -0.9817 -0.1889
vn 0.0304 -0.9815 -0.1888
vn 0.0171 -0.9818 -0.1889
vn 0.0237 -0.9817 -0.1889
vn 0.0110 -0.9819 -0.1889
vn 0.0173 -0.9818 -0.1889
vn 0.0053 -0.9820 -0.1889
vn 0.0111 -0.9819 -0.1889
vn 0.0054 -0.9820 -0.1889
vn -0.8307 0.5468 0.1052
vn -0.7995 0.5898 0.1135
vn -0.7996 0.5898 0.1135
vn -0.8595 0.5020 0.0966
vn -0.8306 0.5468 0.1052
vn -0.8862 0.4549 0.0875
vn -0.9105 0.4060 0.0781
vn -0.9321 0.3556 0.0684
vn -0.9508 0.3041 0.0585
vn -0.9665 0.2522 0.0485
vn -0.9790 0.2001 0.0385
vn -0.9885 0.1485 0.0286
vn -0.9950 0.0977 0.0188
vn -0.9988 0.0482 0.0093
vn -1.0000 0.0012 0.0002
vn -0.9990 -0.0437 -0.0084
vn -0.9958 -0.0894 -0.0172
vn -0.9902 -0.1373 -0.0264
vn -0.9817 -0.1870 -0.0360
vn -0.9701 -0.2383 -0.0458
vn -0.9551 -0.2908 -0.0559
vn -0.9366 -0.3440 -0.0662
vn -0.9144 -0.3974 -0.0765
vn -0.8886 -0.4504 -0.0867
vn -0.8593 -0.5023 -0.0966
vn -0.8266 -0.5526 -0.1063
vn -0.7926 -0.5988 -0.1152
vn -0.7594 -0.6389 -0.1229
vn -0.7265 -0.6748 -0.1298
vn -0.7595 -0.6388 -0.1229
vn -0.6926 -0.7083 -0.1363
vn -0.7265 -0.6747 -0.1298
vn -0.6580 -0.7395 -0.1423
vn -0.6230 -0.7681 -0.1478
vn -0.6580 -0.7394 -0.1423
vn -0.5879 -0.7943 -0.1528
vn -0.5531 -0.8181 -0.1574
vn -0.5186 -0.8396 -0.1615
vn -0.4848 -0.8589 -0.1652
vn -0.4517 -0.8761 -0.1686
vn -0.4195 -0.8914 -0.1715
vn -0.8377 -0.5363 -0.1032
vn -0.7967 0.5935 0.1142
vn -0.8377 -0.5362 -0.1032
vn -0.2816 0.9423 0.1813
vn -0.3059 0.9349 0.1799
vn -0.2817 0.9422 0.1813
vn -0.3304 0.9268 0.1783
vn -0.3060 0.9349 0.1799
vn -0.3552 0.9179 0.1766
vn -0.3305 0.9268 0.1783
vn -0.3804 0.9082 0.1747
vn -0.3553 0.9179 0.1766
vn -0.4057 0.8975 0.1727
vn -0.4311 0.8861 0.1705
vn -0.4565 0.8737 0.1681
vn -0.4312 0.8860 0.1705
vn -0.4820 0.8604 0.1655
vn -0.4566 0.8737 0.1681
vn -0.5074 0.8462 0.1628
vn -0.4819 0.8604 0.1655
vn -0.5326 0.8312 0.1599
vn -0.5073 0.8462 0.1628
vn -0.5565 0.8159 0.1570
vn -0.5325 0.8312 0.1599
vn -0.5785 0.8010 0.1541
vn -0.5566 0.8158 0.1570
vn -0.5995 0.7860 0.1512
vn -0.6204 0.7702 0.1482
vn -0.5994 0.7860 0.1512
vn -0.6411 0.7537 0.1450
vn -0.6616 0.7364 0.1417
vn -0.6411 0.7536 0.1450
vn -0.6819 0.7183 0.1382
vn -0.6617 0.7363 0.1417
vn -0.7019 0.6994 0.1346
vn -0.6819 0.7182 0.1382
vn -0.7216 0.6799 0.1308
vn -0.7020 0.6994 0.1346
vn -0.7408 0.6596 0.1269
vn -0.7217 0.6798 0.1308
vn -0.7596 0.6387 0.1229
vn -0.7409 0.6596 0.1269
vn -0.7779 0.6171 0.1187
vn -0.7957 0.5948 0.1144
vn -0.7778 0.6172 0.1187
vn -0.8131 0.5716 0.1100
vn -0.7956 0.5949 0.1145
vn -0.8301 0.5476 0.1054
vn -0.8132 0.5716 0.1100
vn -0.8464 0.5230 0.1006
vn -0.8302 0.5475 0.1053
vn -0.8620 0.4978 0.0958
vn -0.8464 0.5229 0.1006
vn -0.8767 0.4724 0.0909
vn -0.8906 0.4466 0.0859
vn -0.8767 0.4723 0.0909
vn -0.9037 0.4205 0.0809
vn -0.8906 0.4465 0.0859
vn -0.9159 0.3942 0.0759
vn -0.9272 0.3679 0.0708
vn -0.9159 0.3942 0.0758
vn -0.9376 0.3415 0.0657
vn -0.9272 0.3678 0.0708
vn -0.9471 0.3152 0.0606
vn -0.9376 0.3414 0.0657
vn -0.9556 0.2895 0.0557
vn -0.9471 0.3151 0.0606
vn -0.9629 0.2649 0.0510
vn -0.9556 0.2894 0.0557
vn -0.9694 0.2410 0.0464
vn -0.9753 0.2168 0.0417
vn -0.9806 0.1926 0.0371
vn -0.9852 0.1682 0.0324
vn -0.9892 0.1439 0.0277
vn -0.9852 0.1683 0.0324
vn -0.9926 0.1196 0.0230
vn -0.9953 0.0953 0.0183
vn -0.9974 0.0712 0.0137
vn -0.9953 0.0954 0.0183
vn -0.9988 0.0473 0.0091
vn -0.9997 0.0235 0.0045
vn -1.0000 -0.0067 -0.0013
vn -0.9987 -0.0509 -0.0098
vn -0.9945 -0.1031 -0.0198
vn -0.9872 -0.1564 -0.0301
vn -0.9768 -0.2105 -0.0405
vn -0.9630 -0.2648 -0.0509
vn -0.9459 -0.3187 -0.0613
vn -0.9256 -0.3718 -0.0715
vn -0.9023 -0.4234 -0.0815
vn -0.8763 -0.4731 -0.0910
vn -0.8479 -0.5206 -0.1002
vn -0.8176 -0.5654 -0.1088
vn -0.7847 -0.6087 -0.1171
vn -0.7480 -0.6517 -0.1254
vn -0.7085 -0.6930 -0.1333
vn -0.6678 -0.7309 -0.1406
vn -0.6264 -0.7655 -0.1473
vn -0.5848 -0.7966 -0.1533
vn -0.5434 -0.8244 -0.1586
vn -0.5026 -0.8489 -0.1633
vn -0.4628 -0.8705 -0.1675
vn -0.5026 -0.8490 -0.1633
vn -0.4241 -0.8893 -0.1711
vn -0.4627 -0.8705 -0.1675
vn -0.3867 -0.9056 -0.1742
vn -0.4240 -0.8893 -0.1711
vn -0.3508 -0.9196 -0.1769
vn -0.3146 -0.9321 -0.1793
vn -0.2874 -0.9406 -0.1810
vn -0.3145 -0.9321 -0.1793
vn -0.2709 -0.9453 -0.1819
vn -0.2548 -0.9496 -0.1827
vn -0.2392 -0.9535 -0.1834
vn -0.2549 -0.9496 -0.1827
vn -0.2241 -0.9570 -0.1841
vn -0.2393 -0.9535 -0.1834
vn -0.2094 -0.9602 -0.1847
vn -0.1951 -0.9631 -0.1853
vn -0.1813 -0.9657 -0.1858
vn -0.1952 -0.9631 -0.1853
vn -0.1679 -0.9681 -0.1862
vn -0.1549 -0.9701 -0.1866
vn -0.1679 -0.9680 -0.1862
vn -0.1423 -0.9720 -0.1870
vn -0.1550 -0.9701 -0.1867
vn -0.1297 -0.9737 -0.1873
vn -0.1424 -0.9720 -0.1870
vn -0.1169 -0.9753 -0.1876
vn -0.1298 -0.9737 -0.1873
vn -0.1041 -0.9767 -0.1879
vn -0.0919 -0.9778 -0.1881
vn -0.0801 -0.9788 -0.1883
vn -0.0687 -0.9797 -0.1885
vn -0.0578 -0.9803 -0.1886
vn -0.0473 -0.9809 -0.1887
vn -0.0371 -0.9813 -0.1888
vn -0.0273 -0.9816 -0.1889
vn -0.0179 -0.9818 -0.1889
vn -0.0274 -0.9816 -0.1889
vn -0.0088 -0.9820 -0.1889
vn -0.0022 -0.9820 -0.1889
vn 0.7755 -0.6200 -0.1193
vn 0.6314 0.7615 0.1465
vn 0.7754 -0.6200 -0.1193
vn -0.0024 0.9820 0.1889
vn -0.0096 0.9819 0.1889
vn -0.0195 0.9818 0.1889
vn -0.0297 0.9816 0.1889
vn -0.0405 0.9812 0.1888
vn -0.0298 0.9816 0.1888
vn -0.0516 0.9807 0.1887
vn -0.0630 0.9800 0.1886
vn -0.0751 0.9792 0.1884
vn -0.0631 0.9800 0.1886
vn -0.0875 0.9782 0.1882
vn -0.1004 0.9770 0.1880
vn -0.0876 0.9782 0.1882
vn -0.1140 0.9756 0.1877
vn -0.1006 0.9770 0.1880
vn -0.1280 0.9739 0.1874
vn -0.1420 0.9720 0.1870
vn -0.1281 0.9739 0.1874
vn -0.1556 0.9700 0.1866
vn -0.1421 0.9720 0.1870
vn -0.1691 0.9679 0.1862
vn -0.1830 0.9654 0.1857
vn -0.1692 0.9678 0.1862
vn -0.1973 0.9627 0.1852
vn -0.1829 0.9654 0.1857
vn -0.2120 0.9597 0.1846
vn -0.1972 0.9627 0.1852
vn -0.2272 0.9563 0.1840
vn -0.2119 0.9597 0.1846
vn -0.2428 0.9526 0.1833
vn -0.2589 0.9485 0.1825
vn -0.2754 0.9440 0.1816
vn -0.2924 0.9391 0.1807
vn -0.3099 0.9336 0.1796
vn -0.2925 0.9391 0.1807
vn -0.3346 0.9254 0.1780
vn -0.3099 0.9337 0.1796
vn -0.3691 0.9127 0.1756
vn -0.3345 0.9254 0.1780
vn -0.4072 0.8969 0.1726
vn -0.4466 0.8786 0.1690
vn -0.4073 0.8969 0.1726
vn -0.4867 0.8578 0.1650
vn -0.4465 0.8786 0.1690
vn -0.5275 0.8342 0.1605
vn -0.5686 0.8078 0.1554
vn -0.5275 0.8343 0.1605
vn -0.6097 0.7783 0.1498
vn -0.5687 0.8078 0.1554
vn -0.6504 0.7459 0.1435
vn -0.6098 0.7783 0.1497
vn -0.6902 0.7106 0.1367
vn -0.7286 0.6726 0.1294
vn -0.7654 0.6319 0.1216
vn -0.7654 0.6320 0.1216
vn 0.6558 -0.7413 -0.1426
vn 0.7109 -0.6906 -0.1329
vn 0.7109 -0.6907 -0.1329
vn 0.5982 -0.7869 -0.1514
vn 0.6559 -0.7413 -0.1426
vn 0.5372 -0.8283 -0.1594
vn 0.4740 -0.8647 -0.1664
vn 0.4095 -0.8959 -0.1724
vn 0.4739 -0.8647 -0.1664
vn 0.3450 -0.9217 -0.1773
vn 0.2813 -0.9423 -0.1813
vn 0.3449 -0.9217 -0.1773
vn 0.2194 -0.9581 -0.1843
vn 0.1600 -0.9693 -0.1865
vn 0.1036 -0.9767 -0.1879
vn 0.1601 -0.9693 -0.1865
vn 0.0503 -0.9807 -0.1887
vn 0.0050 -0.9820 -0.1889
vn -0.0293 -0.9816 -0.1889
vn -0.0592 -0.9803 -0.1886
vn -0.0898 -0.9780 -0.1882
vn -0.1210 -0.9748 -0.1875
vn -0.1527 -0.9705 -0.1867
vn -0.1209 -0.9748 -0.1875
vn -0.1848 -0.9651 -0.1857
vn -0.1526 -0.9705 -0.1867
vn -0.2173 -0.9585 -0.1844
vn -0.2500 -0.9508 -0.1829
vn -0.2172 -0.9585 -0.1844
vn -0.2828 -0.9419 -0.1812
vn -0.2499 -0.9508 -0.1829
vn -0.3156 -0.9318 -0.1793
vn -0.3483 -0.9205 -0.1771
vn -0.3790 -0.9087 -0.1748
vn -0.4056 -0.8976 -0.1727
vn -0.3789 -0.9088 -0.1748
vn -0.4303 -0.8864 -0.1705
vn -0.4548 -0.8746 -0.1683
vn -0.4790 -0.8620 -0.1658
vn -0.5030 -0.8487 -0.1633
vn -0.4791 -0.8620 -0.1658
vn -0.5267 -0.8348 -0.1606
vn -0.5499 -0.8202 -0.1578
vn -0.5266 -0.8348 -0.1606
vn -0.5726 -0.8051 -0.1549
vn -0.5498 -0.8202 -0.1578
vn -0.5948 -0.7894 -0.1519
vn -0.6165 -0.7732 -0.1488
vn -0.6376 -0.7565 -0.1455
vn -0.6575 -0.7399 -0.1424
vn -0.6757 -0.7239 -0.1393
vn -0.6929 -0.7080 -0.1362
vn -0.7096 -0.6919 -0.1331
vn -0.7259 -0.6754 -0.1300
vn -0.7097 -0.6918 -0.1331
vn -0.7417 -0.6587 -0.1267
vn -0.7259 -0.6754 -0.1299
vn -0.7569 -0.6417 -0.1235
vn -0.7716 -0.6246 -0.1202
vn -0.7858 -0.6074 -0.1169
vn -0.7994 -0.5900 -0.1135
vn -0.8125 -0.5725 -0.1101
vn -0.7994 -0.5899 -0.1135
vn -0.8250 -0.5549 -0.1068
vn -0.8125 -0.5724 -0.1101
vn -0.8365 -0.5381 -0.1035
vn -0.8466 -0.5226 -0.1006
vn -0.8560 -0.5077 -0.0977
vn -0.8466 -0.5226 -0.1005
vn -0.8651 -0.4926 -0.0948
vn -0.8560 -0.5076 -0.0977
vn -0.8739 -0.4774 -0.0919
vn -0.8824 -0.4621 -0.0889
vn -0.8739 -0.4774 -0.0918
vn -0.8906 -0.4467 -0.0859
vn -0.8984 -0.4312 -0.0830
vn -0.8906 -0.4466 -0.0859
vn -0.9060 -0.4156 -0.0800
vn -0.8985 -0.4311 -0.0829
vn -0.9133 -0.4000 -0.0770
vn -0.9203 -0.3843 -0.0739
vn -0.9269 -0.3686 -0.0709
vn -0.9202 -0.3843 -0.0739
vn -0.9331 -0.3532 -0.0680
vn -0.9388 -0.3384 -0.0651
vn -0.9441 -0.3238 -0.0623
vn -0.9492 -0.3091 -0.0595
vn -0.9540 -0.2944 -0.0566
vn -0.9586 -0.2796 -0.0538
vn -0.9629 -0.2649 -0.0510
vn -0.9670 -0.2501 -0.0481
vn -0.9709 -0.2353 -0.0453
vn -0.9745 -0.2205 -0.0424
vn -0.9778 -0.2057 -0.0396
vn -0.9809 -0.1909 -0.0367
vn -0.9837 -0.1765 -0.0340
vn -0.9862 -0.1625 -0.0313
vn -0.9837 -0.1765 -0.0339
vn -0.9885 -0.1486 -0.0286
vn -0.9906 -0.1345 -0.0259
vn -0.9925 -0.1202 -0.0231
vn -0.9942 -0.1058 -0.0204
vn -0.9957 -0.0911 -0.0175
vn -0.9970 -0.0763 -0.0147
vn -0.9980 -0.0614 -0.0118
vn -0.9989 -0.0462 -0.0089
vn -0.9995 -0.0310 -0.0060
vn -0.9999 -0.0155 -0.0030
vn -1.0000 0.0015 0.0003
vn -0.9997 0.0221 0.0042
vn -0.9990 0.0450 0.0087
vn -0.9975 0.0687 0.0132
vn -0.9955 0.0934 0.0180
vn -0.9926 0.1191 0.0229
vn -0.9889 0.1456 0.0280
vn -0.9843 0.1731 0.0333
vn -0.9787 0.2014 0.0387
vn -0.9844 0.1730 0.0333
vn -0.9720 0.2306 0.0444
vn -0.9787 0.2014 0.0388
vn -0.9642 0.2606 0.0501
vn -0.9550 0.2913 0.0561
vn -0.9447 0.3219 0.0619
vn -0.9550 0.2913 0.0560
vn -0.9337 0.3517 0.0677
vn -0.9216 0.3812 0.0733
vn -0.9081 0.4112 0.0791
vn -0.8932 0.4415 0.0849
vn -0.8769 0.4720 0.0908
vn -0.8590 0.5027 0.0967
vn -0.8397 0.5333 0.1026
vn -0.8188 0.5637 0.1085
vn -0.7964 0.5938 0.1143
vn -0.7726 0.6235 0.1200
vn -0.7964 0.5938 0.1142
vn -0.7474 0.6525 0.1255
vn -0.7726 0.6234 0.1199
vn -0.7208 0.6806 0.1309
vn -0.7474 0.6524 0.1255
vn -0.6931 0.7079 0.1362
vn -0.7209 0.6806 0.1309
vn -0.6641 0.7342 0.1413
vn -0.6341 0.7594 0.1461
vn -0.6031 0.7833 0.1507
vn -0.6340 0.7594 0.1461
vn -0.5712 0.8060 0.1551
vn -0.6030 0.7834 0.1507
vn -0.5387 0.8273 0.1592
vn -0.5712 0.8061 0.1551
vn -0.5059 0.8471 0.1630
vn -0.4726 0.8654 0.1665
vn -0.5058 0.8471 0.1630
vn -0.4392 0.8822 0.1697
vn -0.4059 0.8975 0.1727
vn -0.3726 0.9113 0.1753
vn -0.3401 0.9234 0.1777
vn -0.3727 0.9112 0.1753
vn -0.3087 0.9340 0.1797
vn -0.3402 0.9234 0.1777
vn -0.2781 0.9433 0.1815
vn -0.3088 0.9340 0.1797
vn -0.2476 0.9514 0.1830
vn -0.2780 0.9433 0.1815
vn -0.2176 0.9585 0.1844
vn -0.2477 0.9514 0.1830
vn -0.1880 0.9645 0.1856
vn -0.2177 0.9584 0.1844
vn -0.1591 0.9695 0.1865
vn -0.1882 0.9644 0.1856
vn -0.1309 0.9735 0.1873
vn -0.1593 0.9695 0.1865
vn -0.1033 0.9767 0.1879
vn -0.0764 0.9791 0.1884
vn -0.0502 0.9808 0.1887
vn -0.0763 0.9791 0.1884
vn -0.0247 0.9817 0.1889
vn 0.0012 0.9820 0.1889
vn 0.0293 0.9816 0.1888
vn 0.0011 0.9820 0.1889
vn 0.0592 0.9803 0.1886
vn 0.0898 0.9780 0.1882
vn 0.1209 0.9748 0.1875
vn 0.1527 0.9705 0.1867
vn 0.1848 0.9651 0.1857
vn 0.1526 0.9705 0.1867
vn 0.2173 0.9585 0.1844
vn 0.1847 0.9651 0.1857
vn 0.2499 0.9508 0.1829
vn 0.2172 0.9585 0.1844
vn 0.2828 0.9419 0.1812
vn 0.2500 0.9508 0.1829
vn 0.3156 0.9318 0.1793
vn 0.3483 0.9205 0.1771
vn 0.3789 0.9088 0.1748
vn 0.4056 0.8976 0.1727
vn 0.4303 0.8864 0.1705
vn 0.4548 0.8745 0.1683
vn 0.4791 0.8620 0.1658
vn 0.5030 0.8487 0.1633
vn 0.5266 0.8348 0.1606
vn 0.5499 0.8202 0.1578
vn 0.5726 0.8051 0.1549
vn 0.5498 0.8202 0.1578
vn 0.5948 0.7894 0.1519
vn 0.5725 0.8051 0.1549
vn 0.6165 0.7732 0.1488
vn 0.6376 0.7565 0.1456
vn 0.6575 0.7399 0.1424
vn 0.6376 0.7565 0.1455
vn 0.6757 0.7239 0.1393
vn 0.6929 0.7080 0.1362
vn 0.7097 0.6918 0.1331
vn 0.6929 0.7081 0.1362
vn 0.7259 0.6754 0.1299
vn 0.7096 0.6919 0.1331
vn 0.7417 0.6587 0.1267
vn 0.7569 0.6417 0.1235
vn 0.7716 0.6246 0.1202
vn 0.7858 0.6074 0.1169
vn 0.7994 0.5900 0.1135
vn 0.8125 0.5725 0.1101
vn 0.8250 0.5549 0.1068
vn 0.8365 0.5381 0.1035
vn 0.8466 0.5226 0.1005
vn 0.8560 0.5076 0.0977
vn 0.8651 0.4926 0.0948
vn 0.8560 0.5077 0.0977
vn 0.8739 0.4774 0.0918
vn 0.8824 0.4621 0.0889
vn 0.8739 0.4774 0.0919
vn 0.8906 0.4467 0.0859
vn 0.8985 0.4312 0.0830
vn 0.9060 0.4156 0.0800
vn 0.9133 0.4000 0.0769
vn 0.9202 0.3843 0.0739
vn 0.9133 0.3999 0.0769
vn 0.9269 0.3686 0.0709
vn 0.9331 0.3532 0.0680
vn 0.9388 0.3384 0.0651
vn 0.9441 0.3238 0.0623
vn 0.9388 0.3383 0.0651
vn 0.9492 0.3091 0.0595
vn 0.9540 0.2944 0.0566
vn 0.9586 0.2796 0.0538
vn 0.9629 0.2649 0.0510
vn 0.9586 0.2797 0.0538
vn 0.9670 0.2501 0.0481
vn 0.9709 0.2353 0.0453
vn 0.9745 0.2205 0.0424
vn 0.9778 0.2057 0.0396
vn 0.9809 0.1909 0.0367
vn 0.9837 0.1765 0.0339
vn 0.9862 0.1625 0.0313
vn 0.9837 0.1765 0.0340
vn 0.9885 0.1486 0.0286
vn 0.9906 0.1345 0.0259
vn 0.9925 0.1202 0.0231
vn 0.9942 0.1058 0.0203
vn 0.9957 0.0911 0.0175
vn 0.9942 0.1058 0.0204
vn 0.9970 0.0763 0.0147
vn 0.9980 0.0614 0.0118
vn 0.9989 0.0462 0.0089
vn 0.9995 0.0309 0.0060
vn 0.9999 0.0155 0.0030
vn 1.0000 -0.0068 -0.0013
vn 0.9990 -0.0439 -0.0084
vn 0.9957 -0.0909 -0.0175
vn 0.9896 -0.1415 -0.0272
vn 0.9799 -0.1957 -0.0377
vn 0.9661 -0.2534 -0.0487
vn 0.9475 -0.3140 -0.0604
vn 0.9233 -0.3771 -0.0726
vn 0.8931 -0.4418 -0.0850
vn 0.8565 -0.5069 -0.0975
vn 0.8134 -0.5713 -0.1099
vn 0.7642 -0.6334 -0.1219
vn 0.7641 -0.6334 -0.1219
vn 0.3288 0.9274 0.1784
vn 0.3596 0.9163 0.1763
vn 0.2957 0.9381 0.1805
vn 0.2630 0.9474 0.1823
vn 0.2308 0.9555 0.1838
vn 0.1992 0.9623 0.1851
vn 0.1683 0.9680 0.1862
vn 0.1381 0.9726 0.1871
vn 0.1088 0.9762 0.1878
vn 0.0803 0.9788 0.1883
vn 0.0527 0.9806 0.1887
vn 0.0259 0.9817 0.1889
vn 0.0005 0.9820 0.1889
vn -0.0236 0.9817 0.1889
vn 0.0006 0.9820 0.1889
vn -0.0478 0.9809 0.1887
vn -0.0727 0.9794 0.1884
vn -0.0983 0.9772 0.1880
vn -0.1245 0.9743 0.1875
vn -0.0982 0.9772 0.1880
vn -0.1513 0.9707 0.1868
vn -0.1244 0.9744 0.1875
vn -0.1786 0.9662 0.1859
vn -0.2065 0.9608 0.1849
vn -0.1787 0.9662 0.1859
vn -0.2349 0.9545 0.1836
vn -0.2066 0.9608 0.1849
vn -0.2637 0.9472 0.1822
vn -0.2350 0.9545 0.1836
vn -0.2929 0.9389 0.1806
vn -0.2638 0.9472 0.1822
vn -0.3226 0.9295 0.1788
vn -0.3531 0.9187 0.1768
vn -0.3843 0.9066 0.1744
vn -0.4157 0.8931 0.1718
vn -0.4473 0.8783 0.1690
vn -0.4158 0.8931 0.1718
vn -0.4788 0.8621 0.1659
vn -0.5103 0.8445 0.1625
vn -0.4789 0.8621 0.1659
vn -0.5415 0.8256 0.1588
vn -0.5723 0.8053 0.1549
vn -0.6024 0.7838 0.1508
vn -0.5722 0.8053 0.1549
vn -0.6319 0.7611 0.1464
vn -0.6605 0.7373 0.1418
vn -0.6318 0.7611 0.1464
vn -0.6885 0.7122 0.1370
vn -0.7160 0.6855 0.1319
vn -0.7426 0.6577 0.1265
vn -0.7160 0.6856 0.1319
vn -0.7680 0.6289 0.1210
vn -0.7921 0.5994 0.1153
vn -0.8148 0.5693 0.1095
vn -0.8360 0.5388 0.1037
vn -0.8558 0.5080 0.0977
vn -0.8741 0.4771 0.0918
vn -0.8908 0.4462 0.0858
vn -0.9061 0.4154 0.0799
vn -0.9200 0.3849 0.0741
vn -0.9328 0.3539 0.0681
vn -0.9449 0.3214 0.0618
vn -0.9559 0.2883 0.0555
vn -0.9449 0.3213 0.0618
vn -0.9655 0.2558 0.0492
vn -0.9736 0.2240 0.0431
vn -0.9805 0.1929 0.0371
vn -0.9862 0.1626 0.0313
vn -0.9908 0.1332 0.0256
vn -0.9943 0.1047 0.0201
vn -0.9969 0.0771 0.0148
vn -0.9987 0.0505 0.0097
vn -0.9997 0.0248 0.0048
vn -1.0000 0.0018 0.0004
vn -0.9999 -0.0169 -0.0033
vn -0.9994 -0.0333 -0.0064
vn -0.9987 -0.0491 -0.0094
vn -0.9979 -0.0643 -0.0124
vn -0.9968 -0.0790 -0.0152
vn -0.9955 -0.0932 -0.0179
vn -0.9941 -0.1068 -0.0205
vn -0.9925 -0.1199 -0.0231
vn -0.9908 -0.1326 -0.0255
vn -0.9891 -0.1448 -0.0279
vn -0.9872 -0.1566 -0.0301
vn -0.9850 -0.1693 -0.0326
vn -0.9822 -0.1844 -0.0355
vn -0.9789 -0.2006 -0.0386
vn -0.9754 -0.2166 -0.0417
vn -0.9716 -0.2323 -0.0447
vn -0.9677 -0.2477 -0.0477
vn -0.9716 -0.2322 -0.0447
vn -0.9635 -0.2629 -0.0506
vn -0.9591 -0.2778 -0.0535
vn -0.9546 -0.2925 -0.0563
vn -0.9499 -0.3069 -0.0590
vn -0.9451 -0.3210 -0.0618
vn -0.9401 -0.3348 -0.0644
vn -0.9347 -0.3491 -0.0672
vn -0.9285 -0.3647 -0.0702
vn -0.9218 -0.3807 -0.0733
vn -0.9285 -0.3646 -0.0702
vn -0.9148 -0.3966 -0.0763
vn -0.9076 -0.4122 -0.0793
vn -0.9002 -0.4276 -0.0823
vn -0.8926 -0.4428 -0.0852
vn -0.9002 -0.4277 -0.0823
vn -0.8847 -0.4577 -0.0881
vn -0.8767 -0.4723 -0.0909
vn -0.8686 -0.4867 -0.0936
vn -0.8602 -0.5007 -0.0963
vn -0.8686 -0.4866 -0.0936
vn -0.8517 -0.5145 -0.0990
vn -0.8419 -0.5299 -0.1019
vn -0.8518 -0.5145 -0.0990
vn -0.8294 -0.5486 -0.1055
vn -0.8420 -0.5298 -0.1019
vn -0.8151 -0.5688 -0.1094
vn -0.8294 -0.5485 -0.1055
vn -0.8003 -0.5888 -0.1133
vn -0.7849 -0.6084 -0.1171
vn -0.7690 -0.6277 -0.1208
vn -0.7526 -0.6466 -0.1244
vn -0.7358 -0.6650 -0.1280
vn -0.7185 -0.6830 -0.1314
vn -0.7008 -0.7005 -0.1348
vn -0.6829 -0.7174 -0.1380
vn -0.7009 -0.7004 -0.1348
vn -0.6646 -0.7338 -0.1412
vn -0.6450 -0.7504 -0.1444
vn -0.6233 -0.7679 -0.1477
vn -0.6002 -0.7855 -0.1511
vn -0.5768 -0.8022 -0.1543
vn -0.5767 -0.8022 -0.1543
vn -0.5292 -0.8332 -0.1603
vn -0.5052 -0.8475 -0.1631
vn -0.4811 -0.8609 -0.1656
vn -0.5052 -0.8475 -0.1630
vn -0.4571 -0.8734 -0.1680
vn -0.4331 -0.8851 -0.1703
vn -0.4093 -0.8960 -0.1724
vn -0.3856 -0.9061 -0.1743
vn -0.3596 -0.9163 -0.1763
vn -0.3288 -0.9274 -0.1784
vn -0.2957 -0.9381 -0.1805
vn -0.2630 -0.9474 -0.1823
vn -0.2308 -0.9555 -0.1838
vn -0.1992 -0.9623 -0.1851
vn -0.1683 -0.9680 -0.1862
vn -0.1381 -0.9726 -0.1871
vn -0.1088 -0.9762 -0.1878
vn -0.0803 -0.9788 -0.1883
vn -0.0526 -0.9806 -0.1887
vn -0.0259 -0.9817 -0.1889
vn -0.0527 -0.9806 -0.1887
vn -0.0006 -0.9820 -0.1889
vn 0.0478 -0.9809 -0.1887
vn 0.0727 -0.9794 -0.1884
vn 0.0983 -0.9772 -0.1880
vn 0.1245 -0.9744 -0.1875
vn 0.0982 -0.9772 -0.1880
vn 0.1513 -0.9707 -0.1868
vn 0.1244 -0.9744 -0.1875
vn 0.1787 -0.9662 -0.1859
vn 0.2066 -0.9608 -0.1849
vn 0.2350 -0.9545 -0.1836
vn 0.2638 -0.9472 -0.1822
vn 0.2349 -0.9545 -0.1836
vn 0.2929 -0.9389 -0.1806
vn 0.2637 -0.9472 -0.1822
vn 0.3226 -0.9295 -0.1788
vn 0.3531 -0.9187 -0.1768
vn 0.3225 -0.9295 -0.1788
vn 0.3843 -0.9066 -0.1744
vn 0.4158 -0.8931 -0.1718
vn 0.4474 -0.8782 -0.1690
vn 0.4157 -0.8931 -0.1718
vn 0.4789 -0.8621 -0.1659
vn 0.4473 -0.8783 -0.1690
vn 0.5103 -0.8445 -0.1625
vn 0.5415 -0.8256 -0.1588
vn 0.5722 -0.8053 -0.1549
vn 0.6024 -0.7838 -0.1508
vn 0.6319 -0.7611 -0.1464
vn 0.6605 -0.7373 -0.1419
vn 0.6885 -0.7122 -0.1370
vn 0.6605 -0.7373 -0.1418
vn 0.7160 -0.6855 -0.1319
vn 0.7426 -0.6577 -0.1265
vn 0.7160 -0.6856 -0.1319
vn 0.7680 -0.6289 -0.1210
vn 0.7921 -0.5994 -0.1153
vn 0.8148 -0.5693 -0.1095
vn 0.8360 -0.5388 -0.1037
vn 0.8558 -0.5080 -0.0977
vn 0.8740 -0.4771 -0.0918
vn 0.8908 -0.4462 -0.0858
vn 0.8741 -0.4771 -0.0918
vn 0.9061 -0.4154 -0.0799
vn 0.9200 -0.3849 -0.0741
vn 0.9328 -0.3539 -0.0681
vn 0.9449 -0.3213 -0.0618
vn 0.9559 -0.2883 -0.0555
vn 0.9449 -0.3214 -0.0618
vn 0.9655 -0.2558 -0.0492
vn 0.9736 -0.2240 -0.0431
vn 0.9805 -0.1929 -0.0371
vn 0.9862 -0.1626 -0.0313
vn 0.9908 -0.1332 -0.0256
vn 0.9943 -0.1047 -0.0201
vn 0.9969 -0.0771 -0.0148
vn 0.9987 -0.0505 -0.0097
vn 0.9997 -0.0248 -0.0048
vn 1.0000 -0.0018 -0.0004
vn 0.9999 0.0169 0.0033
vn 0.9994 0.0333 0.0064
vn 0.9979 0.0643 0.0124
vn 0.9968 0.0790 0.0152
vn 0.9955 0.0932 0.0179
vn 0.9941 0.1068 0.0205
vn 0.9925 0.1200 0.0231
vn 0.9908 0.1326 0.0255
vn 0.9925 0.1199 0.0231
vn 0.9891 0.1448 0.0279
vn 0.9872 0.1566 0.0301
vn 0.9850 0.1693 0.0326
vn 0.9822 0.1844 0.0355
vn 0.9789 0.2006 0.0386
vn 0.9754 0.2166 0.0417
vn 0.9716 0.2323 0.0447
vn 0.9677 0.2477 0.0477
vn 0.9635 0.2629 0.0506
vn 0.9591 0.2778 0.0535
vn 0.9546 0.2925 0.0563
vn 0.9499 0.3069 0.0590
vn 0.9451 0.3210 0.0618
vn 0.9401 0.3348 0.0644
vn 0.9347 0.3491 0.0672
vn 0.9285 0.3647 0.0702
vn 0.9218 0.3807 0.0733
vn 0.9285 0.3646 0.0702
vn 0.9148 0.3966 0.0763
vn 0.9218 0.3808 0.0733
vn 0.9076 0.4122 0.0793
vn 0.9002 0.4276 0.0823
vn 0.9076 0.4123 0.0793
vn 0.8926 0.4428 0.0852
vn 0.9002 0.4277 0.0823
vn 0.8847 0.4577 0.0881
vn 0.8767 0.4723 0.0909
vn 0.8686 0.4866 0.0936
vn 0.8602 0.5007 0.0963
vn 0.8686 0.4867 0.0936
vn 0.8517 0.5145 0.0990
vn 0.8419 0.5298 0.1019
vn 0.8518 0.5145 0.0990
vn 0.8294 0.5486 0.1055
vn 0.8419 0.5299 0.1019
vn 0.8151 0.5688 0.1094
vn 0.8294 0.5485 0.1055
vn 0.8003 0.5888 0.1133
vn 0.7849 0.6085 0.1171
vn 0.7690 0.6277 0.1208
vn 0.7849 0.6084 0.1171
vn 0.7526 0.6466 0.1244
vn 0.7358 0.6650 0.1279
vn 0.7185 0.6830 0.1314
vn 0.7358 0.6651 0.1280
vn 0.7008 0.7005 0.1348
vn 0.6829 0.7174 0.1380
vn 0.6645 0.7338 0.1412
vn 0.6450 0.7504 0.1444
vn 0.6646 0.7338 0.1412
vn 0.6233 0.7679 0.1477
vn 0.6451 0.7504 0.1444
vn 0.6002 0.7855 0.1511
vn 0.5768 0.8022 0.1543
vn 0.5531 0.8181 0.1574
vn 0.5767 0.8022 0.1543
vn 0.5292 0.8332 0.1603
vn 0.5052 0.8475 0.1631
vn 0.4811 0.8609 0.1656
vn 0.4571 0.8734 0.1680
vn 0.4331 0.8851 0.1703
vn 0.4092 0.8960 0.1724
vn 0.3856 0.9061 0.1743
vn 0.4093 0.8960 0.1724
vn 0.5382 -0.8276 -0.1592
vn -0.6314 -0.7615 -0.1465
vn 0.9072 -0.4131 -0.0795
vn 0.9085 -0.4104 -0.0790
vn 0.9111 -0.4047 -0.0779
vn 0.9139 -0.3987 -0.0767
vn 0.9167 -0.3923 -0.0755
vn 0.9139 -0.3986 -0.0767
vn 0.9196 -0.3857 -0.0742
vn 0.9226 -0.3788 -0.0729
vn 0.9257 -0.3715 -0.0715
vn 0.9289 -0.3638 -0.0700
vn 0.9321 -0.3557 -0.0684
vn 0.9355 -0.3471 -0.0668
vn 0.9389 -0.3380 -0.0650
vn 0.5747 -0.8036 -0.1546
vn -0.6638 -0.7344 -0.1413
vn -0.9924 -0.1212 -0.0233
vn -0.9912 -0.1303 -0.0251
vn -0.9899 -0.1390 -0.0267
vn -0.9887 -0.1473 -0.0283
vn -0.9874 -0.1551 -0.0298
vn -0.9862 -0.1626 -0.0313
vn -0.9849 -0.1698 -0.0327
vn -0.9837 -0.1766 -0.0340
vn -0.9825 -0.1831 -0.0352
vn -0.9812 -0.1894 -0.0364
vn -0.9800 -0.1954 -0.0376
vn -0.9793 -0.1990 -0.0383
vn -0.6311 -0.7617 -0.1465
vn -0.5382 0.8276 0.1592
vn -0.9068 0.4139 0.0796
vn -0.9079 0.4117 0.0792
vn -0.9106 0.4057 0.0781
vn -0.9135 0.3995 0.0769
vn -0.9107 0.4057 0.0781
vn -0.9165 0.3929 0.0756
vn -0.9195 0.3860 0.0743
vn -0.9226 0.3788 0.0729
vn -0.9258 0.3712 0.0714
vn -0.9291 0.3632 0.0699
vn -0.9324 0.3548 0.0683
vn -0.9359 0.3459 0.0666
vn -0.9394 0.3366 0.0648
vn -0.5754 0.8032 0.1545
vn 0.6683 0.7305 0.1405
vn 0.9935 0.1117 0.0215
vn 0.9919 0.1246 0.0240
vn 0.9904 0.1359 0.0262
vn 0.9889 0.1459 0.0281
vn 0.9875 0.1547 0.0298
vn 0.9862 0.1626 0.0313
vn 0.9850 0.1696 0.0326
vn 0.9838 0.1760 0.0339
vn 0.9827 0.1817 0.0350
vn 0.9817 0.1870 0.0360
vn 0.9807 0.1918 0.0369
vn 0.9797 0.1969 0.0379
vn 0.6311 0.7617 0.1465
vn -0.7755 0.6200 0.1193
vn -0.7754 0.6200 0.1193
vn -0.3408 0.9232 0.1776
vn -0.3777 0.9092 0.1749
vn -0.3778 0.9092 0.1749
vn -0.3024 0.9360 0.1801
vn -0.3407 0.9232 0.1776
vn -0.2652 0.9468 0.1822
vn -0.3022 0.9361 0.1801
vn -0.2296 0.9558 0.1839
vn -0.1956 0.9630 0.1853
vn -0.2297 0.9557 0.1839
vn -0.1632 0.9688 0.1864
vn -0.1957 0.9630 0.1853
vn -0.1324 0.9734 0.1873
vn -0.1030 0.9768 0.1879
vn -0.1323 0.9734 0.1873
vn -0.0752 0.9792 0.1884
vn -0.0488 0.9808 0.1887
vn -0.0237 0.9817 0.1889
vn 0.0030 0.9820 0.1889
vn -0.0238 0.9817 0.1889
vn 0.0357 0.9814 0.1888
vn 0.0728 0.9794 0.1884
vn 0.0358 0.9814 0.1888
vn 0.1112 0.9759 0.1878
vn 0.1508 0.9708 0.1868
vn 0.1916 0.9638 0.1854
vn 0.2332 0.9549 0.1837
vn 0.2756 0.9440 0.1816
vn 0.2333 0.9549 0.1837
vn 0.3185 0.9308 0.1791
vn 0.2757 0.9439 0.1816
vn 0.3617 0.9155 0.1761
vn 0.3186 0.9308 0.1791
vn 0.4048 0.8980 0.1728
vn 0.4474 0.8782 0.1690
vn 0.4048 0.8979 0.1728
vn 0.4911 0.8554 0.1646
vn 0.4475 0.8782 0.1690
vn 0.5366 0.8287 0.1594
vn 0.5816 0.7989 0.1537
vn 0.5365 0.8287 0.1594
vn 0.6241 0.7673 0.1476
vn 0.5815 0.7989 0.1537
vn 0.6640 0.7342 0.1413
vn 0.6241 0.7672 0.1476
vn 0.7012 0.7002 0.1347
vn 0.6641 0.7342 0.1413
vn 0.7354 0.6654 0.1280
vn 0.7667 0.6304 0.1213
vn 0.7952 0.5954 0.1146
vn 0.8209 0.5608 0.1079
vn 0.8440 0.5266 0.1013
vn 0.8647 0.4933 0.0949
vn 0.8838 0.4595 0.0884
vn 0.8965 0.4351 0.0837
vn 0.9033 0.4214 0.0811
vn 0.9097 0.4079 0.0785
vn 0.9156 0.3948 0.0760
vn 0.9096 0.4079 0.0785
vn 0.9212 0.3821 0.0735
vn 0.9265 0.3696 0.0711
vn 0.9314 0.3574 0.0688
vn 0.9360 0.3456 0.0665
vn 0.9404 0.3341 0.0643
vn 0.9444 0.3228 0.0621
vn 0.9403 0.3341 0.0643
vn 0.9482 0.3119 0.0600
vn 0.9444 0.3229 0.0621
vn 0.9518 0.3011 0.0579
vn 0.9552 0.2906 0.0559
vn 0.9583 0.2807 0.0540
vn 0.9611 0.2713 0.0522
vn 0.9636 0.2625 0.0505
vn 0.9611 0.2714 0.0522
vn 0.9659 0.2542 0.0489
vn 0.9680 0.2463 0.0474
vn 0.9700 0.2389 0.0460
vn 0.9717 0.2318 0.0446
vn 0.9734 0.2251 0.0433
vn 0.9749 0.2187 0.0421
vn 0.9763 0.2126 0.0409
vn 0.9781 0.2043 0.0393
vn -0.7754 0.6201 0.1193
vn -0.9784 -0.2032 -0.0391
vn -0.9768 -0.2103 -0.0405
vn -0.9755 -0.2160 -0.0416
vn -0.9741 -0.2220 -0.0427
vn -0.9726 -0.2282 -0.0439
vn -0.9710 -0.2348 -0.0452
vn -0.9692 -0.2417 -0.0465
vn -0.9673 -0.2490 -0.0479
vn -0.9653 -0.2566 -0.0494
vn -0.9630 -0.2647 -0.0509
vn -0.9605 -0.2733 -0.0526
vn -0.9578 -0.2823 -0.0543
vn -0.9547 -0.2921 -0.0562
vn -0.9513 -0.3027 -0.0582
vn -0.9547 -0.2922 -0.0562
vn -0.9476 -0.3136 -0.0603
vn -0.9437 -0.3248 -0.0625
vn -0.9396 -0.3361 -0.0647
vn -0.9353 -0.3475 -0.0668
vn -0.9396 -0.3360 -0.0647
vn -0.9308 -0.3591 -0.0691
vn -0.9353 -0.3475 -0.0669
vn -0.9260 -0.3708 -0.0713
vn -0.9307 -0.3591 -0.0691
vn -0.9210 -0.3826 -0.0736
vn -0.9157 -0.3946 -0.0759
vn -0.9102 -0.4067 -0.0783
vn -0.9044 -0.4190 -0.0806
vn -0.9102 -0.4067 -0.0782
vn -0.8971 -0.4339 -0.0835
vn -0.9044 -0.4189 -0.0806
vn -0.8880 -0.4516 -0.0869
vn -0.8784 -0.4693 -0.0903
vn -0.8685 -0.4868 -0.0937
vn -0.8581 -0.5042 -0.0970
vn -0.8474 -0.5215 -0.1003
vn -0.8362 -0.5385 -0.1036
vn -0.8473 -0.5215 -0.1003
vn -0.8247 -0.5553 -0.1068
vn -0.8362 -0.5386 -0.1036
vn -0.8129 -0.5720 -0.1100
vn -0.8247 -0.5554 -0.1068
vn -0.8006 -0.5884 -0.1132
vn -0.7881 -0.6045 -0.1163
vn -0.7753 -0.6203 -0.1193
vn -0.7608 -0.6373 -0.1226
vn -0.7433 -0.6570 -0.1264
vn -0.7238 -0.6776 -0.1304
vn -0.7433 -0.6569 -0.1264
vn -0.7038 -0.6976 -0.1342
vn -0.6833 -0.7170 -0.1379
vn -0.6625 -0.7356 -0.1415
vn -0.6412 -0.7535 -0.1450
vn -0.6624 -0.7356 -0.1415
vn -0.6197 -0.7707 -0.1483
vn -0.5980 -0.7871 -0.1514
vn -0.5761 -0.8027 -0.1544
vn -0.5540 -0.8175 -0.1573
vn -0.5319 -0.8315 -0.1600
vn -0.5095 -0.8450 -0.1626
vn -0.5320 -0.8315 -0.1600
vn -0.4862 -0.8581 -0.1651
vn -0.4627 -0.8706 -0.1675
vn -0.4393 -0.8822 -0.1697
vn -0.4626 -0.8706 -0.1675
vn -0.4162 -0.8929 -0.1718
vn -0.3934 -0.9028 -0.1737
vn -0.3710 -0.9119 -0.1754
vn -0.3489 -0.9203 -0.1771
vn -0.3710 -0.9119 -0.1755
vn -0.3273 -0.9279 -0.1785
vn -0.3060 -0.9349 -0.1799
vn -0.2853 -0.9412 -0.1811
vn -0.3061 -0.9349 -0.1799
vn -0.2650 -0.9469 -0.1822
vn -0.2439 -0.9523 -0.1832
vn -0.2208 -0.9578 -0.1843
vn -0.1971 -0.9627 -0.1852
vn -0.2208 -0.9577 -0.1843
vn -0.1741 -0.9670 -0.1860
vn -0.1519 -0.9706 -0.1867
vn -0.1304 -0.9736 -0.1873
vn -0.1097 -0.9761 -0.1878
vn -0.1305 -0.9736 -0.1873
vn -0.0897 -0.9780 -0.1882
vn -0.1098 -0.9761 -0.1878
vn -0.0704 -0.9796 -0.1885
vn -0.0519 -0.9807 -0.1887
vn -0.0705 -0.9795 -0.1885
vn -0.0340 -0.9814 -0.1888
vn -0.0167 -0.9819 -0.1889
vn -0.0339 -0.9814 -0.1888
vn 0.0014 -0.9820 -0.1889
vn 0.0226 -0.9817 -0.1889
vn 0.0461 -0.9809 -0.1887
vn 0.0225 -0.9817 -0.1889
vn 0.0969 -0.9774 -0.1880
vn 0.1243 -0.9744 -0.1875
vn 0.1530 -0.9704 -0.1867
vn 0.1830 -0.9654 -0.1857
vn 0.1529 -0.9704 -0.1867
vn 0.2144 -0.9592 -0.1845
vn 0.2472 -0.9515 -0.1831
vn 0.2471 -0.9515 -0.1831
vn 0.3166 -0.9315 -0.1792
vn 0.2812 -0.9424 -0.1813
vn 0.3507 -0.9196 -0.1769
vn 0.3811 -0.9079 -0.1747
vn 0.4099 -0.8957 -0.1723
vn 0.4395 -0.8821 -0.1697
vn 0.4696 -0.8670 -0.1668
vn 0.4394 -0.8821 -0.1697
vn 0.5002 -0.8503 -0.1636
vn 0.4695 -0.8670 -0.1668
vn 0.5313 -0.8320 -0.1601
vn 0.5625 -0.8119 -0.1562
vn 0.5312 -0.8320 -0.1601
vn 0.5939 -0.7901 -0.1520
vn 0.6252 -0.7664 -0.1475
vn 0.5939 -0.7900 -0.1520
vn 0.6562 -0.7410 -0.1426
vn 0.6252 -0.7664 -0.1474
vn 0.6868 -0.7137 -0.1373
vn 0.6563 -0.7409 -0.1426
vn 0.7157 -0.6858 -0.1320
vn 0.7418 -0.6586 -0.1267
vn 0.7662 -0.6311 -0.1214
vn 0.7898 -0.6024 -0.1159
vn 0.8125 -0.5725 -0.1101
vn 0.8341 -0.5417 -0.1042
vn 0.8124 -0.5726 -0.1102
vn 0.8546 -0.5099 -0.0981
vn 0.8739 -0.4774 -0.0918
vn 0.8918 -0.4443 -0.0855
vn 0.8739 -0.4774 -0.0919
vn 0.9084 -0.4107 -0.0790
vn 0.9235 -0.3768 -0.0725
vn 0.9083 -0.4107 -0.0790
vn 0.9371 -0.3427 -0.0659
vn 0.9486 -0.3107 -0.0598
vn 0.9371 -0.3428 -0.0659
vn 0.9576 -0.2828 -0.0544
vn 0.9652 -0.2568 -0.0494
vn 0.9720 -0.2308 -0.0444
vn 0.9652 -0.2569 -0.0494
vn 0.9780 -0.2046 -0.0394
vn 0.9833 -0.1785 -0.0343
vn 0.9781 -0.2046 -0.0394
vn 0.9879 -0.1524 -0.0293
vn 0.9917 -0.1264 -0.0243
vn 0.9947 -0.1006 -0.0194
vn 0.9971 -0.0750 -0.0144
vn 0.9987 -0.0497 -0.0096
vn 0.9997 -0.0247 -0.0048
vn 1.0000 -0.0034 -0.0006
vn 0.9997 -0.0247 -0.0047
vn 0.9999 0.0111 0.0021
vn 0.9997 0.0224 0.0043
vn 0.9994 0.0337 0.0065
vn 0.9989 0.0451 0.0087
vn 0.9983 0.0566 0.0109
vn 0.9976 0.0681 0.0131
vn 0.9967 0.0797 0.0153
vn 0.9957 0.0914 0.0176
vn 0.9945 0.1032 0.0199
vn 0.9931 0.1151 0.0221
vn 0.9916 0.1269 0.0244
vn 0.9902 0.1373 0.0264
vn 0.9891 0.1446 0.0278
vn 0.9882 0.1502 0.0289
vn 0.9873 0.1558 0.0300
vn 0.9864 0.1614 0.0311
vn 0.9854 0.1669 0.0321
vn 0.9845 0.1724 0.0332
vn 0.9854 0.1670 0.0321
vn 0.9835 0.1778 0.0342
vn 0.9824 0.1832 0.0353
vn 0.9835 0.1779 0.0342
vn 0.9814 0.1886 0.0363
vn 0.9824 0.1833 0.0353
vn 0.9803 0.1939 0.0373
vn 0.9792 0.1992 0.0383
vn 0.9790 0.2003 0.0385
vn 0.6315 0.7614 0.1465
vn -0.7752 0.6204 0.1194
vn -0.9776 -0.2066 -0.0398
vn -0.9765 -0.2115 -0.0407
vn -0.9776 -0.2067 -0.0398
vn -0.9782 -0.2041 -0.0393
vn -0.9798 -0.1966 -0.0378
vn -0.9813 -0.1889 -0.0363
vn -0.9798 -0.1965 -0.0378
vn -0.9829 -0.1811 -0.0348
vn -0.9843 -0.1731 -0.0333
vn -0.9858 -0.1649 -0.0317
vn -0.9844 -0.1730 -0.0333
vn -0.9885 -0.1482 -0.0285
vn -0.9899 -0.1395 -0.0268
vn -0.9886 -0.1482 -0.0285
vn -0.9911 -0.1308 -0.0252
vn -0.9923 -0.1218 -0.0235
vn -0.9934 -0.1126 -0.0217
vn -0.9923 -0.1219 -0.0234
vn -0.9945 -0.1033 -0.0199
vn -0.9954 -0.0938 -0.0180
vn -0.9963 -0.0841 -0.0162
vn -0.9971 -0.0743 -0.0143
vn -0.9979 -0.0642 -0.0124
vn -0.9985 -0.0540 -0.0104
vn -0.9990 -0.0436 -0.0084
vn -0.9994 -0.0330 -0.0063
vn -0.9997 -0.0222 -0.0043
vn -0.9999 -0.0112 -0.0021
vn -1.0000 0.0023 0.0004
vn -0.9998 0.0207 0.0040
vn -1.0000 0.0023 0.0005
vn -0.9991 0.0418 0.0080
vn -0.9979 0.0632 0.0122
vn -0.9962 0.0851 0.0164
vn -0.9940 0.1073 0.0206
vn -0.9912 0.1298 0.0250
vn -0.9879 0.1526 0.0294
vn -0.9839 0.1757 0.0338
vn -0.9793 0.1990 0.0383
vn -0.9740 0.2224 0.0428
vn -0.9681 0.2461 0.0474
vn -0.9740 0.2225 0.0428
vn -0.9609 0.2719 0.0523
vn -0.9681 0.2462 0.0474
vn -0.9515 0.3020 0.0581
vn -0.9609 0.2720 0.0523
vn -0.9402 0.3345 0.0644
vn -0.9275 0.3672 0.0706
vn -0.9402 0.3346 0.0644
vn -0.9133 0.3999 0.0769
vn -0.9274 0.3673 0.0707
vn -0.8978 0.4325 0.0832
vn -0.8808 0.4649 0.0894
vn -0.8626 0.4968 0.0956
vn -0.8809 0.4648 0.0894
vn -0.8430 0.5282 0.1016
vn -0.8222 0.5589 0.1075
vn -0.8003 0.5888 0.1133
vn -0.7773 0.6178 0.1189
vn -0.7523 0.6469 0.1245
vn -0.7243 0.6771 0.1303
vn -0.7524 0.6469 0.1245
vn -0.6942 0.7068 0.1360
vn -0.7243 0.6770 0.1303
vn -0.6633 0.7348 0.1414
vn -0.6943 0.7067 0.1360
vn -0.6318 0.7612 0.1464
vn -0.6634 0.7348 0.1414
vn -0.5999 0.7856 0.1512
vn -0.5678 0.8083 0.1555
vn -0.6001 0.7855 0.1511
vn -0.5357 0.8292 0.1595
vn -0.5679 0.8083 0.1555
vn -0.5038 0.8483 0.1632
vn -0.4721 0.8656 0.1665
vn -0.5038 0.8482 0.1632
vn -0.4410 0.8814 0.1696
vn -0.4722 0.8656 0.1665
vn -0.4104 0.8955 0.1723
vn -0.4410 0.8813 0.1696
vn 0.8806 0.4653 0.0895
vn 0.9184 0.3885 0.0747
vn 0.9348 0.3487 0.0671
vn 0.9184 0.3885 0.0748
vn 0.9493 0.3086 0.0594
vn 0.9348 0.3488 0.0671
vn 0.9619 0.2683 0.0516
vn 0.9726 0.2281 0.0439
vn 0.9814 0.1883 0.0362
vn 0.9884 0.1489 0.0287
vn 0.9937 0.1103 0.0212
vn 0.9973 0.0725 0.0140
vn 0.9993 0.0359 0.0069
vn 1.0000 -0.0021 -0.0004
vn 0.9989 -0.0452 -0.0087
vn 0.9955 -0.0928 -0.0178
vn 0.9894 -0.1428 -0.0275
vn 0.9801 -0.1952 -0.0375
vn 0.9672 -0.2494 -0.0480
vn 0.9801 -0.1952 -0.0376
vn 0.9505 -0.3052 -0.0587
vn 0.9296 -0.3618 -0.0696
vn 0.9505 -0.3051 -0.0587
vn 0.9046 -0.4186 -0.0805
vn 0.8752 -0.4750 -0.0914
vn 0.9046 -0.4187 -0.0806
vn 0.8417 -0.5302 -0.1020
vn 0.8045 -0.5833 -0.1122
vn 0.7681 -0.6288 -0.1210
vn 0.7381 -0.6625 -0.1275
vn 0.7115 -0.6901 -0.1327
vn 0.7382 -0.6625 -0.1275
vn 0.6843 -0.7161 -0.1378
vn 0.7115 -0.6900 -0.1328
vn 0.6566 -0.7407 -0.1425
vn 0.6842 -0.7162 -0.1378
vn 0.6285 -0.7638 -0.1470
vn 0.6564 -0.7409 -0.1426
vn 0.6001 -0.7855 -0.1511
vn 0.6284 -0.7639 -0.1470
vn 0.5718 -0.8056 -0.1550
vn 0.6002 -0.7855 -0.1511
vn 0.5435 -0.8243 -0.1586
vn 0.5155 -0.8414 -0.1619
vn 0.4879 -0.8572 -0.1649
vn 0.4605 -0.8717 -0.1677
vn 0.4878 -0.8572 -0.1649
vn 0.4363 -0.8836 -0.1700
vn 0.4604 -0.8717 -0.1677
vn 0.4180 -0.8921 -0.1716
vn 0.4362 -0.8837 -0.1700
vn 0.4027 -0.8988 -0.1729
vn 0.4179 -0.8921 -0.1716
vn 0.3877 -0.9052 -0.1742
vn 0.4027 -0.8989 -0.1729
vn 0.3734 -0.9110 -0.1753
vn 0.3878 -0.9051 -0.1741
vn 0.3593 -0.9164 -0.1763
vn 0.3733 -0.9110 -0.1753
vn 0.3456 -0.9215 -0.1773
vn 0.3592 -0.9165 -0.1763
vn 0.3322 -0.9262 -0.1782
vn 0.3193 -0.9306 -0.1790
vn 0.3068 -0.9346 -0.1798
vn 0.2945 -0.9384 -0.1805
vn 0.2826 -0.9420 -0.1812
vn 0.2741 -0.9444 -0.1817
vn 0.2827 -0.9419 -0.1812
vn 0.2722 -0.9449 -0.1818
vn 0.2742 -0.9444 -0.1817
vn 0.2733 -0.9446 -0.1817
vn 0.2744 -0.9443 -0.1817
vn 0.2734 -0.9446 -0.1817
vn 0.2756 -0.9440 -0.1816
vn 0.2768 -0.9436 -0.1816
vn 0.2754 -0.9440 -0.1816
vn 0.2778 -0.9433 -0.1815
vn 0.2766 -0.9437 -0.1816
vn 0.2789 -0.9430 -0.1814
vn 0.2778 -0.9434 -0.1815
vn 0.2800 -0.9427 -0.1814
vn 0.2788 -0.9430 -0.1814
vn 0.2810 -0.9424 -0.1813
vn 0.2798 -0.9428 -0.1814
vn 0.2820 -0.9421 -0.1813
vn 0.2809 -0.9424 -0.1813
vn 0.2831 -0.9418 -0.1812
vn 0.2959 -0.9380 -0.1805
vn 0.3138 -0.9324 -0.1794
vn 0.3252 -0.9286 -0.1787
vn 0.3137 -0.9324 -0.1794
vn 0.3365 -0.9247 -0.1779
vn 0.3251 -0.9287 -0.1787
vn 0.3481 -0.9206 -0.1771
vn 0.3597 -0.9163 -0.1763
vn 0.3480 -0.9206 -0.1771
vn 0.3715 -0.9117 -0.1754
vn 0.3834 -0.9069 -0.1745
vn 0.3714 -0.9117 -0.1754
vn 0.3953 -0.9020 -0.1735
vn 0.3833 -0.9070 -0.1745
vn 0.4073 -0.8969 -0.1725
vn 0.4195 -0.8914 -0.1715
vn 0.4074 -0.8968 -0.1725
vn 0.4316 -0.8858 -0.1704
vn 0.4463 -0.8788 -0.1691
vn 0.4658 -0.8690 -0.1672
vn 0.4877 -0.8573 -0.1649
vn 0.4657 -0.8690 -0.1672
vn 0.5096 -0.8449 -0.1626
vn 0.4876 -0.8574 -0.1650
vn 0.5317 -0.8317 -0.1600
vn 0.5095 -0.8449 -0.1626
vn 0.5537 -0.8177 -0.1573
vn 0.5316 -0.8317 -0.1600
vn 0.5755 -0.8031 -0.1545
vn 0.5536 -0.8178 -0.1573
vn 0.5974 -0.7875 -0.1515
vn 0.5756 -0.8030 -0.1545
vn 0.6191 -0.7712 -0.1484
vn 0.6404 -0.7542 -0.1451
vn 0.6615 -0.7364 -0.1417
vn 0.6405 -0.7541 -0.1451
vn 0.6823 -0.7179 -0.1381
vn 0.6616 -0.7363 -0.1417
vn 0.7039 -0.6975 -0.1342
vn 0.7272 -0.6741 -0.1297
vn 0.7508 -0.6486 -0.1248
vn 0.7272 -0.6740 -0.1297
vn 0.7735 -0.6224 -0.1197
vn 0.7509 -0.6485 -0.1248
vn 0.7950 -0.5956 -0.1146
vn 0.7735 -0.6223 -0.1197
vn 0.8155 -0.5683 -0.1093
vn 0.7951 -0.5956 -0.1146
vn 0.8347 -0.5407 -0.1040
vn 0.8155 -0.5684 -0.1094
vn 0.8528 -0.5129 -0.0987
vn 0.8697 -0.4848 -0.0933
vn 0.8853 -0.4566 -0.0879
vn 0.8696 -0.4848 -0.0933
vn 0.8997 -0.4286 -0.0825
vn 0.8853 -0.4567 -0.0879
vn 0.9129 -0.4008 -0.0771
vn 0.8997 -0.4287 -0.0825
vn 0.9258 -0.3712 -0.0714
vn 0.9388 -0.3381 -0.0651
vn 0.9258 -0.3713 -0.0714
vn 0.9510 -0.3035 -0.0584
vn 0.9388 -0.3382 -0.0651
vn 0.9616 -0.2694 -0.0518
vn 0.9707 -0.2359 -0.0454
vn 0.9784 -0.2031 -0.0391
vn 0.9847 -0.1712 -0.0329
vn 0.9898 -0.1402 -0.0270
vn 0.9937 -0.1101 -0.0212
vn 0.9966 -0.0811 -0.0156
vn 0.9985 -0.0531 -0.0102
vn 0.9996 -0.0261 -0.0050
vn 1.0000 0.0011 0.0002
vn 0.9995 0.0306 0.0059
vn 0.9980 0.0619 0.0119
vn 0.9954 0.0939 0.0181
vn 0.9916 0.1266 0.0244
vn 0.9867 0.1599 0.0308
vn 0.9804 0.1937 0.0373
vn 0.9866 0.1599 0.0308
vn 0.9727 0.2279 0.0438
vn 0.9637 0.2623 0.0505
vn 0.9533 0.2967 0.0571
vn 0.9414 0.3312 0.0637
vn 0.9532 0.2968 0.0571
vn 0.9282 0.3654 0.0703
vn 0.9138 0.3988 0.0767
vn 0.8986 0.4308 0.0829
vn 0.8823 0.4621 0.0889
vn 0.8647 0.4932 0.0949
vn 0.8457 0.5240 0.1008
vn 0.8255 0.5543 0.1066
vn 0.8040 0.5839 0.1123
vn 0.7814 0.6128 0.1179
vn 0.7577 0.6408 0.1233
vn 0.7331 0.6679 0.1285
vn 0.7077 0.6938 0.1335
vn 0.7331 0.6678 0.1285
vn 0.6815 0.7186 0.1383
vn 0.6547 0.7422 0.1428
vn 0.6273 0.7647 0.1471
vn 0.6547 0.7423 0.1428
vn 0.5993 0.7861 0.1512
vn 0.6273 0.7648 0.1471
vn 0.5709 0.8063 0.1551
vn 0.5423 0.8251 0.1587
vn 0.5134 0.8427 0.1621
vn 0.5422 0.8251 0.1588
vn 0.4846 0.8590 0.1653
vn 0.4558 0.8740 0.1682
vn 0.4272 0.8879 0.1708
vn 0.4558 0.8741 0.1682
vn 0.3988 0.9005 0.1733
vn 0.3709 0.9120 0.1755
vn 0.3434 0.9223 0.1774
vn 0.3709 0.9119 0.1755
vn 0.3157 0.9318 0.1793
vn 0.2872 0.9406 0.1810
vn 0.2584 0.9486 0.1825
vn 0.2300 0.9557 0.1839
vn 0.2021 0.9617 0.1850
vn 0.1746 0.9669 0.1860
vn 0.2020 0.9617 0.1850
vn 0.1477 0.9712 0.1869
vn 0.1214 0.9747 0.1875
vn 0.0958 0.9775 0.1881
vn 0.1215 0.9747 0.1875
vn 0.0708 0.9795 0.1885
vn 0.0465 0.9809 0.1887
vn 0.0230 0.9817 0.1889
vn 0.0466 0.9809 0.1887
vn -0.0181 0.9818 0.1889
vn -0.0361 0.9813 0.1888
vn -0.0180 0.9818 0.1889
vn -0.0542 0.9805 0.1886
vn -0.0361 0.9814 0.1888
vn -0.0722 0.9794 0.1884
vn -0.0542 0.9805 0.1887
vn -0.0903 0.9780 0.1882
vn -0.0723 0.9794 0.1884
vn -0.1083 0.9762 0.1878
vn -0.1263 0.9741 0.1874
vn -0.1084 0.9762 0.1878
vn -0.1442 0.9717 0.1870
vn -0.1620 0.9690 0.1864
vn -0.1797 0.9660 0.1859
vn -0.2135 0.9593 0.1846
vn -0.2275 0.9563 0.1840
vn -0.2406 0.9531 0.1834
vn -0.2275 0.9562 0.1840
vn -0.2541 0.9498 0.1827
vn -0.2680 0.9461 0.1820
vn -0.2824 0.9420 0.1812
vn -0.2681 0.9460 0.1820
vn -0.2973 0.9376 0.1804
vn -0.2825 0.9420 0.1812
vn -0.3126 0.9328 0.1795
vn -0.3284 0.9275 0.1785
vn -0.3127 0.9328 0.1795
vn -0.3447 0.9218 0.1774
vn -0.3284 0.9275 0.1784
vn -0.3615 0.9156 0.1762
vn -0.3447 0.9218 0.1773
vn -0.3787 0.9088 0.1749
vn -0.8860 0.4553 0.0876
vn -0.3788 0.9088 0.1749
vn -0.4741 -0.8646 -0.1663
vn 0.3607 -0.9159 -0.1762
vn 0.3510 -0.9195 -0.1769
vn 0.3408 -0.9232 -0.1776
vn 0.3301 -0.9269 -0.1783
vn 0.3189 -0.9307 -0.1791
vn 0.3070 -0.9346 -0.1798
vn 0.3188 -0.9307 -0.1791
vn 0.2944 -0.9385 -0.1806
vn 0.2673 -0.9463 -0.1821
vn 0.2525 -0.9502 -0.1828
vn 0.2672 -0.9463 -0.1821
vn 0.2369 -0.9540 -0.1836
vn 0.2202 -0.9579 -0.1843
vn 0.2028 -0.9616 -0.1850
vn 0.2203 -0.9579 -0.1843
vn 0.1849 -0.9650 -0.1857
vn 0.1669 -0.9682 -0.1863
vn 0.1849 -0.9651 -0.1857
vn 0.1487 -0.9711 -0.1868
vn 0.1304 -0.9736 -0.1873
vn 0.1120 -0.9758 -0.1877
vn 0.0934 -0.9777 -0.1881
vn 0.0748 -0.9792 -0.1884
vn 0.0935 -0.9777 -0.1881
vn 0.0562 -0.9804 -0.1886
vn 0.0375 -0.9813 -0.1888
vn 0.0561 -0.9804 -0.1886
vn 0.0188 -0.9818 -0.1889
vn -0.0042 -0.9820 -0.1889
vn 0.0187 -0.9818 -0.1889
vn -0.0367 -0.9813 -0.1888
vn -0.0757 -0.9792 -0.1884
vn -0.0366 -0.9813 -0.1888
vn -0.1175 -0.9752 -0.1876
vn -0.1622 -0.9690 -0.1864
vn -0.2097 -0.9602 -0.1847
vn -0.2600 -0.9482 -0.1824
vn -0.2098 -0.9601 -0.1847
vn -0.3129 -0.9327 -0.1794
vn -0.2601 -0.9482 -0.1824
vn -0.3680 -0.9131 -0.1757
vn -0.4249 -0.8889 -0.1710
vn -0.4827 -0.8600 -0.1655
vn -0.4248 -0.8890 -0.1710
vn -0.5409 -0.8260 -0.1589
vn -0.5977 -0.7873 -0.1515
vn -0.5408 -0.8260 -0.1589
vn -0.6526 -0.7441 -0.1432
vn -0.5976 -0.7873 -0.1515
vn -0.7064 -0.6951 -0.1337
vn -0.6525 -0.7441 -0.1432
vn -0.7588 -0.6395 -0.1230
vn -0.7064 -0.6950 -0.1337
vn -0.8086 -0.5778 -0.1112
vn -0.7589 -0.6395 -0.1230
vn -0.8542 -0.5107 -0.0982
vn -0.8085 -0.5779 -0.1112
vn -0.8944 -0.4391 -0.0845
vn -0.8541 -0.5107 -0.0983
vn -0.9285 -0.3646 -0.0701
vn -0.9558 -0.2887 -0.0556
vn -0.9762 -0.2131 -0.0410
vn -0.9558 -0.2887 -0.0555
vn -0.9899 -0.1390 -0.0268
vn -0.9976 -0.0679 -0.0131
vn -1.0000 -0.0083 -0.0016
vn -0.9994 0.0338 0.0065
vn -0.9975 0.0690 0.0133
vn -0.9942 0.1057 0.0203
vn -0.9892 0.1441 0.0277
vn -0.9823 0.1839 0.0354
vn -0.9734 0.2251 0.0433
vn -0.9622 0.2674 0.0514
vn -0.9486 0.3107 0.0598
vn -0.9622 0.2674 0.0515
vn -0.9325 0.3546 0.0682
vn -0.9138 0.3989 0.0768
vn -0.8923 0.4433 0.0853
vn -0.9138 0.3989 0.0767
vn -0.8702 0.4838 0.0931
vn -0.8923 0.4432 0.0853
vn -0.8501 0.5171 0.0995
vn -0.8307 0.5467 0.1052
vn -0.8500 0.5172 0.0995
vn -0.8099 0.5760 0.1108
vn -0.7881 0.6045 0.1163
vn -0.8100 0.5759 0.1108
vn -0.7651 0.6323 0.1216
vn -0.7882 0.6044 0.1163
vn -0.7412 0.6592 0.1268
vn -0.7652 0.6322 0.1216
vn -0.7164 0.6851 0.1318
vn -0.6908 0.7100 0.1366
vn -0.7163 0.6852 0.1318
vn -0.6645 0.7339 0.1412
vn -0.6908 0.7101 0.1366
vn -0.6376 0.7565 0.1455
vn -0.6644 0.7339 0.1412
vn -0.6103 0.7779 0.1497
vn -0.6375 0.7566 0.1456
vn -0.5845 0.7968 0.1533
vn -0.6104 0.7778 0.1496
vn -0.5625 0.8119 0.1562
vn -0.5846 0.7967 0.1533
vn -0.5426 0.8249 0.1587
vn -0.5228 0.8371 0.1611
vn -0.5424 0.8250 0.1587
vn -0.5033 0.8485 0.1633
vn -0.5226 0.8372 0.1611
vn -0.4840 0.8593 0.1653
vn -0.5031 0.8487 0.1633
vn -0.4648 0.8695 0.1673
vn -0.4838 0.8594 0.1654
vn -0.4461 0.8789 0.1691
vn -0.4277 0.8876 0.1708
vn -0.4095 0.8959 0.1724
vn -0.4276 0.8877 0.1708
vn -0.3918 0.9035 0.1738
vn -0.4096 0.8958 0.1724
vn -0.3745 0.9105 0.1752
vn -0.3919 0.9034 0.1738
vn -0.3604 0.9160 0.1762
vn -0.3520 0.9191 0.1768
vn -0.3467 0.9211 0.1772
vn -0.3522 0.9191 0.1768
vn -0.3416 0.9229 0.1776
vn -0.3468 0.9210 0.1772
vn -0.3364 0.9248 0.1779
vn -0.3415 0.9230 0.1776
vn -0.3312 0.9266 0.1783
vn -0.3261 0.9283 0.1786
vn -0.3314 0.9265 0.1783
vn -0.3212 0.9300 0.1789
vn -0.3263 0.9282 0.1786
vn -0.3163 0.9316 0.1792
vn -0.3213 0.9299 0.1789
vn -0.3114 0.9331 0.1795
vn -0.3065 0.9347 0.1798
vn -0.3114 0.9332 0.1795
vn -0.3017 0.9362 0.1801
vn -0.3067 0.9347 0.1798
vn -0.2976 0.9375 0.1804
vn -0.3018 0.9362 0.1801
vn -0.2975 0.9375 0.1804
vn -0.3008 0.9365 0.1802
vn -0.3041 0.9355 0.1800
vn -0.3009 0.9365 0.1802
vn -0.3074 0.9344 0.1798
vn -0.3042 0.9355 0.1800
vn -0.3108 0.9334 0.1796
vn -0.3141 0.9323 0.1794
vn -0.3107 0.9334 0.1796
vn -0.3174 0.9312 0.1792
vn -0.3207 0.9301 0.1790
vn -0.3239 0.9290 0.1787
vn -0.3206 0.9302 0.1790
vn -0.3271 0.9280 0.1785
vn -0.3239 0.9291 0.1788
vn -0.3304 0.9269 0.1783
vn -0.3272 0.9279 0.1785
vn -0.3377 0.9243 0.1778
vn -0.3303 0.9269 0.1783
vn -0.3532 0.9187 0.1768
vn -0.3376 0.9243 0.1778
vn -0.3730 0.9111 0.1753
vn -0.3532 0.9187 0.1767
vn -0.3930 0.9030 0.1737
vn -0.3729 0.9112 0.1753
vn -0.4129 0.8944 0.1721
vn -0.3928 0.9030 0.1737
vn -0.4331 0.8851 0.1703
vn -0.4534 0.8753 0.1684
vn -0.4737 0.8648 0.1664
vn -0.4939 0.8538 0.1643
vn -0.5142 0.8422 0.1620
vn -0.4941 0.8538 0.1643
vn -0.5345 0.8299 0.1597
vn -0.5143 0.8422 0.1620
vn -0.5547 0.8171 0.1572
vn -0.5345 0.8300 0.1597
vn -0.5772 0.8019 0.1543
vn -0.5546 0.8171 0.1572
vn -0.6046 0.7822 0.1505
vn -0.6342 0.7592 0.1461
vn -0.6047 0.7821 0.1505
vn -0.6631 0.7351 0.1414
vn -0.6910 0.7098 0.1366
vn -0.6630 0.7351 0.1414
vn -0.7180 0.6835 0.1315
vn -0.7439 0.6563 0.1263
vn -0.7686 0.6282 0.1209
vn -0.7439 0.6562 0.1263
vn -0.7921 0.5995 0.1153
vn -0.8141 0.5702 0.1097
vn -0.7920 0.5995 0.1153
vn -0.8348 0.5406 0.1040
vn -0.8142 0.5702 0.1097
vn -0.8541 0.5108 0.0983
vn -0.8741 0.4770 0.0918
vn -0.8541 0.5107 0.0983
vn -0.8961 0.4358 0.0838
vn -0.9174 0.3908 0.0752
vn -0.8961 0.4358 0.0839
vn -0.9358 0.3462 0.0666
vn -0.9515 0.3022 0.0581
vn -0.9358 0.3461 0.0666
vn -0.9645 0.2593 0.0499
vn -0.9752 0.2175 0.0419
vn -0.9836 0.1772 0.0341
vn -0.9900 0.1385 0.0266
vn -0.9947 0.1014 0.0195
vn -0.9900 0.1385 0.0267
vn -0.9977 0.0660 0.0127
vn -0.9995 0.0322 0.0062
vn -0.9977 0.0659 0.0127
vn -1.0000 -0.0000 -0.0000
vn -0.9995 -0.0318 -0.0061
vn -0.9978 -0.0646 -0.0124
vn -0.9950 -0.0983 -0.0189
vn -0.9908 -0.1330 -0.0256
vn -0.9852 -0.1684 -0.0324
vn -0.9781 -0.2045 -0.0393
vn -0.9694 -0.2412 -0.0464
vn -0.9590 -0.2782 -0.0535
vn -0.9694 -0.2411 -0.0464
vn -0.9470 -0.3155 -0.0607
vn -0.9332 -0.3528 -0.0679
vn -0.9178 -0.3900 -0.0750
vn -0.9010 -0.4259 -0.0819
vn -0.9178 -0.3899 -0.0750
vn -0.8836 -0.4598 -0.0885
vn -0.8652 -0.4924 -0.0947
vn -0.8453 -0.5246 -0.1009
vn -0.8241 -0.5563 -0.1070
vn -0.8453 -0.5247 -0.1009
vn -0.8015 -0.5872 -0.1130
vn -0.8240 -0.5563 -0.1070
vn -0.7778 -0.6172 -0.1187
vn -0.7530 -0.6462 -0.1243
vn -0.7272 -0.6741 -0.1297
vn -0.7529 -0.6462 -0.1243
vn -0.7006 -0.7007 -0.1348
vn -0.6733 -0.7261 -0.1397
vn -0.6455 -0.7500 -0.1443
vn -0.6172 -0.7727 -0.1487
vn -0.5884 -0.7940 -0.1528
vn -0.5593 -0.8141 -0.1566
vn -0.5300 -0.8327 -0.1602
vn -0.5593 -0.8140 -0.1566
vn -0.5007 -0.8500 -0.1635
vn -0.4715 -0.8660 -0.1666
vn -0.4425 -0.8806 -0.1694
vn -0.4138 -0.8940 -0.1720
vn -0.3577 -0.9170 -0.1764
vn -0.3855 -0.9061 -0.1743
vn -0.3305 -0.9268 -0.1783
vn -0.3038 -0.9356 -0.1800
vn -0.2776 -0.9434 -0.1815
vn -0.2517 -0.9504 -0.1829
vn -0.2260 -0.9566 -0.1840
vn -0.2009 -0.9620 -0.1851
vn -0.2261 -0.9566 -0.1840
vn -0.1763 -0.9666 -0.1860
vn -0.1522 -0.9706 -0.1867
vn -0.1286 -0.9738 -0.1874
vn -0.1057 -0.9765 -0.1879
vn -0.1287 -0.9738 -0.1874
vn -0.0834 -0.9786 -0.1883
vn -0.0616 -0.9801 -0.1886
vn -0.0833 -0.9786 -0.1883
vn -0.0405 -0.9812 -0.1888
vn -0.0200 -0.9818 -0.1889
vn 0.0108 -0.9819 -0.1889
vn -0.0023 -0.9820 -0.1889
vn 0.0217 -0.9818 -0.1889
vn 0.0328 -0.9815 -0.1888
vn 0.0440 -0.9810 -0.1887
vn 0.0327 -0.9815 -0.1888
vn 0.0554 -0.9805 -0.1886
vn 0.0668 -0.9798 -0.1885
vn 0.0553 -0.9805 -0.1886
vn 0.0784 -0.9790 -0.1884
vn 0.0667 -0.9798 -0.1885
vn 0.0901 -0.9780 -0.1882
vn 0.0784 -0.9790 -0.1883
vn 0.1020 -0.9769 -0.1879
vn 0.1139 -0.9756 -0.1877
vn 0.1019 -0.9769 -0.1879
vn 0.1261 -0.9742 -0.1874
vn 0.1371 -0.9727 -0.1871
vn 0.1260 -0.9742 -0.1874
vn 0.1459 -0.9715 -0.1869
vn 0.1538 -0.9703 -0.1867
vn 0.1618 -0.9690 -0.1864
vn 0.1701 -0.9677 -0.1862
vn 0.1619 -0.9690 -0.1864
vn 0.1873 -0.9646 -0.1856
vn 0.1786 -0.9662 -0.1859
vn 0.1963 -0.9629 -0.1853
vn 0.1874 -0.9646 -0.1856
vn 0.2055 -0.9610 -0.1849
vn 0.2149 -0.9590 -0.1845
vn 0.2245 -0.9569 -0.1841
vn 0.2150 -0.9590 -0.1845
vn 0.2346 -0.9546 -0.1837
vn 0.2246 -0.9569 -0.1841
vn 0.2444 -0.9522 -0.1832
vn 0.2345 -0.9546 -0.1837
vn 0.2536 -0.9499 -0.1828
vn 0.2443 -0.9522 -0.1832
vn 0.2628 -0.9475 -0.1823
vn 0.2723 -0.9449 -0.1818
vn 0.2821 -0.9421 -0.1813
vn 0.2922 -0.9391 -0.1807
vn 0.3027 -0.9359 -0.1801
vn 0.3135 -0.9325 -0.1794
vn 0.3247 -0.9288 -0.1787
vn 0.3134 -0.9325 -0.1794
vn 0.3363 -0.9248 -0.1779
vn 0.3482 -0.9205 -0.1771
vn 0.3606 -0.9159 -0.1762
vn 0.3724 -0.9114 -0.1753
vn 0.3824 -0.9074 -0.1746
vn 0.3723 -0.9114 -0.1754
vn 0.3919 -0.9034 -0.1738
vn 0.3823 -0.9074 -0.1746
vn 0.4019 -0.8992 -0.1730
vn 0.3919 -0.9035 -0.1738
vn 0.4126 -0.8945 -0.1721
vn 0.4240 -0.8893 -0.1711
vn 0.4127 -0.8945 -0.1721
vn 0.4241 -0.8893 -0.1711
vn 0.4493 -0.8773 -0.1688
vn 0.4633 -0.8702 -0.1674
vn 0.4783 -0.8624 -0.1659
vn 0.4633 -0.8703 -0.1674
vn 0.4943 -0.8536 -0.1642
vn 0.4782 -0.8624 -0.1659
vn 0.5117 -0.8437 -0.1623
vn 0.4942 -0.8537 -0.1642
vn 0.9175 -0.3906 -0.0752
vn 0.5116 -0.8438 -0.1623
vn 0.4447 0.8795 0.1692
vn 0.9175 -0.3907 -0.0752
vn -0.4214 0.8905 0.1713
vn 0.4448 0.8795 0.1692
vn -0.4053 0.8977 0.1727
vn -0.4213 0.8906 0.1713
vn -0.3894 0.9045 0.1740
vn -0.4052 0.8978 0.1727
vn -0.3738 0.9108 0.1752
vn -0.3584 0.9167 0.1764
vn -0.3737 0.9108 0.1752
vn -0.3434 0.9223 0.1774
vn -0.3286 0.9275 0.1784
vn -0.3000 0.9368 0.1802
vn -0.3142 0.9323 0.1794
vn -0.2862 0.9409 0.1810
vn -0.2726 0.9448 0.1818
vn -0.2861 0.9409 0.1810
vn -0.2570 0.9490 0.1826
vn -0.2369 0.9540 0.1836
vn -0.2144 0.9592 0.1845
vn -0.2368 0.9541 0.1836
vn -0.1920 0.9637 0.1854
vn -0.1698 0.9677 0.1862
vn -0.1921 0.9637 0.1854
vn -0.1477 0.9712 0.1869
vn -0.1699 0.9677 0.1862
vn -0.1259 0.9742 0.1874
vn -0.1478 0.9712 0.1869
vn -0.1042 0.9766 0.1879
vn -0.0828 0.9786 0.1883
vn -0.0617 0.9801 0.1886
vn -0.0408 0.9812 0.1888
vn -0.0616 0.9801 0.1886
vn -0.0202 0.9818 0.1889
vn -0.0006 0.9820 0.1889
vn -0.0203 0.9818 0.1889
vn 0.0179 0.9818 0.1889
vn 0.0363 0.9813 0.1888
vn 0.0553 0.9805 0.1886
vn 0.0362 0.9813 0.1888
vn 0.0748 0.9792 0.1884
vn 0.0949 0.9776 0.1881
vn 0.0749 0.9792 0.1884
vn 0.1156 0.9754 0.1877
vn 0.0950 0.9776 0.1881
vn 0.1369 0.9727 0.1871
vn 0.1157 0.9754 0.1877
vn 0.1589 0.9695 0.1865
vn 0.1370 0.9727 0.1872
vn 0.1814 0.9657 0.1858
vn 0.2043 0.9613 0.1849
vn 0.1813 0.9657 0.1858
vn 0.2278 0.9562 0.1840
vn 0.2514 0.9505 0.1829
vn 0.2746 0.9442 0.1817
vn 0.2980 0.9374 0.1803
vn 0.3220 0.9297 0.1789
vn 0.2979 0.9374 0.1804
vn 0.3466 0.9211 0.1772
vn 0.3219 0.9297 0.1789
vn 0.3719 0.9115 0.1754
vn 0.3467 0.9211 0.1772
vn 0.3978 0.9010 0.1733
vn 0.4241 0.8893 0.1711
vn 0.3977 0.9010 0.1733
vn 0.4510 0.8765 0.1686
vn 0.4242 0.8893 0.1711
vn 0.4782 0.8624 0.1659
vn 0.4509 0.8765 0.1686
vn 0.5058 0.8471 0.1630
vn 0.4781 0.8625 0.1659
vn 0.5335 0.8305 0.1598
vn 0.5621 0.8122 0.1563
vn 0.5335 0.8306 0.1598
vn 0.5920 0.7914 0.1523
vn 0.5620 0.8122 0.1563
vn 0.6225 0.7686 0.1479
vn 0.6525 0.7441 0.1432
vn 0.6224 0.7686 0.1479
vn 0.6821 0.7181 0.1382
vn 0.6525 0.7442 0.1432
vn 0.7109 0.6906 0.1329
vn 0.6820 0.7181 0.1382
vn 0.7389 0.6617 0.1273
vn 0.7658 0.6315 0.1215
vn 0.7916 0.6001 0.1154
vn 0.8160 0.5677 0.1092
vn 0.7915 0.6001 0.1155
vn 0.8389 0.5345 0.1028
vn 0.8603 0.5006 0.0963
vt 0.075739 0.922471
vt 0.082074 0.923848
vt 0.078791 0.923168
vt 0.085365 0.924469
vt 0.072751 0.921714
vt 0.088663 0.925028
vt 0.069826 0.920899
vt 0.091970 0.925529
vt 0.066965 0.920025
vt 0.095286 0.925968
vt 0.064167 0.919092
vt 0.098609 0.926348
vt 0.061433 0.918100
vt 0.101940 0.926668
vt 0.058763 0.917048
vt 0.105280 0.926928
vt 0.056157 0.915938
vt 0.108628 0.927128
vt 0.053614 0.914770
vt 0.111984 0.927268
vt 0.051135 0.913542
vt 0.115348 0.927347
vt 0.048720 0.912255
vt 0.118720 0.927367
vt 0.046368 0.910909
vt 0.122067 0.927335
vt 0.125355 0.927260
vt 0.044085 0.909512
vt 0.128585 0.927142
vt 0.041876 0.908070
vt 0.131757 0.926981
vt 0.039741 0.906583
vt 0.134869 0.926778
vt 0.037679 0.905052
vt 0.137923 0.926531
vt 0.035692 0.903476
vt 0.140919 0.926241
vt 0.033778 0.901856
vt 0.143856 0.925908
vt 0.146735 0.925533
vt 0.031939 0.900191
vt 0.149555 0.925114
vt 0.030173 0.898481
vt 0.152316 0.924652
vt 0.028481 0.896727
vt 0.155019 0.924147
vt 0.124541 0.892177
vt 0.127293 0.892040
vt 0.130115 0.891857
vt 0.133006 0.891629
vt 0.135966 0.891355
vt 0.138995 0.891036
vt 0.142094 0.890671
vt 0.145262 0.890260
vt 0.148499 0.889804
vt 0.151805 0.889302
vt 0.155181 0.888755
vt 0.026911 0.894984
vt 0.119033 0.892344
vt 0.025457 0.893253
vt 0.113753 0.892406
vt 0.024113 0.891536
vt 0.108693 0.892369
vt 0.022877 0.889835
vt 0.103849 0.892239
vt 0.021743 0.888155
vt 0.099212 0.892022
vt 0.020728 0.886531
vt 0.091141 0.891477
vt 0.094778 0.891725
vt 0.019803 0.884924
vt 0.087111 0.891125
vt 0.018964 0.883334
vt 0.083261 0.890704
vt 0.018205 0.881762
vt 0.079585 0.890220
vt 0.017531 0.880225
vt 0.073569 0.889276
vt 0.076077 0.889676
vt 0.016928 0.878702
vt 0.070368 0.888703
vt 0.016393 0.877193
vt 0.067316 0.888078
vt 0.064409 0.887406
vt 0.062336 0.886858
vt 0.060360 0.886249
vt 0.058481 0.885578
vt 0.015917 0.875680
vt 0.056698 0.884847
vt 0.055013 0.884055
vt 0.053424 0.883202
vt 0.015493 0.874142
vt 0.051932 0.882287
vt 0.050536 0.881312
vt 0.015121 0.872578
vt 0.049237 0.880275
vt 0.048035 0.879178
vt 0.014805 0.870994
vt 0.046930 0.878020
vt 0.045931 0.876815
vt 0.014547 0.869395
vt 0.045046 0.875579
vt 0.014349 0.867782
vt 0.044277 0.874312
vt 0.043622 0.873013
vt 0.014209 0.866154
vt 0.043082 0.871683
vt 0.014128 0.864512
vt 0.042658 0.870321
vt 0.014106 0.862855
vt 0.042348 0.868928
vt 0.042153 0.867504
vt 0.014144 0.861183
vt 0.042073 0.866048
vt 0.014239 0.859497
vt 0.042108 0.864561
vt 0.014394 0.857796
vt 0.042258 0.863043
vt 0.014608 0.856081
vt 0.042523 0.861493
vt 0.014880 0.854351
vt 0.042707 0.860667
vt 0.042915 0.859869
vt 0.015211 0.852606
vt 0.043147 0.859097
vt 0.043403 0.858352
vt 0.015510 0.851244
vt 0.043682 0.857633
vt 0.043984 0.856942
vt 0.015839 0.849918
vt 0.044311 0.856277
vt 0.044661 0.855638
vt 0.016198 0.848627
vt 0.045034 0.855027
vt 0.045431 0.854442
vt 0.016587 0.847372
vt 0.045852 0.853884
vt 0.046297 0.853352
vt 0.017005 0.846151
vt 0.046761 0.852844
vt 0.047240 0.852355
vt 0.017454 0.844967
vt 0.047735 0.851885
vt 0.048246 0.851435
vt 0.048771 0.851004
vt 0.017933 0.843817
vt 0.049313 0.850593
vt 0.049869 0.850201
vt 0.018441 0.842703
vt 0.050442 0.849828
vt 0.051029 0.849475
vt 0.051632 0.849141
vt 0.018980 0.841623
vt 0.052251 0.848826
vt 0.052885 0.848531
vt 0.019549 0.840580
vt 0.053533 0.848251
vt 0.054196 0.847985
vt 0.054874 0.847731
vt 0.020147 0.839571
vt 0.055566 0.847490
vt 0.056272 0.847261
vt 0.056993 0.847045
vt 0.020776 0.838598
vt 0.057728 0.846842
vt 0.058478 0.846652
vt 0.059242 0.846474
vt 0.021430 0.837658
vt 0.060020 0.846309
vt 0.060813 0.846156
vt 0.061620 0.846016
vt 0.062437 0.845885
vt 0.022105 0.836749
vt 0.063261 0.845757
vt 0.064092 0.845633
vt 0.064929 0.845512
vt 0.022802 0.835872
vt 0.065773 0.845396
vt 0.066623 0.845283
vt 0.067479 0.845174
vt 0.068342 0.845069
vt 0.023519 0.835025
vt 0.069212 0.844968
vt 0.070088 0.844870
vt 0.070971 0.844776
vt 0.024258 0.834209
vt 0.071860 0.844686
vt 0.073148 0.844560
vt 0.074438 0.844430
vt 0.025017 0.833425
vt 0.075729 0.844295
vt 0.077020 0.844155
vt 0.078312 0.844011
vt 0.025798 0.832671
vt 0.079606 0.843862
vt 0.080900 0.843708
vt 0.026600 0.831949
vt 0.082196 0.843550
vt 0.083492 0.843387
vt 0.027423 0.831257
vt 0.084789 0.843219
vt 0.086087 0.843047
vt 0.028268 0.830597
vt 0.087387 0.842870
vt 0.088678 0.842679
vt 0.029133 0.829968
vt 0.089954 0.842462
vt 0.030019 0.829369
vt 0.091214 0.842219
vt 0.092459 0.841952
vt 0.030926 0.828799
vt 0.093687 0.841660
vt 0.031851 0.828252
vt 0.094899 0.841342
vt 0.096096 0.841000
vt 0.032794 0.827730
vt 0.097276 0.840632
vt 0.033756 0.827231
vt 0.098441 0.840240
vt 0.034736 0.826757
vt 0.099590 0.839821
vt 0.035735 0.826306
vt 0.100723 0.839378
vt 0.036753 0.825880
vt 0.101840 0.838910
vt 0.037789 0.825477
vt 0.102937 0.838410
vt 0.038843 0.825099
vt 0.104009 0.837872
vt 0.039916 0.824745
vt 0.041008 0.824415
vt 0.105057 0.837296
vt 0.042118 0.824109
vt 0.106081 0.836682
vt 0.043243 0.823821
vt 0.044378 0.823548
vt 0.107080 0.836029
vt 0.045525 0.823288
vt 0.108054 0.835338
vt 0.046683 0.823041
vt 0.047851 0.822808
vt 0.109004 0.834608
vt 0.049031 0.822589
vt 0.050221 0.822383
vt 0.109929 0.833841
vt 0.051423 0.822191
vt 0.052636 0.822012
vt 0.110830 0.833035
vt 0.053859 0.821847
vt 0.055094 0.821696
vt 0.056339 0.821558
vt 0.111707 0.832191
vt 0.057404 0.821468
vt 0.058466 0.821379
vt 0.059523 0.821292
vt 0.112558 0.831309
vt 0.060575 0.821206
vt 0.061623 0.821122
vt 0.062667 0.821040
vt 0.063707 0.820958
vt 0.113386 0.830389
vt 0.064742 0.820879
vt 0.065772 0.820801
vt 0.066799 0.820725
vt 0.114180 0.829423
vt 0.067821 0.820650
vt 0.068838 0.820576
vt 0.069845 0.820498
vt 0.070835 0.820409
vt 0.114934 0.828405
vt 0.071807 0.820309
vt 0.072763 0.820199
vt 0.073701 0.820078
vt 0.074621 0.819945
vt 0.115646 0.827335
vt 0.075525 0.819802
vt 0.076412 0.819649
vt 0.077281 0.819484
vt 0.078133 0.819308
vt 0.116318 0.826213
vt 0.078968 0.819122
vt 0.079786 0.818925
vt 0.080584 0.818712
vt 0.116948 0.825039
vt 0.081363 0.818479
vt 0.082122 0.818226
vt 0.082861 0.817952
vt 0.117537 0.823812
vt 0.083580 0.817658
vt 0.084278 0.817344
vt 0.084957 0.817009
vt 0.118085 0.822534
vt 0.085615 0.816654
vt 0.086253 0.816279
vt 0.086871 0.815883
vt 0.118592 0.821203
vt 0.087469 0.815467
vt 0.088047 0.815031
vt 0.088599 0.814567
vt 0.119059 0.819820
vt 0.089118 0.814069
vt 0.089604 0.813537
vt 0.119484 0.818385
vt 0.090058 0.812971
vt 0.090479 0.812370
vt 0.119867 0.816897
vt 0.090868 0.811736
vt 0.091224 0.811067
vt 0.091547 0.810363
vt 0.120210 0.815358
vt 0.091837 0.809626
vt 0.092095 0.808854
vt 0.120593 0.813338
vt 0.092321 0.808048
vt 0.092514 0.807208
vt 0.120903 0.811340
vt 0.092708 0.806169
vt 0.092861 0.805141
vt 0.121142 0.809365
vt 0.092974 0.804123
vt 0.093045 0.803115
vt 0.121309 0.807412
vt 0.093076 0.802117
vt 0.093066 0.801129
vt 0.121404 0.805481
vt 0.093014 0.800152
vt 0.092922 0.799184
vt 0.121427 0.803573
vt 0.092789 0.798227
vt 0.092615 0.797280
vt 0.121379 0.801688
vt 0.092400 0.796344
vt 0.092144 0.795417
vt 0.121258 0.799824
vt 0.091850 0.794504
vt 0.091520 0.793608
vt 0.121066 0.797984
vt 0.091156 0.792729
vt 0.090757 0.791868
vt 0.090322 0.791023
vt 0.120802 0.796166
vt 0.089853 0.790195
vt 0.089348 0.789385
vt 0.120466 0.794370
vt 0.088809 0.788591
vt 0.014106 0.749845
vt 0.015756 0.773673
vt 0.014140 0.774069
vt 0.088234 0.787815
vt 0.017399 0.773302
vt 0.087624 0.787055
vt 0.120059 0.792597
vt 0.019068 0.772955
vt 0.086979 0.786313
vt 0.020764 0.772633
vt 0.086299 0.785588
vt 0.022486 0.772335
vt 0.119584 0.790849
vt 0.085585 0.784879
vt 0.024235 0.772062
vt 0.084839 0.784185
vt 0.026011 0.771814
vt 0.084061 0.783506
vt 0.027813 0.771591
vt 0.119047 0.789131
vt 0.083251 0.782843
vt 0.029641 0.771392
vt 0.082408 0.782194
vt 0.081533 0.781561
vt 0.031496 0.771217
vt 0.080626 0.780943
vt 0.033378 0.771068
vt 0.118446 0.787442
vt 0.079686 0.780341
vt 0.035286 0.770942
vt 0.078714 0.779753
vt 0.037212 0.770852
vt 0.077710 0.779181
vt 0.076674 0.778624
vt 0.039147 0.770806
vt 0.117784 0.785782
vt 0.075605 0.778082
vt 0.041092 0.770804
vt 0.074506 0.777558
vt 0.043045 0.770846
vt 0.073380 0.777055
vt 0.045008 0.770933
vt 0.072226 0.776571
vt 0.071045 0.776107
vt 0.046980 0.771064
vt 0.117058 0.784151
vt 0.069835 0.775664
vt 0.048961 0.771239
vt 0.068599 0.775241
vt 0.050951 0.771459
vt 0.067334 0.774838
vt 0.052950 0.771723
vt 0.066042 0.774456
vt 0.064722 0.774094
vt 0.054958 0.772032
vt 0.063375 0.773751
vt 0.056976 0.772385
vt 0.061960 0.773420
vt 0.059003 0.772782
vt 0.116248 0.782504
vt 0.115374 0.780886
vt 0.114436 0.779299
vt 0.113433 0.777741
vt 0.112365 0.776214
vt 0.111233 0.774716
vt 0.110037 0.773249
vt 0.108778 0.771814
vt 0.107457 0.770413
vt 0.106075 0.769048
vt 0.104632 0.767717
vt 0.014639 0.749655
vt 0.015200 0.749467
vt 0.015789 0.749282
vt 0.103128 0.766421
vt 0.016405 0.749101
vt 0.017048 0.748923
vt 0.017720 0.748748
vt 0.101562 0.765160
vt 0.018418 0.748577
vt 0.019145 0.748408
vt 0.019899 0.748243
vt 0.099935 0.763934
vt 0.020681 0.748081
vt 0.021491 0.747922
vt 0.022328 0.747767
vt 0.098246 0.762742
vt 0.023188 0.747617
vt 0.024068 0.747477
vt 0.024966 0.747345
vt 0.096497 0.761586
vt 0.025884 0.747222
vt 0.026820 0.747108
vt 0.094686 0.760464
vt 0.027775 0.747003
vt 0.028750 0.746907
vt 0.029743 0.746820
vt 0.092814 0.759376
vt 0.030755 0.746742
vt 0.031786 0.746673
vt 0.090880 0.758324
vt 0.032837 0.746612
vt 0.033906 0.746561
vt 0.034992 0.746519
vt 0.088891 0.757310
vt 0.036095 0.746488
vt 0.037214 0.746468
vt 0.086851 0.756338
vt 0.038349 0.746459
vt 0.039500 0.746461
vt 0.084761 0.755409
vt 0.040667 0.746473
vt 0.041850 0.746496
vt 0.082621 0.754521
vt 0.043050 0.746530
vt 0.044265 0.746575
vt 0.080430 0.753675
vt 0.045497 0.746631
vt 0.046744 0.746697
vt 0.078189 0.752872
vt 0.048008 0.746775
vt 0.049282 0.746866
vt 0.075898 0.752110
vt 0.050563 0.746973
vt 0.051849 0.747096
vt 0.073556 0.751390
vt 0.053141 0.747235
vt 0.054439 0.747391
vt 0.071164 0.750713
vt 0.055742 0.747563
vt 0.057052 0.747751
vt 0.068722 0.750078
vt 0.058367 0.747955
vt 0.059688 0.748175
vt 0.066230 0.749484
vt 0.061015 0.748411
vt 0.062348 0.748664
vt 0.063687 0.748931
vt 0.917938 0.685715
vt 0.887143 0.578132
vt 0.917941 0.584500
vt 0.887066 0.682884
vt 0.812771 0.665870
vt 0.781902 0.556460
vt 0.812703 0.562812
vt 0.781957 0.665964
vt 0.917941 0.686745
vt 0.917938 0.687771
vt 0.812788 0.667281
vt 0.917930 0.688794
vt 0.917917 0.689813
vt 0.812813 0.668657
vt 0.887079 0.683652
vt 0.917897 0.690827
vt 0.887086 0.684413
vt 0.812845 0.669998
vt 0.887088 0.685167
vt 0.917873 0.691838
vt 0.887083 0.685915
vt 0.812886 0.671304
vt 0.917842 0.692845
vt 0.887072 0.686656
vt 0.917806 0.693848
vt 0.812935 0.672575
vt 0.887056 0.687390
vt 0.887033 0.688118
vt 0.917764 0.694847
vt 0.781973 0.667592
vt 0.812993 0.673812
vt 0.887005 0.688838
vt 0.917717 0.695842
vt 0.886970 0.689553
vt 0.813058 0.675013
vt 0.781997 0.669182
vt 0.917664 0.696833
vt 0.886930 0.690260
vt 0.813131 0.676180
vt 0.886884 0.690961
vt 0.917606 0.697821
vt 0.782030 0.670733
vt 0.886832 0.691655
vt 0.813213 0.677312
vt 0.917539 0.698807
vt 0.886774 0.692342
vt 0.782073 0.672247
vt 0.886710 0.693022
vt 0.917459 0.699796
vt 0.813302 0.678409
vt 0.886640 0.693696
vt 0.917367 0.700786
vt 0.813400 0.679471
vt 0.886564 0.694363
vt 0.782124 0.673721
vt 0.886483 0.695024
vt 0.917263 0.701779
vt 0.813506 0.680498
vt 0.886395 0.695677
vt 0.782183 0.675157
vt 0.917146 0.702773
vt 0.813620 0.681499
vt 0.886301 0.696324
vt 0.886202 0.696964
vt 0.917017 0.703770
vt 0.813745 0.682485
vt 0.782252 0.676555
vt 0.886096 0.697598
vt 0.916876 0.704769
vt 0.813879 0.683453
vt 0.885985 0.698225
vt 0.782329 0.677915
vt 0.885868 0.698845
vt 0.814023 0.684406
vt 0.916723 0.705770
vt 0.885745 0.699458
vt 0.814177 0.685343
vt 0.782416 0.679236
vt 0.916557 0.706772
vt 0.885526 0.700461
vt 0.814340 0.686263
vt 0.916379 0.707777
vt 0.885289 0.701448
vt 0.782511 0.680518
vt 0.814513 0.687167
vt 0.916188 0.708784
vt 0.885033 0.702421
vt 0.782615 0.681762
vt 0.814696 0.688054
vt 0.915986 0.709792
vt 0.884759 0.703378
vt 0.814889 0.688926
vt 0.782728 0.682968
vt 0.815092 0.689781
vt 0.915609 0.711506
vt 0.884465 0.704321
vt 0.782851 0.684149
vt 0.815304 0.690620
vt 0.884152 0.705249
vt 0.815526 0.691442
vt 0.915192 0.713197
vt 0.782987 0.685317
vt 0.883821 0.706163
vt 0.816215 0.693642
vt 0.783136 0.686474
vt 0.883471 0.707061
vt 0.914735 0.714864
vt 0.883102 0.707944
vt 0.783297 0.687619
vt 0.816970 0.695760
vt 0.882714 0.708813
vt 0.783470 0.688751
vt 0.914239 0.716509
vt 0.882307 0.709666
vt 0.783656 0.689871
vt 0.817790 0.697794
vt 0.881881 0.710505
vt 0.913702 0.718131
vt 0.783855 0.690980
vt 0.881434 0.711324
vt 0.818675 0.699747
vt 0.784066 0.692076
vt 0.880964 0.712120
vt 0.913125 0.719730
vt 0.784290 0.693161
vt 0.880470 0.712891
vt 0.819626 0.701617
vt 0.879953 0.713638
vt 0.912508 0.721306
vt 0.784526 0.694233
vt 0.879413 0.714361
vt 0.784775 0.695293
vt 0.820643 0.703404
vt 0.878849 0.715061
vt 0.911850 0.722859
vt 0.785037 0.696341
vt 0.878262 0.715736
vt 0.821725 0.705109
vt 0.785455 0.697888
vt 0.877652 0.716387
vt 0.911153 0.724390
vt 0.877018 0.717014
vt 0.822872 0.706732
vt 0.785904 0.699421
vt 0.876361 0.717617
vt 0.910416 0.725897
vt 0.875680 0.718196
vt 0.824085 0.708272
vt 0.786383 0.700941
vt 0.874977 0.718751
vt 0.909639 0.727382
vt 0.825363 0.709729
vt 0.874248 0.719280
vt 0.786892 0.702449
vt 0.873494 0.719779
vt 0.826706 0.711104
vt 0.872713 0.720249
vt 0.908822 0.728843
vt 0.787431 0.703943
vt 0.871907 0.720690
vt 0.828116 0.712397
vt 0.871074 0.721102
vt 0.907961 0.730272
vt 0.870216 0.721485
vt 0.788000 0.705424
vt 0.829588 0.713615
vt 0.869332 0.721839
vt 0.831124 0.714767
vt 0.868421 0.722163
vt 0.788599 0.706893
vt 0.907055 0.731659
vt 0.867485 0.722459
vt 0.832721 0.715851
vt 0.866523 0.722725
vt 0.865535 0.722962
vt 0.834380 0.716869
vt 0.789229 0.708348
vt 0.864520 0.723170
vt 0.906102 0.733003
vt 0.836102 0.717821
vt 0.863477 0.723343
vt 0.862403 0.723476
vt 0.837886 0.718705
vt 0.789888 0.709791
vt 0.861296 0.723568
vt 0.839732 0.719523
vt 0.860157 0.723620
vt 0.905104 0.734304
vt 0.858987 0.723632
vt 0.841640 0.720274
vt 0.857784 0.723603
vt 0.843610 0.720959
vt 0.856550 0.723534
vt 0.790577 0.711220
vt 0.855284 0.723424
vt 0.845643 0.721577
vt 0.853986 0.723274
vt 0.847738 0.722128
vt 0.852656 0.723084
vt 0.851295 0.722853
vt 0.849895 0.722613
vt 0.904060 0.735564
vt 0.791297 0.712636
vt 0.902970 0.736782
vt 0.792047 0.714040
vt 0.901834 0.737957
vt 0.792832 0.715426
vt 0.793657 0.716790
vt 0.900652 0.739089
vt 0.794522 0.718132
vt 0.899423 0.740179
vt 0.795427 0.719453
vt 0.898149 0.741227
vt 0.796373 0.720751
vt 0.896829 0.742232
vt 0.797358 0.722028
vt 0.895462 0.743195
vt 0.798384 0.723282
vt 0.894048 0.744111
vt 0.799450 0.724515
vt 0.800556 0.725726
vt 0.892584 0.744974
vt 0.801702 0.726916
vt 0.891070 0.745786
vt 0.802889 0.728083
vt 0.889507 0.746544
vt 0.804115 0.729228
vt 0.887895 0.747251
vt 0.805384 0.730351
vt 0.886233 0.747905
vt 0.806696 0.731451
vt 0.808053 0.732528
vt 0.884521 0.748507
vt 0.809454 0.733582
vt 0.882760 0.749057
vt 0.810898 0.734614
vt 0.880949 0.749555
vt 0.812387 0.735622
vt 0.879089 0.750000
vt 0.813920 0.736608
vt 0.877179 0.750393
vt 0.815496 0.737570
vt 0.817117 0.738510
vt 0.875220 0.750734
vt 0.818782 0.739427
vt 0.873208 0.751013
vt 0.820491 0.740321
vt 0.871141 0.751220
vt 0.822244 0.741191
vt 0.869018 0.751355
vt 0.824045 0.742036
vt 0.825901 0.742850
vt 0.866839 0.751418
vt 0.827810 0.743635
vt 0.864605 0.751410
vt 0.829773 0.744389
vt 0.862315 0.751330
vt 0.831790 0.745113
vt 0.859970 0.751178
vt 0.833860 0.745808
vt 0.857569 0.750954
vt 0.835984 0.746472
vt 0.838162 0.747106
vt 0.855113 0.750659
vt 0.840393 0.747710
vt 0.852601 0.750292
vt 0.842678 0.748284
vt 0.850033 0.749853
vt 0.845017 0.748828
vt 0.847410 0.749342
vt 0.644558 0.228422
vt 0.674472 0.410735
vt 0.644558 0.404542
vt 0.673529 0.363153
vt 0.674287 0.363310
vt 0.724678 0.343073
vt 0.753939 0.348604
vt 0.784788 0.433572
vt 0.753990 0.427197
vt 0.784788 0.257453
vt 0.673839 0.359531
vt 0.676329 0.359982
vt 0.674120 0.355813
vt 0.678461 0.356587
vt 0.674374 0.352000
vt 0.680681 0.353124
vt 0.674600 0.348091
vt 0.682991 0.349594
vt 0.674798 0.344087
vt 0.685389 0.345997
vt 0.674968 0.339988
vt 0.687876 0.342331
vt 0.675111 0.335794
vt 0.690453 0.338599
vt 0.675226 0.331504
vt 0.693118 0.334798
vt 0.727695 0.339022
vt 0.753967 0.343234
vt 0.675313 0.327119
vt 0.695872 0.330931
vt 0.730623 0.335035
vt 0.675372 0.322638
vt 0.754018 0.338086
vt 0.698715 0.326996
vt 0.733464 0.331112
vt 0.675403 0.318062
vt 0.701647 0.322993
vt 0.754092 0.333161
vt 0.736216 0.327253
vt 0.675407 0.313391
vt 0.704668 0.318922
vt 0.754190 0.328458
vt 0.738880 0.323458
vt 0.675356 0.234798
vt 0.754874 0.251260
vt 0.754312 0.323978
vt 0.741456 0.319727
vt 0.754456 0.319720
vt 0.743944 0.316060
vt 0.754624 0.315684
vt 0.746344 0.312457
vt 0.754816 0.311871
vt 0.748655 0.308918
vt 0.755031 0.308280
vt 0.750878 0.305443
vt 0.755270 0.304912
vt 0.753013 0.302032
vt 0.755531 0.301766
vt 0.755059 0.298685
vt 0.755817 0.298842
vt 0.702720 0.032630
vt 0.699777 0.029463
vt 0.701337 0.030621
vt 0.698254 0.028310
vt 0.704122 0.034534
vt 0.696737 0.027195
vt 0.705467 0.036422
vt 0.695216 0.026132
vt 0.706745 0.038305
vt 0.693688 0.025122
vt 0.707954 0.040190
vt 0.692152 0.024167
vt 0.709090 0.042078
vt 0.690608 0.023268
vt 0.710153 0.043971
vt 0.689057 0.022424
vt 0.687498 0.021634
vt 0.711144 0.045866
vt 0.685931 0.020901
vt 0.712062 0.047768
vt 0.684356 0.020223
vt 0.712906 0.049676
vt 0.682773 0.019600
vt 0.713675 0.051590
vt 0.681186 0.019035
vt 0.714370 0.053511
vt 0.679597 0.018531
vt 0.715000 0.055433
vt 0.678007 0.018088
vt 0.676417 0.017705
vt 0.715576 0.057350
vt 0.674825 0.017381
vt 0.716096 0.059261
vt 0.673232 0.017118
vt 0.716560 0.061168
vt 0.671639 0.016916
vt 0.716969 0.063071
vt 0.670044 0.016773
vt 0.717322 0.064969
vt 0.668449 0.016690
vt 0.717620 0.066863
vt 0.666853 0.016666
vt 0.717863 0.068752
vt 0.665256 0.016703
vt 0.718051 0.070636
vt 0.663658 0.016798
vt 0.718183 0.072516
vt 0.662063 0.016954
vt 0.718260 0.074392
vt 0.660471 0.017172
vt 0.718283 0.076262
vt 0.658884 0.017451
vt 0.718255 0.078126
vt 0.657300 0.017791
vt 0.718181 0.079980
vt 0.655721 0.018193
vt 0.718061 0.081825
vt 0.654146 0.018655
vt 0.717895 0.083661
vt 0.679994 0.046288
vt 0.652585 0.018445
vt 0.677932 0.044439
vt 0.678305 0.044836
vt 0.678985 0.045610
vt 0.676754 0.043664
vt 0.679988 0.046800
vt 0.718066 0.085928
vt 0.680950 0.048010
vt 0.675169 0.042589
vt 0.681864 0.049240
vt 0.682730 0.050490
vt 0.673570 0.041634
vt 0.683548 0.051758
vt 0.651060 0.018257
vt 0.671954 0.040776
vt 0.684317 0.053046
vt 0.685039 0.054352
vt 0.670320 0.040035
vt 0.718191 0.088194
vt 0.685720 0.055678
vt 0.686353 0.057023
vt 0.668667 0.039409
vt 0.649547 0.018102
vt 0.686939 0.058387
vt 0.666990 0.038877
vt 0.687480 0.059766
vt 0.718265 0.090463
vt 0.687990 0.061156
vt 0.665289 0.038459
vt 0.648025 0.017988
vt 0.688460 0.062558
vt 0.718283 0.092739
vt 0.688898 0.063973
vt 0.663559 0.038135
vt 0.689297 0.065399
vt 0.646472 0.017928
vt 0.661795 0.037906
vt 0.689656 0.066836
vt 0.718247 0.095020
vt 0.689983 0.068285
vt 0.659998 0.037789
vt 0.644901 0.017911
vt 0.690271 0.069746
vt 0.718153 0.097310
vt 0.690525 0.071221
vt 0.658171 0.037777
vt 0.690740 0.072706
vt 0.643296 0.017953
vt 0.718000 0.099609
vt 0.690921 0.074206
vt 0.656315 0.037869
vt 0.691063 0.075717
vt 0.641658 0.018058
vt 0.717788 0.101918
vt 0.691172 0.077239
vt 0.654429 0.038076
vt 0.691244 0.078768
vt 0.639986 0.018230
vt 0.717528 0.104230
vt 0.691286 0.080306
vt 0.652512 0.038405
vt 0.691291 0.081851
vt 0.717229 0.106535
vt 0.638277 0.018471
vt 0.650561 0.038862
vt 0.691265 0.083405
vt 0.716889 0.108836
vt 0.691207 0.084969
vt 0.636532 0.018783
vt 0.648574 0.039453
vt 0.691111 0.086540
vt 0.716508 0.111130
vt 0.690982 0.088120
vt 0.634748 0.019169
vt 0.646545 0.040181
vt 0.690816 0.089708
vt 0.716088 0.113418
vt 0.632925 0.019631
vt 0.690615 0.091306
vt 0.715623 0.115700
vt 0.644473 0.041051
vt 0.690380 0.092914
vt 0.631063 0.020172
vt 0.690107 0.094530
vt 0.715117 0.117975
vt 0.642353 0.042069
vt 0.689802 0.096150
vt 0.629162 0.020794
vt 0.714566 0.120243
vt 0.689468 0.097771
vt 0.640183 0.043242
vt 0.689103 0.099389
vt 0.713972 0.122504
vt 0.627223 0.021500
vt 0.688709 0.101007
vt 0.713332 0.124757
vt 0.637960 0.044573
vt 0.625246 0.022291
vt 0.688285 0.102625
vt 0.712645 0.127000
vt 0.687832 0.104243
vt 0.623228 0.023169
vt 0.635735 0.046079
vt 0.687346 0.105858
vt 0.711914 0.129235
vt 0.686829 0.107472
vt 0.621903 0.023698
vt 0.711141 0.131455
vt 0.634503 0.046903
vt 0.686281 0.109085
vt 0.620549 0.024273
vt 0.685700 0.110696
vt 0.633270 0.047750
vt 0.710332 0.133658
vt 0.619166 0.024895
vt 0.685087 0.112306
vt 0.632038 0.048622
vt 0.709487 0.135840
vt 0.617754 0.025566
vt 0.684441 0.113915
vt 0.630807 0.049520
vt 0.708605 0.138001
vt 0.616314 0.026286
vt 0.683765 0.115520
vt 0.629575 0.050442
vt 0.683059 0.117117
vt 0.707686 0.140143
vt 0.614846 0.027057
vt 0.628345 0.051392
vt 0.682325 0.118709
vt 0.627115 0.052368
vt 0.613349 0.027880
vt 0.706730 0.142263
vt 0.681561 0.120294
vt 0.625886 0.053371
vt 0.611824 0.028755
vt 0.705737 0.144359
vt 0.680768 0.121872
vt 0.624659 0.054402
vt 0.610274 0.029684
vt 0.704706 0.146432
vt 0.679945 0.123444
vt 0.623435 0.055462
vt 0.608697 0.030667
vt 0.679091 0.125007
vt 0.703637 0.148482
vt 0.622212 0.056551
vt 0.607095 0.031706
vt 0.678207 0.126562
vt 0.620993 0.057669
vt 0.702530 0.150508
vt 0.677292 0.128110
vt 0.605468 0.032801
vt 0.619783 0.058813
vt 0.701386 0.152508
vt 0.676347 0.129649
vt 0.603829 0.033950
vt 0.618588 0.059977
vt 0.700203 0.154481
vt 0.675371 0.131180
vt 0.617408 0.061163
vt 0.602191 0.035153
vt 0.674363 0.132701
vt 0.698994 0.156421
vt 0.616244 0.062370
vt 0.600555 0.036408
vt 0.673330 0.134208
vt 0.697772 0.158318
vt 0.615097 0.063599
vt 0.598924 0.037715
vt 0.672276 0.135692
vt 0.613969 0.064850
vt 0.696537 0.160172
vt 0.671203 0.137155
vt 0.597297 0.039076
vt 0.612859 0.066122
vt 0.695289 0.161982
vt 0.670110 0.138595
vt 0.611765 0.067417
vt 0.595676 0.040493
vt 0.694029 0.163748
vt 0.668997 0.140012
vt 0.610692 0.068733
vt 0.594063 0.041963
vt 0.692756 0.165468
vt 0.667864 0.141406
vt 0.609638 0.070072
vt 0.592458 0.043487
vt 0.691472 0.167142
vt 0.666712 0.142776
vt 0.608606 0.071433
vt 0.665539 0.144121
vt 0.690176 0.168770
vt 0.590862 0.045065
vt 0.607595 0.072815
vt 0.664347 0.145442
vt 0.606605 0.074218
vt 0.688869 0.170351
vt 0.589278 0.046701
vt 0.663136 0.146738
vt 0.605643 0.075640
vt 0.687551 0.171885
vt 0.587705 0.048391
vt 0.661906 0.148009
vt 0.604710 0.077079
vt 0.686222 0.173370
vt 0.586145 0.050136
vt 0.660656 0.149254
vt 0.603804 0.078537
vt 0.684884 0.174808
vt 0.602925 0.080012
vt 0.659395 0.150458
vt 0.584606 0.051936
vt 0.682724 0.176962
vt 0.602076 0.081506
vt 0.658130 0.151608
vt 0.583096 0.053785
vt 0.601256 0.083016
vt 0.656861 0.152704
vt 0.680536 0.179017
vt 0.600464 0.084545
vt 0.581618 0.055687
vt 0.655589 0.153744
vt 0.599703 0.086090
vt 0.678320 0.180971
vt 0.654315 0.154730
vt 0.580170 0.057637
vt 0.598974 0.087652
vt 0.653038 0.155660
vt 0.676078 0.182822
vt 0.578752 0.059637
vt 0.598277 0.089231
vt 0.651759 0.156535
vt 0.597609 0.090826
vt 0.650479 0.157355
vt 0.577371 0.061688
vt 0.673810 0.184569
vt 0.596979 0.092432
vt 0.649198 0.158119
vt 0.576022 0.063787
vt 0.596392 0.094044
vt 0.647915 0.158827
vt 0.671518 0.186211
vt 0.595845 0.095663
vt 0.646633 0.159479
vt 0.574711 0.065935
vt 0.595342 0.097286
vt 0.669205 0.187748
vt 0.645352 0.160076
vt 0.573435 0.068132
vt 0.594883 0.098914
vt 0.644073 0.160618
vt 0.666870 0.189178
vt 0.594465 0.100547
vt 0.642798 0.161108
vt 0.572199 0.070375
vt 0.594092 0.102183
vt 0.641527 0.161546
vt 0.664518 0.190500
vt 0.593759 0.103824
vt 0.640263 0.161931
vt 0.571003 0.072666
vt 0.593472 0.105468
vt 0.639002 0.162264
vt 0.662148 0.191714
vt 0.569845 0.075003
vt 0.637748 0.162545
vt 0.593231 0.107113
vt 0.636498 0.162774
vt 0.593031 0.108763
vt 0.568742 0.077378
vt 0.659765 0.192819
vt 0.635257 0.162951
vt 0.592878 0.110413
vt 0.634020 0.163076
vt 0.592768 0.112064
vt 0.567712 0.079785
vt 0.632788 0.163151
vt 0.657372 0.193815
vt 0.592710 0.113710
vt 0.631565 0.163173
vt 0.592698 0.115354
vt 0.566753 0.082222
vt 0.630347 0.163144
vt 0.654974 0.194707
vt 0.592739 0.116991
vt 0.629141 0.163063
vt 0.592827 0.118626
vt 0.627943 0.162932
vt 0.565865 0.084688
vt 0.592966 0.120253
vt 0.652578 0.195499
vt 0.626758 0.162749
vt 0.593152 0.121877
vt 0.625583 0.162515
vt 0.565050 0.087180
vt 0.593391 0.123494
vt 0.624417 0.162232
vt 0.650189 0.196191
vt 0.593676 0.125107
vt 0.623264 0.161897
vt 0.622120 0.161513
vt 0.594008 0.126715
vt 0.564309 0.089695
vt 0.620986 0.161081
vt 0.594392 0.128315
vt 0.647809 0.196785
vt 0.619865 0.160598
vt 0.594823 0.129911
vt 0.618754 0.160066
vt 0.563640 0.092234
vt 0.595312 0.131494
vt 0.617652 0.159486
vt 0.595859 0.133063
vt 0.616559 0.158857
vt 0.645444 0.197283
vt 0.615483 0.158182
vt 0.596464 0.134619
vt 0.614420 0.157464
vt 0.597127 0.136162
vt 0.563046 0.094790
vt 0.613371 0.156703
vt 0.597853 0.137687
vt 0.612335 0.155900
vt 0.598638 0.139198
vt 0.611313 0.155055
vt 0.643100 0.197689
vt 0.599480 0.140696
vt 0.610310 0.154166
vt 0.609321 0.153234
vt 0.600380 0.142179
vt 0.608345 0.152262
vt 0.601337 0.143649
vt 0.607383 0.151247
vt 0.602353 0.145104
vt 0.562531 0.097355
vt 0.606434 0.150192
vt 0.603432 0.146541
vt 0.605499 0.149095
vt 0.604568 0.147964
vt 0.640840 0.198023
vt 0.562136 0.099953
vt 0.638586 0.198272
vt 0.561806 0.102569
vt 0.636337 0.198434
vt 0.561539 0.105205
vt 0.634093 0.198510
vt 0.561343 0.107856
vt 0.631855 0.198500
vt 0.561225 0.110520
vt 0.629623 0.198404
vt 0.561184 0.113197
vt 0.627399 0.198223
vt 0.561220 0.115887
vt 0.625187 0.197959
vt 0.561334 0.118590
vt 0.622987 0.197613
vt 0.561525 0.121307
vt 0.620798 0.197184
vt 0.561794 0.124036
vt 0.618622 0.196671
vt 0.562141 0.126778
vt 0.616457 0.196076
vt 0.562566 0.129533
vt 0.614305 0.195397
vt 0.563069 0.132301
vt 0.612165 0.194635
vt 0.563649 0.135082
vt 0.610036 0.193789
vt 0.564308 0.137876
vt 0.607921 0.192860
vt 0.605817 0.191848
vt 0.565058 0.140678
vt 0.603725 0.190751
vt 0.565914 0.143480
vt 0.601650 0.189576
vt 0.566876 0.146282
vt 0.599595 0.188324
vt 0.567944 0.149084
vt 0.597562 0.186997
vt 0.569118 0.151887
vt 0.595549 0.185595
vt 0.570397 0.154691
vt 0.593557 0.184116
vt 0.591586 0.182564
vt 0.571779 0.157500
vt 0.589635 0.180936
vt 0.573265 0.160312
vt 0.587705 0.179233
vt 0.574853 0.163130
vt 0.585794 0.177456
vt 0.576539 0.165957
vt 0.583900 0.175608
vt 0.578314 0.168808
vt 0.582013 0.173702
vt 0.580103 0.171771
vt 0.742507 0.774406
vt 0.773389 0.923348
vt 0.742507 0.943364
vt 0.789221 0.955890
vt 0.790903 0.956040
vt 0.792539 0.956170
vt 0.794130 0.956281
vt 0.795678 0.956373
vt 0.797185 0.956446
vt 0.798652 0.956500
vt 0.800082 0.956536
vt 0.801474 0.956552
vt 0.802830 0.956550
vt 0.804151 0.956530
vt 0.805438 0.956490
vt 0.806691 0.956433
vt 0.807914 0.956357
vt 0.809111 0.956267
vt 0.810283 0.956161
vt 0.811430 0.956040
vt 0.812552 0.955903
vt 0.813649 0.955750
vt 0.814723 0.955582
vt 0.815773 0.955399
vt 0.816799 0.955200
vt 0.817803 0.954985
vt 0.818783 0.954755
vt 0.819740 0.954510
vt 0.821910 0.954054
vt 0.824002 0.953523
vt 0.826018 0.952917
vt 0.827958 0.952236
vt 0.829823 0.951480
vt 0.831613 0.950648
vt 0.833328 0.949742
vt 0.834970 0.948761
vt 0.836538 0.947706
vt 0.838032 0.946576
vt 0.839453 0.945372
vt 0.840801 0.944094
vt 0.842069 0.942753
vt 0.843249 0.941361
vt 0.844343 0.939917
vt 0.845349 0.938422
vt 0.789825 0.926487
vt 0.792259 0.927078
vt 0.793552 0.927396
vt 0.798942 0.928530
vt 0.846336 0.936969
vt 0.772517 0.879220
vt 0.800716 0.928788
vt 0.802405 0.929007
vt 0.803145 0.929039
vt 0.803872 0.929068
vt 0.804581 0.929093
vt 0.805273 0.929112
vt 0.805948 0.929123
vt 0.806607 0.929123
vt 0.807249 0.929115
vt 0.807875 0.929098
vt 0.808486 0.929072
vt 0.809081 0.929039
vt 0.809661 0.928998
vt 0.810224 0.928948
vt 0.810771 0.928889
vt 0.811302 0.928823
vt 0.811816 0.928747
vt 0.847356 0.935564
vt 0.812316 0.928665
vt 0.812801 0.928575
vt 0.813268 0.928475
vt 0.813718 0.928367
vt 0.814608 0.928162
vt 0.815462 0.927929
vt 0.816278 0.927667
vt 0.848318 0.934107
vt 0.817060 0.927379
vt 0.817804 0.927061
vt 0.818510 0.926715
vt 0.819179 0.926339
vt 0.849217 0.932591
vt 0.819814 0.925936
vt 0.820412 0.925502
vt 0.820974 0.925039
vt 0.850048 0.931009
vt 0.821501 0.924547
vt 0.821992 0.924023
vt 0.822451 0.923476
vt 0.850811 0.929359
vt 0.822885 0.922915
vt 0.823290 0.922337
vt 0.823669 0.921742
vt 0.851503 0.927637
vt 0.824021 0.921132
vt 0.824345 0.920506
vt 0.824642 0.919862
vt 0.852123 0.925841
vt 0.824911 0.919203
vt 0.825153 0.918526
vt 0.852747 0.923652
vt 0.825368 0.917835
vt 0.825554 0.917125
vt 0.825711 0.916398
vt 0.825939 0.915147
vt 0.853264 0.921474
vt 0.826108 0.913912
vt 0.853665 0.919315
vt 0.826218 0.912692
vt 0.826269 0.911486
vt 0.853949 0.917174
vt 0.826261 0.910296
vt 0.826193 0.909120
vt 0.854114 0.915053
vt 0.826065 0.907961
vt 0.825878 0.906817
vt 0.854156 0.912952
vt 0.825630 0.905690
vt 0.825321 0.904579
vt 0.854075 0.910874
vt 0.824950 0.903487
vt 0.824518 0.902410
vt 0.853869 0.908822
vt 0.824026 0.901356
vt 0.823477 0.900325
vt 0.853536 0.906797
vt 0.822871 0.899320
vt 0.822208 0.898339
vt 0.853076 0.904802
vt 0.821487 0.897385
vt 0.820709 0.896455
vt 0.852487 0.902840
vt 0.819872 0.895553
vt 0.818977 0.894677
vt 0.818024 0.893827
vt 0.851766 0.900912
vt 0.817012 0.893005
vt 0.815941 0.892210
vt 0.850926 0.899016
vt 0.814811 0.891445
vt 0.814250 0.891072
vt 0.813669 0.890707
vt 0.813066 0.890349
vt 0.812441 0.889999
vt 0.811795 0.889656
vt 0.849970 0.897145
vt 0.811127 0.889322
vt 0.810438 0.888997
vt 0.809727 0.888678
vt 0.808993 0.888369
vt 0.808239 0.888069
vt 0.807463 0.887776
vt 0.806664 0.887497
vt 0.805837 0.887223
vt 0.804975 0.886950
vt 0.804079 0.886681
vt 0.803149 0.886413
vt 0.848890 0.895300
vt 0.802186 0.886148
vt 0.801189 0.885884
vt 0.800159 0.885623
vt 0.799095 0.885363
vt 0.797999 0.885105
vt 0.796839 0.884842
vt 0.795477 0.884544
vt 0.793785 0.884192
vt 0.772514 0.852301
vt 0.847585 0.893308
vt 0.846174 0.891350
vt 0.844658 0.889427
vt 0.843035 0.887539
vt 0.841308 0.885685
vt 0.839475 0.883865
vt 0.837538 0.882081
vt 0.835496 0.880331
vt 0.833351 0.878617
vt 0.833354 0.877901
vt 0.834203 0.877604
vt 0.835036 0.877285
vt 0.835854 0.876946
vt 0.836656 0.876585
vt 0.837442 0.876203
vt 0.838212 0.875801
vt 0.838967 0.875377
vt 0.839706 0.874933
vt 0.840429 0.874468
vt 0.841136 0.873983
vt 0.841827 0.873478
vt 0.842502 0.872952
vt 0.843160 0.872409
vt 0.843799 0.871850
vt 0.844420 0.871278
vt 0.845022 0.870691
vt 0.845606 0.870090
vt 0.846171 0.869474
vt 0.846718 0.868844
vt 0.847246 0.868200
vt 0.847756 0.867542
vt 0.848247 0.866869
vt 0.848720 0.866183
vt 0.849175 0.865483
vt 0.849610 0.864770
vt 0.850025 0.864043
vt 0.798253 0.856113
vt 0.800459 0.856486
vt 0.805280 0.857201
vt 0.850355 0.863247
vt 0.771142 0.805216
vt 0.806918 0.857356
vt 0.808474 0.857486
vt 0.809954 0.857589
vt 0.810558 0.857561
vt 0.811145 0.857533
vt 0.811712 0.857506
vt 0.812260 0.857478
vt 0.812788 0.857449
vt 0.813295 0.857416
vt 0.813780 0.857380
vt 0.814249 0.857338
vt 0.814709 0.857289
vt 0.815160 0.857234
vt 0.850827 0.862513
vt 0.815602 0.857168
vt 0.816034 0.857096
vt 0.816455 0.857016
vt 0.816867 0.856928
vt 0.817268 0.856834
vt 0.817659 0.856731
vt 0.818038 0.856621
vt 0.851294 0.861768
vt 0.818408 0.856501
vt 0.818766 0.856373
vt 0.819597 0.856122
vt 0.851748 0.861013
vt 0.820393 0.855844
vt 0.821153 0.855542
vt 0.852186 0.860248
vt 0.821876 0.855212
vt 0.822561 0.854858
vt 0.852607 0.859474
vt 0.823208 0.854476
vt 0.823818 0.854069
vt 0.853011 0.858689
vt 0.824389 0.853635
vt 0.853395 0.857890
vt 0.824923 0.853172
vt 0.825418 0.852683
vt 0.853760 0.857081
vt 0.825875 0.852165
vt 0.854104 0.856258
vt 0.826295 0.851616
vt 0.854426 0.855425
vt 0.826680 0.851040
vt 0.854724 0.854586
vt 0.827035 0.850441
vt 0.827358 0.849820
vt 0.855002 0.853742
vt 0.827651 0.849175
vt 0.855255 0.852892
vt 0.827912 0.848507
vt 0.855485 0.852036
vt 0.828142 0.847815
vt 0.855692 0.851175
vt 0.828339 0.847100
vt 0.855875 0.850308
vt 0.828504 0.846361
vt 0.856033 0.849435
vt 0.828637 0.845599
vt 0.856168 0.848558
vt 0.828738 0.844813
vt 0.856279 0.847676
vt 0.828805 0.844005
vt 0.828839 0.843173
vt 0.856366 0.846790
vt 0.828852 0.841919
vt 0.856427 0.845901
vt 0.856624 0.843303
vt 0.828805 0.840667
vt 0.828697 0.839416
vt 0.856675 0.840737
vt 0.828528 0.838171
vt 0.828295 0.836929
vt 0.856579 0.838205
vt 0.828002 0.835690
vt 0.827645 0.834454
vt 0.856335 0.835708
vt 0.827226 0.833221
vt 0.826744 0.831991
vt 0.826196 0.830765
vt 0.855941 0.833241
vt 0.825585 0.829542
vt 0.824908 0.828323
vt 0.855398 0.830812
vt 0.824160 0.827119
vt 0.823327 0.825943
vt 0.854705 0.828421
vt 0.822413 0.824795
vt 0.821413 0.823676
vt 0.853863 0.826071
vt 0.820331 0.822585
vt 0.819161 0.821524
vt 0.817902 0.820496
vt 0.852863 0.823757
vt 0.816559 0.819496
vt 0.815127 0.818522
vt 0.851709 0.821485
vt 0.813613 0.817568
vt 0.812013 0.816638
vt 0.810343 0.815688
vt 0.850399 0.819247
vt 0.808544 0.814745
vt 0.806599 0.813842
vt 0.804505 0.812980
vt 0.802262 0.812160
vt 0.848924 0.817032
vt 0.799878 0.811375
vt 0.797342 0.810631
vt 0.794655 0.809928
vt 0.791815 0.809268
vt 0.788822 0.808650
vt 0.785675 0.808074
vt 0.782379 0.807558
vt 0.785839 0.807825
vt 0.847786 0.814271
vt 0.846495 0.811561
vt 0.845050 0.808904
vt 0.843453 0.806300
vt 0.841703 0.803750
vt 0.839802 0.801255
vt 0.837749 0.798815
vt 0.835547 0.796433
vt 0.833195 0.794108
vt 0.830693 0.791842
vt 0.828043 0.789635
vt 0.825245 0.787489
vt 0.823963 0.786128
vt 0.822642 0.784780
vt 0.821283 0.783446
vt 0.819886 0.782126
vt 0.818453 0.780821
vt 0.816982 0.779531
vt 0.815474 0.778256
vt 0.813929 0.776996
vt 0.812349 0.775753
vt 0.810732 0.774526
vt 0.809079 0.773315
vt 0.807391 0.772122
vt 0.805664 0.770946
vt 0.803896 0.769791
vt 0.802085 0.768656
vt 0.800233 0.767541
vt 0.798342 0.766448
vt 0.796410 0.765377
vt 0.794439 0.764328
vt 0.792430 0.763302
vt 0.790385 0.762300
vt 0.788128 0.761357
vt 0.785454 0.760519
vt 0.782928 0.759638
vt 0.631815 0.787005
vt 0.634132 0.786538
vt 0.636623 0.786089
vt 0.639118 0.785685
vt 0.629545 0.787518
vt 0.641618 0.785327
vt 0.627322 0.788076
vt 0.644123 0.785014
vt 0.625146 0.788680
vt 0.646634 0.784747
vt 0.623017 0.789330
vt 0.649149 0.784525
vt 0.620935 0.790025
vt 0.651669 0.784348
vt 0.618900 0.790766
vt 0.654194 0.784217
vt 0.616911 0.791553
vt 0.656725 0.784131
vt 0.614969 0.792386
vt 0.659260 0.784091
vt 0.613075 0.793264
vt 0.661800 0.784097
vt 0.611227 0.794188
vt 0.664345 0.784148
vt 0.609426 0.795158
vt 0.666870 0.784237
vt 0.669350 0.784357
vt 0.607676 0.796168
vt 0.671785 0.784509
vt 0.605981 0.797213
vt 0.674175 0.784692
vt 0.604341 0.798293
vt 0.676520 0.784907
vt 0.602756 0.799409
vt 0.678820 0.785152
vt 0.601225 0.800559
vt 0.681075 0.785429
vt 0.599750 0.801745
vt 0.683285 0.785738
vt 0.685450 0.786077
vt 0.598329 0.802965
vt 0.687570 0.786448
vt 0.596963 0.804221
vt 0.689645 0.786851
vt 0.595652 0.805512
vt 0.691675 0.787284
vt 0.668053 0.810816
vt 0.670127 0.810973
vt 0.672253 0.811166
vt 0.674430 0.811394
vt 0.676658 0.811659
vt 0.678938 0.811959
vt 0.681269 0.812295
vt 0.683652 0.812666
vt 0.686086 0.813073
vt 0.688571 0.813517
vt 0.691108 0.813995
vt 0.594395 0.806837
vt 0.666027 0.810738
vt 0.593192 0.808196
vt 0.664052 0.810701
vt 0.592043 0.809590
vt 0.662108 0.810701
vt 0.590950 0.811015
vt 0.660170 0.810738
vt 0.589913 0.812469
vt 0.658240 0.810813
vt 0.588933 0.813953
vt 0.654396 0.811036
vt 0.656316 0.810926
vt 0.588010 0.815466
vt 0.652484 0.811185
vt 0.587144 0.817008
vt 0.650577 0.811374
vt 0.586336 0.818581
vt 0.648678 0.811605
vt 0.585584 0.820182
vt 0.644894 0.812147
vt 0.646785 0.811878
vt 0.584889 0.821814
vt 0.643010 0.812460
vt 0.584252 0.823475
vt 0.641134 0.812820
vt 0.638680 0.813336
vt 0.636328 0.813895
vt 0.634082 0.814525
vt 0.631944 0.815227
vt 0.583671 0.825167
vt 0.629914 0.816000
vt 0.627991 0.816845
vt 0.626175 0.817761
vt 0.583149 0.826889
vt 0.624466 0.818750
vt 0.622865 0.819809
vt 0.582685 0.828642
vt 0.621371 0.820941
vt 0.619984 0.822144
vt 0.582284 0.830419
vt 0.618705 0.823418
vt 0.617544 0.824748
vt 0.581948 0.832214
vt 0.616511 0.826116
vt 0.581678 0.834027
vt 0.615607 0.827523
vt 0.614832 0.828968
vt 0.581474 0.835859
vt 0.614185 0.830453
vt 0.581335 0.837708
vt 0.613667 0.831976
vt 0.581263 0.839576
vt 0.613278 0.833537
vt 0.613018 0.835137
vt 0.581257 0.841462
vt 0.612886 0.836776
vt 0.581317 0.843365
vt 0.612883 0.838454
vt 0.581442 0.845288
vt 0.613008 0.840170
vt 0.581634 0.847228
vt 0.613263 0.841925
vt 0.581892 0.849186
vt 0.613447 0.842861
vt 0.613659 0.843767
vt 0.582215 0.851163
vt 0.613898 0.844644
vt 0.614164 0.845492
vt 0.582513 0.852706
vt 0.614459 0.846310
vt 0.614780 0.847098
vt 0.582846 0.854211
vt 0.615129 0.847858
vt 0.615505 0.848587
vt 0.583214 0.855677
vt 0.615909 0.849287
vt 0.616340 0.849958
vt 0.583616 0.857103
vt 0.616798 0.850599
vt 0.617284 0.851211
vt 0.584053 0.858491
vt 0.617793 0.851798
vt 0.618320 0.852363
vt 0.584525 0.859840
vt 0.618864 0.852906
vt 0.619427 0.853428
vt 0.620007 0.853929
vt 0.585032 0.861150
vt 0.620606 0.854409
vt 0.621222 0.854867
vt 0.585574 0.862421
vt 0.621857 0.855303
vt 0.622509 0.855719
vt 0.623179 0.856112
vt 0.586150 0.863653
vt 0.623868 0.856485
vt 0.624574 0.856836
vt 0.586761 0.864846
vt 0.625297 0.857169
vt 0.626037 0.857489
vt 0.626794 0.857795
vt 0.587407 0.866000
vt 0.627567 0.858087
vt 0.628357 0.858364
vt 0.629164 0.858628
vt 0.588088 0.867115
vt 0.629987 0.858879
vt 0.630826 0.859115
vt 0.631683 0.859337
vt 0.588799 0.868194
vt 0.632555 0.859546
vt 0.633445 0.859740
vt 0.634351 0.859921
vt 0.635269 0.860093
vt 0.589534 0.869238
vt 0.636194 0.860261
vt 0.637127 0.860424
vt 0.638067 0.860584
vt 0.590294 0.870247
vt 0.639015 0.860739
vt 0.639970 0.860891
vt 0.640933 0.861038
vt 0.641903 0.861182
vt 0.591079 0.871222
vt 0.642881 0.861321
vt 0.643866 0.861456
vt 0.644858 0.861587
vt 0.591888 0.872163
vt 0.645858 0.861714
vt 0.647307 0.861893
vt 0.648758 0.862077
vt 0.592722 0.873070
vt 0.650209 0.862266
vt 0.651661 0.862461
vt 0.653114 0.862660
vt 0.593581 0.873941
vt 0.654568 0.862865
vt 0.656023 0.863076
vt 0.594465 0.874779
vt 0.657479 0.863291
vt 0.658936 0.863512
vt 0.595373 0.875582
vt 0.660394 0.863738
vt 0.661852 0.863970
vt 0.596306 0.876351
vt 0.663312 0.864206
vt 0.664763 0.864459
vt 0.597263 0.877085
vt 0.666196 0.864740
vt 0.598246 0.877785
vt 0.667609 0.865049
vt 0.669004 0.865386
vt 0.599251 0.878454
vt 0.670381 0.865751
vt 0.600278 0.879097
vt 0.671739 0.866144
vt 0.673078 0.866564
vt 0.601327 0.879713
vt 0.674398 0.867013
vt 0.602397 0.880303
vt 0.675700 0.867489
vt 0.603489 0.880866
vt 0.676984 0.867993
vt 0.604602 0.881402
vt 0.678248 0.868525
vt 0.605737 0.881912
vt 0.679495 0.869085
vt 0.606894 0.882396
vt 0.680717 0.869680
vt 0.608072 0.882852
vt 0.681911 0.870317
vt 0.609272 0.883282
vt 0.610493 0.883686
vt 0.683076 0.870997
vt 0.611736 0.884063
vt 0.684212 0.871719
vt 0.612996 0.884419
vt 0.614268 0.884760
vt 0.685320 0.872484
vt 0.615554 0.885086
vt 0.686398 0.873291
vt 0.616852 0.885397
vt 0.618163 0.885693
vt 0.687449 0.874140
vt 0.619487 0.885974
vt 0.620823 0.886241
vt 0.688470 0.875032
vt 0.622172 0.886492
vt 0.623534 0.886728
vt 0.689463 0.875966
vt 0.624909 0.886949
vt 0.626297 0.887155
vt 0.627697 0.887346
vt 0.690426 0.876943
vt 0.628896 0.887478
vt 0.630090 0.887608
vt 0.631279 0.887737
vt 0.691362 0.877962
vt 0.632463 0.887864
vt 0.633642 0.887989
vt 0.634817 0.888112
vt 0.635987 0.888233
vt 0.692268 0.879023
vt 0.637151 0.888352
vt 0.638311 0.888470
vt 0.639466 0.888585
vt 0.693136 0.880135
vt 0.640616 0.888699
vt 0.641762 0.888811
vt 0.642895 0.888928
vt 0.644008 0.889056
vt 0.693957 0.881304
vt 0.645101 0.889196
vt 0.646175 0.889348
vt 0.647229 0.889512
vt 0.648264 0.889687
vt 0.694729 0.882531
vt 0.649279 0.889875
vt 0.650274 0.890073
vt 0.651249 0.890284
vt 0.652205 0.890506
vt 0.695454 0.883815
vt 0.653141 0.890740
vt 0.654057 0.890986
vt 0.654952 0.891248
vt 0.696131 0.885157
vt 0.655823 0.891534
vt 0.656672 0.891841
vt 0.657497 0.892171
vt 0.696760 0.886557
vt 0.658298 0.892523
vt 0.659077 0.892897
vt 0.659832 0.893294
vt 0.697342 0.888014
vt 0.660565 0.893713
vt 0.661273 0.894154
vt 0.661959 0.894618
vt 0.697875 0.889529
vt 0.662621 0.895104
vt 0.663260 0.895613
vt 0.663869 0.896151
vt 0.698361 0.891102
vt 0.664440 0.896728
vt 0.664973 0.897341
vt 0.698799 0.892732
vt 0.665468 0.897993
vt 0.665926 0.898682
vt 0.699190 0.894420
vt 0.666346 0.899409
vt 0.666728 0.900173
vt 0.667072 0.900975
vt 0.699532 0.896165
vt 0.667379 0.901815
vt 0.667648 0.902693
vt 0.699905 0.898454
vt 0.667879 0.903608
vt 0.668072 0.904561
vt 0.700198 0.900715
vt 0.668261 0.905737
vt 0.668405 0.906901
vt 0.700411 0.902949
vt 0.668502 0.908053
vt 0.668554 0.909191
vt 0.700543 0.905156
vt 0.668560 0.910317
vt 0.668520 0.911430
vt 0.700595 0.907335
vt 0.668434 0.912531
vt 0.668303 0.913619
vt 0.700567 0.909487
vt 0.668125 0.914694
vt 0.667902 0.915757
vt 0.700458 0.911611
vt 0.667632 0.916807
vt 0.667317 0.917844
vt 0.700269 0.913709
vt 0.666959 0.918865
vt 0.666563 0.919866
vt 0.699999 0.915778
vt 0.666127 0.920846
vt 0.665652 0.921806
vt 0.665138 0.922746
vt 0.699650 0.917821
vt 0.664585 0.923666
vt 0.663993 0.924565
vt 0.699220 0.919836
vt 0.663362 0.925444
vt 0.581257 0.966000
vt 0.581969 0.939443
vt 0.583730 0.939923
vt 0.662691 0.926303
vt 0.585521 0.940376
vt 0.661982 0.927142
vt 0.698710 0.921823
vt 0.587341 0.940802
vt 0.661234 0.927960
vt 0.589191 0.941203
vt 0.660446 0.928759
vt 0.591071 0.941577
vt 0.698124 0.923780
vt 0.659621 0.929538
vt 0.592981 0.941925
vt 0.658760 0.930299
vt 0.594921 0.942246
vt 0.657863 0.931041
vt 0.596890 0.942542
vt 0.697469 0.925702
vt 0.656931 0.931766
vt 0.598889 0.942811
vt 0.655962 0.932473
vt 0.654957 0.933162
vt 0.600918 0.943054
vt 0.653917 0.933832
vt 0.602977 0.943271
vt 0.696744 0.927589
vt 0.652840 0.934485
vt 0.605065 0.943461
vt 0.651727 0.935119
vt 0.607175 0.943614
vt 0.650579 0.935736
vt 0.649395 0.936334
vt 0.609295 0.943719
vt 0.695949 0.929442
vt 0.648174 0.936914
vt 0.611426 0.943775
vt 0.646921 0.937474
vt 0.613569 0.943783
vt 0.645636 0.938010
vt 0.615723 0.943742
vt 0.644321 0.938522
vt 0.642976 0.939010
vt 0.617889 0.943654
vt 0.695084 0.931259
vt 0.641600 0.939475
vt 0.620066 0.943516
vt 0.640194 0.939917
vt 0.622254 0.943331
vt 0.638757 0.940335
vt 0.624453 0.943097
vt 0.637289 0.940729
vt 0.635791 0.941100
vt 0.626664 0.942815
vt 0.634262 0.941447
vt 0.628886 0.942484
vt 0.632703 0.941772
vt 0.631119 0.942105
vt 0.694151 0.933043
vt 0.693147 0.934792
vt 0.692074 0.936506
vt 0.690931 0.938186
vt 0.689718 0.939830
vt 0.688436 0.941441
vt 0.687083 0.943016
vt 0.685662 0.944554
vt 0.684176 0.946053
vt 0.682622 0.947511
vt 0.681003 0.948930
vt 0.581836 0.966224
vt 0.582446 0.966445
vt 0.583086 0.966664
vt 0.679318 0.950309
vt 0.583756 0.966880
vt 0.584457 0.967093
vt 0.585188 0.967304
vt 0.677566 0.951648
vt 0.585949 0.967511
vt 0.586741 0.967716
vt 0.587564 0.967918
vt 0.675748 0.952947
vt 0.588416 0.968118
vt 0.589299 0.968314
vt 0.590213 0.968508
vt 0.673864 0.954206
vt 0.591152 0.968696
vt 0.592113 0.968875
vt 0.593094 0.969044
vt 0.671913 0.955426
vt 0.594096 0.969204
vt 0.595120 0.969355
vt 0.669897 0.956605
vt 0.596164 0.969497
vt 0.597230 0.969630
vt 0.598316 0.969753
vt 0.667814 0.957745
vt 0.599424 0.969867
vt 0.600552 0.969971
vt 0.665664 0.958845
vt 0.601702 0.970067
vt 0.602873 0.970153
vt 0.604063 0.970229
vt 0.663455 0.959901
vt 0.605271 0.970294
vt 0.606498 0.970347
vt 0.661192 0.960909
vt 0.607742 0.970389
vt 0.609004 0.970419
vt 0.658875 0.961871
vt 0.610284 0.970438
vt 0.611581 0.970445
vt 0.656503 0.962784
vt 0.612897 0.970441
vt 0.614231 0.970426
vt 0.654078 0.963650
vt 0.615583 0.970399
vt 0.616952 0.970361
vt 0.651599 0.964469
vt 0.618340 0.970311
vt 0.619740 0.970247
vt 0.649066 0.965240
vt 0.621146 0.970166
vt 0.622560 0.970066
vt 0.646478 0.965963
vt 0.623981 0.969950
vt 0.625408 0.969815
vt 0.643837 0.966640
vt 0.626842 0.969664
vt 0.628283 0.969494
vt 0.641142 0.967268
vt 0.629730 0.969307
vt 0.631185 0.969102
vt 0.638393 0.967849
vt 0.632646 0.968880
vt 0.634115 0.968640
vt 0.635590 0.968385
vt 0.887879 0.077356
vt 0.887882 0.176533
vt 0.857704 0.182773
vt 0.857629 0.080130
vt 0.781743 0.099085
vt 0.781670 0.203513
vt 0.750460 0.209948
vt 0.750519 0.098989
vt 0.887882 0.076347
vt 0.887880 0.075341
vt 0.781760 0.097656
vt 0.887872 0.074339
vt 0.887858 0.073341
vt 0.781785 0.096262
vt 0.857642 0.079377
vt 0.887840 0.072347
vt 0.857649 0.078632
vt 0.781818 0.094903
vt 0.857650 0.077893
vt 0.887815 0.071356
vt 0.857645 0.077160
vt 0.781860 0.093579
vt 0.887785 0.070370
vt 0.857635 0.076434
vt 0.887750 0.069387
vt 0.781909 0.092291
vt 0.857619 0.075715
vt 0.857597 0.075002
vt 0.887709 0.068408
vt 0.750535 0.097339
vt 0.781967 0.091038
vt 0.857569 0.074296
vt 0.887663 0.067433
vt 0.857535 0.073596
vt 0.782034 0.089821
vt 0.750560 0.095728
vt 0.887611 0.066462
vt 0.857496 0.072903
vt 0.782108 0.088639
vt 0.857451 0.072216
vt 0.887554 0.065494
vt 0.750594 0.094156
vt 0.857400 0.071536
vt 0.782191 0.087492
vt 0.887488 0.064527
vt 0.857343 0.070863
vt 0.750636 0.092623
vt 0.857280 0.070196
vt 0.887410 0.063559
vt 0.782281 0.086380
vt 0.857212 0.069536
vt 0.887320 0.062588
vt 0.782380 0.085304
vt 0.857137 0.068882
vt 0.750688 0.091129
vt 0.857057 0.068235
vt 0.887218 0.061616
vt 0.782487 0.084263
vt 0.856971 0.067595
vt 0.750749 0.089674
vt 0.887103 0.060641
vt 0.782604 0.083249
vt 0.856880 0.066961
vt 0.856782 0.066333
vt 0.886977 0.059665
vt 0.782730 0.082250
vt 0.750819 0.088257
vt 0.856679 0.065712
vt 0.886839 0.058686
vt 0.782866 0.081268
vt 0.856570 0.065098
vt 0.750897 0.086880
vt 0.856455 0.064491
vt 0.783012 0.080303
vt 0.886689 0.057706
vt 0.856334 0.063890
vt 0.783168 0.079354
vt 0.750984 0.085541
vt 0.886526 0.056723
vt 0.856120 0.062907
vt 0.783333 0.078422
vt 0.886352 0.055739
vt 0.855888 0.061940
vt 0.751081 0.084242
vt 0.783509 0.077506
vt 0.886165 0.054752
vt 0.855637 0.060987
vt 0.751186 0.082981
vt 0.783694 0.076606
vt 0.885967 0.053764
vt 0.855368 0.060048
vt 0.783890 0.075723
vt 0.751300 0.081759
vt 0.784095 0.074857
vt 0.885597 0.052085
vt 0.855080 0.059124
vt 0.751426 0.080563
vt 0.784310 0.074007
vt 0.854774 0.058215
vt 0.784535 0.073173
vt 0.885189 0.050428
vt 0.751564 0.079378
vt 0.854449 0.057320
vt 0.785233 0.070944
vt 0.751714 0.078207
vt 0.854106 0.056440
vt 0.884741 0.048794
vt 0.853744 0.055575
vt 0.751877 0.077047
vt 0.785998 0.068799
vt 0.853364 0.054724
vt 0.752053 0.075899
vt 0.884254 0.047182
vt 0.852966 0.053887
vt 0.752242 0.074764
vt 0.786829 0.066737
vt 0.852548 0.053065
vt 0.883728 0.045593
vt 0.752443 0.073641
vt 0.852110 0.052262
vt 0.787726 0.064759
vt 0.752657 0.072530
vt 0.851650 0.051483
vt 0.883163 0.044026
vt 0.752884 0.071431
vt 0.851166 0.050727
vt 0.788690 0.062864
vt 0.850659 0.049995
vt 0.882558 0.042482
vt 0.753124 0.070345
vt 0.850130 0.049287
vt 0.753376 0.069270
vt 0.789720 0.061053
vt 0.849578 0.048601
vt 0.881914 0.040960
vt 0.753641 0.068208
vt 0.849002 0.047940
vt 0.790816 0.059325
vt 0.754065 0.066641
vt 0.848405 0.047302
vt 0.881231 0.039460
vt 0.847783 0.046687
vt 0.791979 0.057681
vt 0.754520 0.065088
vt 0.847139 0.046096
vt 0.880509 0.037983
vt 0.846473 0.045529
vt 0.793208 0.056121
vt 0.755005 0.063547
vt 0.845783 0.044985
vt 0.879747 0.036528
vt 0.794503 0.054644
vt 0.845069 0.044467
vt 0.755521 0.062020
vt 0.844330 0.043978
vt 0.795865 0.053251
vt 0.843565 0.043517
vt 0.878946 0.035096
vt 0.756067 0.060506
vt 0.842775 0.043085
vt 0.797292 0.051941
vt 0.841959 0.042682
vt 0.878103 0.033696
vt 0.841118 0.042306
vt 0.756644 0.059005
vt 0.798785 0.050707
vt 0.840252 0.041960
vt 0.800341 0.049540
vt 0.839360 0.041642
vt 0.757251 0.057517
vt 0.877215 0.032338
vt 0.838442 0.041352
vt 0.801959 0.048441
vt 0.837499 0.041092
vt 0.836531 0.040859
vt 0.803641 0.047409
vt 0.757889 0.056042
vt 0.835537 0.040655
vt 0.876282 0.031021
vt 0.805385 0.046445
vt 0.834515 0.040486
vt 0.833462 0.040356
vt 0.807193 0.045549
vt 0.758557 0.054581
vt 0.832378 0.040265
vt 0.809063 0.044720
vt 0.831262 0.040214
vt 0.875304 0.029745
vt 0.830115 0.040203
vt 0.810997 0.043959
vt 0.828937 0.040231
vt 0.812993 0.043266
vt 0.827727 0.040299
vt 0.759256 0.053132
vt 0.826487 0.040406
vt 0.815053 0.042639
vt 0.825215 0.040553
vt 0.817176 0.042081
vt 0.823912 0.040740
vt 0.822578 0.040966
vt 0.819361 0.041590
vt 0.874246 0.028469
vt 0.759985 0.051697
vt 0.873141 0.027235
vt 0.760745 0.050275
vt 0.871990 0.026044
vt 0.761540 0.048871
vt 0.762376 0.047488
vt 0.870792 0.024897
vt 0.763253 0.046128
vt 0.869548 0.023792
vt 0.764170 0.044790
vt 0.868257 0.022730
vt 0.765128 0.043475
vt 0.866919 0.021712
vt 0.766127 0.042181
vt 0.865534 0.020736
vt 0.767166 0.040910
vt 0.864101 0.019808
vt 0.768246 0.039661
vt 0.769367 0.038434
vt 0.862618 0.018933
vt 0.770528 0.037229
vt 0.861084 0.018111
vt 0.771731 0.036046
vt 0.859500 0.017342
vt 0.772973 0.034886
vt 0.857867 0.016626
vt 0.774259 0.033748
vt 0.856182 0.015963
vt 0.775589 0.032633
vt 0.776964 0.031542
vt 0.854448 0.015353
vt 0.778383 0.030473
vt 0.852664 0.014796
vt 0.779847 0.029429
vt 0.850829 0.014292
vt 0.781355 0.028407
vt 0.848944 0.013840
vt 0.782908 0.027408
vt 0.847009 0.013442
vt 0.784506 0.026433
vt 0.786149 0.025481
vt 0.845023 0.013097
vt 0.787835 0.024552
vt 0.842985 0.012814
vt 0.789567 0.023646
vt 0.840890 0.012604
vt 0.791343 0.022764
vt 0.838739 0.012467
vt 0.793169 0.021908
vt 0.795049 0.021083
vt 0.836531 0.012403
vt 0.796984 0.020288
vt 0.834267 0.012411
vt 0.798972 0.019524
vt 0.831947 0.012492
vt 0.801016 0.018790
vt 0.829571 0.012646
vt 0.803114 0.018087
vt 0.827138 0.012872
vt 0.805266 0.017414
vt 0.807473 0.016771
vt 0.824649 0.013172
vt 0.809734 0.016159
vt 0.822104 0.013544
vt 0.812049 0.015578
vt 0.819502 0.013988
vt 0.814419 0.015027
vt 0.816844 0.014506
vt 0.754703 0.550754
vt 0.754704 0.726873
vt 0.724790 0.733066
vt 0.725733 0.685485
vt 0.724975 0.685641
vt 0.674584 0.665404
vt 0.645323 0.670936
vt 0.645272 0.749529
vt 0.614474 0.755905
vt 0.614474 0.579785
vt 0.725423 0.681862
vt 0.722933 0.682314
vt 0.725142 0.678145
vt 0.720801 0.678919
vt 0.724888 0.674332
vt 0.718580 0.675456
vt 0.724662 0.670423
vt 0.716271 0.671926
vt 0.724464 0.666419
vt 0.713873 0.668328
vt 0.724293 0.662320
vt 0.711385 0.664663
vt 0.724151 0.658126
vt 0.708809 0.660930
vt 0.724036 0.653836
vt 0.706144 0.657130
vt 0.671567 0.661353
vt 0.645295 0.665566
vt 0.723949 0.649451
vt 0.703390 0.653262
vt 0.668638 0.657366
vt 0.723890 0.644970
vt 0.645244 0.660418
vt 0.700547 0.649327
vt 0.665798 0.653443
vt 0.723858 0.640394
vt 0.697615 0.645325
vt 0.645170 0.655493
vt 0.663046 0.649584
vt 0.723855 0.635723
vt 0.694594 0.641254
vt 0.645072 0.650790
vt 0.660381 0.645790
vt 0.723906 0.557130
vt 0.644388 0.573592
vt 0.644950 0.646310
vt 0.657806 0.642059
vt 0.644806 0.642052
vt 0.655318 0.638392
vt 0.644637 0.638016
vt 0.652918 0.634789
vt 0.644446 0.634203
vt 0.650607 0.631250
vt 0.644231 0.630612
vt 0.648384 0.627775
vt 0.643992 0.627244
vt 0.646249 0.624364
vt 0.643730 0.624098
vt 0.644202 0.621017
vt 0.643445 0.621174
vt 0.554057 0.807376
vt 0.553861 0.809406
vt 0.552757 0.810144
vt 0.551746 0.810943
vt 0.554417 0.805586
vt 0.550758 0.811737
vt 0.554767 0.803859
vt 0.549768 0.812502
vt 0.555084 0.802169
vt 0.548771 0.813230
vt 0.555357 0.800506
vt 0.547765 0.813920
vt 0.555584 0.798867
vt 0.546749 0.814572
vt 0.555762 0.797248
vt 0.545722 0.815185
vt 0.544686 0.815760
vt 0.555894 0.795652
vt 0.543640 0.816295
vt 0.555976 0.794074
vt 0.542584 0.816791
vt 0.556005 0.792513
vt 0.541518 0.817249
vt 0.555983 0.790968
vt 0.540444 0.817664
vt 0.555909 0.789439
vt 0.539364 0.818037
vt 0.555790 0.787928
vt 0.538277 0.818366
vt 0.537186 0.818654
vt 0.555635 0.786439
vt 0.536089 0.818899
vt 0.555443 0.784970
vt 0.534987 0.819101
vt 0.555213 0.783520
vt 0.533879 0.819261
vt 0.554945 0.782090
vt 0.532766 0.819380
vt 0.554640 0.780680
vt 0.531648 0.819456
vt 0.554298 0.779289
vt 0.530525 0.819492
vt 0.553918 0.777917
vt 0.529397 0.819486
vt 0.553502 0.776565
vt 0.528265 0.819440
vt 0.553049 0.775232
vt 0.527130 0.819351
vt 0.552559 0.773919
vt 0.525993 0.819221
vt 0.552033 0.772626
vt 0.524855 0.819048
vt 0.551474 0.771353
vt 0.523716 0.818833
vt 0.550886 0.770101
vt 0.522576 0.818577
vt 0.550268 0.768871
vt 0.521435 0.818280
vt 0.549621 0.767662
vt 0.535290 0.790657
vt 0.521035 0.817533
vt 0.535759 0.789418
vt 0.536251 0.788070
vt 0.535900 0.788555
vt 0.535173 0.789478
vt 0.536056 0.787679
vt 0.550155 0.765965
vt 0.536216 0.786796
vt 0.534032 0.790792
vt 0.536349 0.785915
vt 0.536456 0.785035
vt 0.532850 0.792007
vt 0.536537 0.784155
vt 0.519694 0.818236
vt 0.531629 0.793146
vt 0.536592 0.783275
vt 0.536622 0.782394
vt 0.530363 0.794188
vt 0.550740 0.764281
vt 0.536658 0.781499
vt 0.536669 0.780601
vt 0.529051 0.795135
vt 0.518355 0.818916
vt 0.536654 0.779699
vt 0.527692 0.796012
vt 0.536619 0.778793
vt 0.551342 0.762582
vt 0.536595 0.777873
vt 0.526281 0.796797
vt 0.516989 0.819565
vt 0.536553 0.776950
vt 0.551913 0.760848
vt 0.536520 0.776011
vt 0.524817 0.797513
vt 0.536469 0.775067
vt 0.515573 0.820174
vt 0.523296 0.798160
vt 0.536398 0.774117
vt 0.552478 0.759082
vt 0.536337 0.773148
vt 0.521712 0.798718
vt 0.514120 0.820753
vt 0.536255 0.772170
vt 0.553008 0.757272
vt 0.536181 0.771172
vt 0.520070 0.799196
vt 0.536086 0.770164
vt 0.512608 0.821285
vt 0.553500 0.755417
vt 0.535995 0.769132
vt 0.518366 0.799595
vt 0.535883 0.768089
vt 0.511038 0.821767
vt 0.553953 0.753513
vt 0.535774 0.767023
vt 0.516597 0.799903
vt 0.535645 0.765946
vt 0.509406 0.822194
vt 0.554368 0.751565
vt 0.535518 0.764846
vt 0.514760 0.800111
vt 0.535371 0.763734
vt 0.554749 0.749578
vt 0.507710 0.822563
vt 0.512853 0.800214
vt 0.535222 0.762598
vt 0.555074 0.747551
vt 0.535070 0.761437
vt 0.505948 0.822873
vt 0.510869 0.800204
vt 0.534894 0.760261
vt 0.555359 0.745488
vt 0.534711 0.759060
vt 0.504117 0.823118
vt 0.508804 0.800079
vt 0.534504 0.757842
vt 0.555603 0.743388
vt 0.502218 0.823298
vt 0.534286 0.756597
vt 0.555785 0.741255
vt 0.506654 0.799831
vt 0.534056 0.755326
vt 0.500248 0.823407
vt 0.533797 0.754036
vt 0.555919 0.739087
vt 0.504414 0.799456
vt 0.533525 0.752723
vt 0.498206 0.823442
vt 0.555988 0.736889
vt 0.533241 0.751390
vt 0.502080 0.798944
vt 0.532931 0.750047
vt 0.556005 0.734661
vt 0.496094 0.823401
vt 0.532606 0.748684
vt 0.555954 0.732406
vt 0.499665 0.798278
vt 0.493912 0.823279
vt 0.532263 0.747303
vt 0.555834 0.730130
vt 0.531901 0.745904
vt 0.491654 0.823076
vt 0.497149 0.797452
vt 0.531509 0.744495
vt 0.555656 0.727828
vt 0.531096 0.743068
vt 0.490156 0.823002
vt 0.555410 0.725512
vt 0.495736 0.796994
vt 0.530658 0.741625
vt 0.488610 0.822883
vt 0.530188 0.740172
vt 0.494317 0.796510
vt 0.555110 0.723184
vt 0.487016 0.822720
vt 0.529692 0.738702
vt 0.492894 0.795999
vt 0.554746 0.720850
vt 0.485376 0.822508
vt 0.529167 0.737218
vt 0.491465 0.795459
vt 0.554319 0.718515
vt 0.483689 0.822248
vt 0.528615 0.735721
vt 0.490032 0.794889
vt 0.528030 0.734219
vt 0.553833 0.716175
vt 0.481955 0.821936
vt 0.488595 0.794289
vt 0.527418 0.732709
vt 0.487152 0.793657
vt 0.480174 0.821571
vt 0.553282 0.713838
vt 0.526775 0.731190
vt 0.485706 0.792992
vt 0.478348 0.821152
vt 0.552667 0.711506
vt 0.526103 0.729663
vt 0.484257 0.792294
vt 0.476478 0.820676
vt 0.551989 0.709181
vt 0.525399 0.728131
vt 0.482804 0.791560
vt 0.474564 0.820142
vt 0.524659 0.726597
vt 0.551248 0.706862
vt 0.481350 0.790792
vt 0.472607 0.819548
vt 0.523886 0.725058
vt 0.479894 0.789987
vt 0.550443 0.704555
vt 0.523080 0.723515
vt 0.470607 0.818893
vt 0.478442 0.789149
vt 0.549573 0.702262
vt 0.522238 0.721970
vt 0.468580 0.818174
vt 0.477003 0.788279
vt 0.548640 0.699985
vt 0.521360 0.720423
vt 0.475573 0.787378
vt 0.466539 0.817387
vt 0.520444 0.718878
vt 0.547654 0.697732
vt 0.474156 0.786446
vt 0.464486 0.816535
vt 0.519496 0.717339
vt 0.546628 0.695517
vt 0.472754 0.785481
vt 0.462423 0.815617
vt 0.518522 0.715813
vt 0.471367 0.784486
vt 0.545563 0.693342
vt 0.517521 0.714302
vt 0.460351 0.814630
vt 0.469996 0.783457
vt 0.544460 0.691209
vt 0.516492 0.712807
vt 0.468638 0.782398
vt 0.458274 0.813570
vt 0.543321 0.689120
vt 0.515437 0.711329
vt 0.467298 0.781306
vt 0.456192 0.812442
vt 0.542145 0.687076
vt 0.514355 0.709870
vt 0.465977 0.780181
vt 0.454106 0.811242
vt 0.540935 0.685079
vt 0.513245 0.708430
vt 0.464676 0.779025
vt 0.512109 0.707011
vt 0.539691 0.683130
vt 0.452018 0.809971
vt 0.463396 0.777837
vt 0.510945 0.705615
vt 0.462135 0.776619
vt 0.538414 0.681232
vt 0.449934 0.808625
vt 0.509756 0.704241
vt 0.460901 0.775371
vt 0.537106 0.679385
vt 0.447852 0.807206
vt 0.508540 0.702891
vt 0.459697 0.774095
vt 0.535768 0.677591
vt 0.445773 0.805713
vt 0.507298 0.701567
vt 0.458522 0.772790
vt 0.534401 0.675851
vt 0.457372 0.771458
vt 0.506037 0.700283
vt 0.443711 0.804144
vt 0.532182 0.673311
vt 0.456254 0.770098
vt 0.504769 0.699056
vt 0.441672 0.802504
vt 0.455168 0.768712
vt 0.503490 0.697885
vt 0.529902 0.670884
vt 0.454109 0.767298
vt 0.439662 0.800790
vt 0.502205 0.696773
vt 0.453085 0.765858
vt 0.527564 0.668571
vt 0.500916 0.695717
vt 0.437678 0.799005
vt 0.452095 0.764392
vt 0.499618 0.694721
vt 0.525169 0.666380
vt 0.435721 0.797149
vt 0.451142 0.762902
vt 0.498317 0.693784
vt 0.450218 0.761386
vt 0.497010 0.692907
vt 0.433801 0.795220
vt 0.522722 0.664312
vt 0.449337 0.759851
vt 0.495702 0.692089
vt 0.431912 0.793220
vt 0.448505 0.758302
vt 0.494389 0.691332
vt 0.520226 0.662371
vt 0.447715 0.756737
vt 0.493077 0.690635
vt 0.430064 0.791149
vt 0.446975 0.755159
vt 0.517685 0.660555
vt 0.491767 0.689999
vt 0.428250 0.789008
vt 0.446287 0.753570
vt 0.490456 0.689422
vt 0.515104 0.658870
vt 0.445641 0.751968
vt 0.489153 0.688903
vt 0.426480 0.786799
vt 0.445048 0.750356
vt 0.487852 0.688440
vt 0.512487 0.657318
vt 0.444499 0.748731
vt 0.486561 0.688035
vt 0.424755 0.784524
vt 0.444002 0.747099
vt 0.485273 0.687687
vt 0.509838 0.655899
vt 0.423070 0.782181
vt 0.483996 0.687396
vt 0.443560 0.745461
vt 0.482724 0.687161
vt 0.443161 0.743812
vt 0.421449 0.779778
vt 0.507163 0.654614
vt 0.481465 0.686983
vt 0.442818 0.742158
vt 0.480212 0.686861
vt 0.442521 0.740497
vt 0.419909 0.777322
vt 0.478964 0.686794
vt 0.504473 0.653466
vt 0.442286 0.738838
vt 0.477732 0.686784
vt 0.442100 0.737175
vt 0.418450 0.774817
vt 0.476507 0.686828
vt 0.501771 0.652445
vt 0.441976 0.735516
vt 0.475301 0.686929
vt 0.441902 0.733854
vt 0.474104 0.687083
vt 0.417074 0.772265
vt 0.441889 0.732198
vt 0.499067 0.651547
vt 0.472930 0.687293
vt 0.441927 0.730540
vt 0.471769 0.687559
vt 0.415779 0.769669
vt 0.442026 0.728888
vt 0.470618 0.687876
vt 0.496372 0.650771
vt 0.442176 0.727236
vt 0.469491 0.688248
vt 0.468375 0.688670
vt 0.442375 0.725584
vt 0.414572 0.767038
vt 0.467270 0.689144
vt 0.442636 0.723940
vt 0.493692 0.650114
vt 0.466189 0.689671
vt 0.442947 0.722296
vt 0.465120 0.690247
vt 0.413446 0.764368
vt 0.443325 0.720666
vt 0.464063 0.690873
vt 0.443765 0.719045
vt 0.463019 0.691548
vt 0.491039 0.649569
vt 0.462000 0.692272
vt 0.444267 0.717433
vt 0.460999 0.693039
vt 0.444830 0.715830
vt 0.412410 0.761676
vt 0.460013 0.693848
vt 0.445467 0.714246
vt 0.459045 0.694700
vt 0.446164 0.712673
vt 0.458092 0.695593
vt 0.488424 0.649130
vt 0.446923 0.711110
vt 0.457168 0.696531
vt 0.456260 0.697511
vt 0.447742 0.709557
vt 0.455370 0.698531
vt 0.448623 0.708014
vt 0.454495 0.699592
vt 0.449565 0.706482
vt 0.411467 0.758977
vt 0.453637 0.700693
vt 0.450578 0.704971
vt 0.452795 0.701834
vt 0.451652 0.703471
vt 0.485964 0.648745
vt 0.410700 0.756233
vt 0.483510 0.648451
vt 0.409999 0.753459
vt 0.481064 0.648250
vt 0.409366 0.750656
vt 0.478625 0.648140
vt 0.408806 0.747826
vt 0.476193 0.648123
vt 0.408328 0.744971
vt 0.473769 0.648199
vt 0.407932 0.742092
vt 0.471356 0.648366
vt 0.407617 0.739188
vt 0.468956 0.648621
vt 0.407385 0.736260
vt 0.466571 0.648965
vt 0.407234 0.733307
vt 0.464200 0.649398
vt 0.407166 0.730330
vt 0.461843 0.649921
vt 0.407181 0.727329
vt 0.459501 0.650533
vt 0.407278 0.724302
vt 0.457174 0.651236
vt 0.407458 0.721251
vt 0.454862 0.652029
vt 0.407720 0.718176
vt 0.452566 0.652912
vt 0.408066 0.715075
vt 0.450284 0.653886
vt 0.448017 0.654950
vt 0.408508 0.711954
vt 0.445766 0.656106
vt 0.409063 0.708819
vt 0.443534 0.657347
vt 0.409732 0.705670
vt 0.441327 0.658671
vt 0.410514 0.702508
vt 0.439144 0.660076
vt 0.411409 0.699331
vt 0.436985 0.661564
vt 0.412416 0.696138
vt 0.434852 0.663135
vt 0.432741 0.664785
vt 0.413528 0.692923
vt 0.430655 0.666516
vt 0.414749 0.689688
vt 0.428592 0.668329
vt 0.416074 0.686427
vt 0.426551 0.670220
vt 0.417495 0.683133
vt 0.424525 0.672184
vt 0.418987 0.679779
vt 0.422490 0.674195
vt 0.420377 0.676188
vt 0.933943 0.224968
vt 0.933943 0.405498
vt 0.902822 0.383185
vt 0.885603 0.412644
vt 0.884390 0.412212
vt 0.883252 0.411790
vt 0.882184 0.411379
vt 0.881180 0.410977
vt 0.880234 0.410583
vt 0.879344 0.410196
vt 0.878504 0.409814
vt 0.877712 0.409437
vt 0.876965 0.409063
vt 0.876260 0.408692
vt 0.875594 0.408323
vt 0.874967 0.407955
vt 0.874373 0.407588
vt 0.873809 0.407223
vt 0.873274 0.406860
vt 0.872765 0.406498
vt 0.872282 0.406136
vt 0.871824 0.405774
vt 0.871390 0.405412
vt 0.870980 0.405050
vt 0.870592 0.404686
vt 0.870225 0.404322
vt 0.869880 0.403956
vt 0.869556 0.403589
vt 0.868405 0.403050
vt 0.867316 0.402480
vt 0.866288 0.401877
vt 0.865320 0.401242
vt 0.864409 0.400573
vt 0.863555 0.399872
vt 0.862756 0.399137
vt 0.862011 0.398370
vt 0.861319 0.397569
vt 0.860680 0.396736
vt 0.860092 0.395870
vt 0.859555 0.394972
vt 0.859072 0.394049
vt 0.858647 0.393108
vt 0.858278 0.392150
vt 0.857966 0.391174
vt 0.883794 0.385865
vt 0.885254 0.385147
vt 0.883272 0.385238
vt 0.881678 0.385215
vt 0.858123 0.390511
vt 0.903815 0.337310
vt 0.884278 0.384209
vt 0.884268 0.383932
vt 0.883372 0.383876
vt 0.882647 0.383772
vt 0.882022 0.383642
vt 0.881449 0.383499
vt 0.880894 0.383351
vt 0.880355 0.383197
vt 0.879834 0.383038
vt 0.879328 0.382876
vt 0.878838 0.382711
vt 0.878361 0.382544
vt 0.877896 0.382378
vt 0.877445 0.382207
vt 0.877008 0.382032
vt 0.876583 0.381854
vt 0.876170 0.381673
vt 0.856662 0.390163
vt 0.875765 0.381505
vt 0.875372 0.381335
vt 0.874992 0.381157
vt 0.874624 0.380971
vt 0.873925 0.380771
vt 0.873249 0.380552
vt 0.872598 0.380312
vt 0.855173 0.389796
vt 0.871962 0.380071
vt 0.871353 0.379804
vt 0.870766 0.379513
vt 0.870201 0.379199
vt 0.853663 0.389363
vt 0.869649 0.378881
vt 0.869116 0.378538
vt 0.868602 0.378169
vt 0.852135 0.388832
vt 0.868098 0.377795
vt 0.867609 0.377393
vt 0.867136 0.376969
vt 0.850589 0.388186
vt 0.866674 0.376546
vt 0.866224 0.376104
vt 0.865788 0.375645
vt 0.849030 0.387412
vt 0.865362 0.375184
vt 0.864950 0.374703
vt 0.864551 0.374203
vt 0.847463 0.386494
vt 0.864166 0.373697
vt 0.863794 0.373171
vt 0.845749 0.385221
vt 0.863438 0.372642
vt 0.863095 0.372091
vt 0.862768 0.371518
vt 0.862264 0.370538
vt 0.844084 0.383824
vt 0.861812 0.369555
vt 0.842506 0.382309
vt 0.861411 0.368571
vt 0.861056 0.367575
vt 0.841022 0.380676
vt 0.860754 0.366581
vt 0.860503 0.365578
vt 0.839647 0.378928
vt 0.860311 0.364578
vt 0.860171 0.363572
vt 0.838394 0.377074
vt 0.860092 0.362571
vt 0.860071 0.361565
vt 0.837273 0.375121
vt 0.860115 0.360568
vt 0.860218 0.359568
vt 0.836295 0.373081
vt 0.860390 0.358583
vt 0.860619 0.357602
vt 0.835467 0.370964
vt 0.860916 0.356645
vt 0.861273 0.355694
vt 0.834795 0.368781
vt 0.861701 0.354769
vt 0.862187 0.353854
vt 0.834282 0.366543
vt 0.862748 0.352968
vt 0.863369 0.352094
vt 0.864048 0.351230
vt 0.833938 0.364272
vt 0.864804 0.350401
vt 0.865620 0.349585
vt 0.833746 0.361968
vt 0.866514 0.348807
vt 0.866923 0.348491
vt 0.867352 0.348177
vt 0.867801 0.347866
vt 0.868270 0.347558
vt 0.868759 0.347252
vt 0.833707 0.359664
vt 0.869278 0.346973
vt 0.869817 0.346697
vt 0.870375 0.346424
vt 0.870953 0.346153
vt 0.871547 0.345880
vt 0.872161 0.345611
vt 0.872797 0.345345
vt 0.873460 0.345080
vt 0.874158 0.344812
vt 0.874889 0.344540
vt 0.875655 0.344265
vt 0.833818 0.357406
vt 0.876468 0.344009
vt 0.877316 0.343752
vt 0.878198 0.343491
vt 0.879116 0.343228
vt 0.880069 0.342961
vt 0.881057 0.342691
vt 0.882079 0.342412
vt 0.883135 0.342125
vt 0.902456 0.309628
vt 0.835036 0.355261
vt 0.836361 0.353142
vt 0.837792 0.351050
vt 0.839330 0.348984
vt 0.840972 0.346944
vt 0.842719 0.344931
vt 0.844569 0.342945
vt 0.846523 0.340985
vt 0.848579 0.339052
vt 0.848731 0.338233
vt 0.848145 0.337870
vt 0.847575 0.337488
vt 0.847018 0.337090
vt 0.846477 0.336673
vt 0.845950 0.336239
vt 0.845437 0.335789
vt 0.844939 0.335321
vt 0.844456 0.334837
vt 0.843987 0.334336
vt 0.843532 0.333818
vt 0.843092 0.333285
vt 0.842666 0.332736
vt 0.842256 0.332173
vt 0.841864 0.331599
vt 0.841488 0.331014
vt 0.841129 0.330419
vt 0.840787 0.329813
vt 0.840462 0.329197
vt 0.840154 0.328570
vt 0.839862 0.327933
vt 0.839587 0.327286
vt 0.839329 0.326629
vt 0.839087 0.325962
vt 0.838861 0.325286
vt 0.838653 0.324601
vt 0.838463 0.323906
vt 0.873867 0.314998
vt 0.874931 0.314419
vt 0.872694 0.314710
vt 0.839134 0.323366
vt 0.903326 0.259336
vt 0.874378 0.313975
vt 0.876957 0.313092
vt 0.876746 0.313015
vt 0.875495 0.313215
vt 0.874480 0.313341
vt 0.873619 0.313422
vt 0.872866 0.313473
vt 0.872194 0.313502
vt 0.871562 0.313518
vt 0.870956 0.313525
vt 0.870369 0.313522
vt 0.869794 0.313511
vt 0.869231 0.313492
vt 0.838159 0.323167
vt 0.868675 0.313470
vt 0.868130 0.313438
vt 0.867598 0.313397
vt 0.867076 0.313347
vt 0.866565 0.313287
vt 0.866065 0.313219
vt 0.865577 0.313140
vt 0.837194 0.322964
vt 0.865094 0.313056
vt 0.864623 0.312962
vt 0.863660 0.312877
vt 0.836239 0.322740
vt 0.862724 0.312768
vt 0.861821 0.312628
vt 0.835296 0.322493
vt 0.860945 0.312462
vt 0.860102 0.312263
vt 0.834363 0.322221
vt 0.859285 0.312037
vt 0.858501 0.311777
vt 0.833439 0.321922
vt 0.857743 0.311488
vt 0.832521 0.321590
vt 0.857012 0.311168
vt 0.856311 0.310814
vt 0.831612 0.321227
vt 0.855636 0.310429
vt 0.830709 0.320829
vt 0.854983 0.310014
vt 0.829814 0.320398
vt 0.854351 0.309569
vt 0.828929 0.319936
vt 0.853740 0.309097
vt 0.853152 0.308596
vt 0.828055 0.319444
vt 0.852585 0.308068
vt 0.827192 0.318919
vt 0.852038 0.307510
vt 0.826342 0.318361
vt 0.851513 0.306924
vt 0.825503 0.317770
vt 0.851009 0.306307
vt 0.824679 0.317144
vt 0.850528 0.305659
vt 0.823868 0.316484
vt 0.850070 0.304980
vt 0.823073 0.315789
vt 0.849636 0.304270
vt 0.822294 0.315059
vt 0.849227 0.303527
vt 0.848844 0.302751
vt 0.821532 0.314294
vt 0.848341 0.301534
vt 0.820788 0.313493
vt 0.819409 0.310901
vt 0.847902 0.300309
vt 0.847530 0.299071
vt 0.818191 0.308236
vt 0.847230 0.297826
vt 0.846999 0.296566
vt 0.817142 0.305502
vt 0.846838 0.295304
vt 0.846747 0.294028
vt 0.816271 0.302704
vt 0.846726 0.292751
vt 0.846776 0.291462
vt 0.846894 0.290161
vt 0.815583 0.299851
vt 0.847085 0.288861
vt 0.847347 0.287550
vt 0.815083 0.296950
vt 0.847695 0.286253
vt 0.848137 0.284967
vt 0.814774 0.294007
vt 0.848680 0.283708
vt 0.849315 0.282462
vt 0.814657 0.291032
vt 0.850051 0.281244
vt 0.850878 0.280040
vt 0.851797 0.278847
vt 0.814727 0.288041
vt 0.852813 0.277683
vt 0.853925 0.276537
vt 0.814986 0.285033
vt 0.855154 0.275458
vt 0.856490 0.274421
vt 0.857928 0.273405
vt 0.815434 0.282033
vt 0.859516 0.272405
vt 0.861260 0.271426
vt 0.863159 0.270469
vt 0.865214 0.269531
vt 0.816064 0.279063
vt 0.867433 0.268639
vt 0.869806 0.267767
vt 0.872333 0.266915
vt 0.875012 0.266083
vt 0.877844 0.265271
vt 0.880829 0.264478
vt 0.883926 0.263713
vt 0.887587 0.262866
vt 0.817070 0.276014
vt 0.818249 0.273012
vt 0.819600 0.270057
vt 0.821125 0.267150
vt 0.822821 0.264293
vt 0.824690 0.261485
vt 0.826730 0.258729
vt 0.828942 0.256025
vt 0.831324 0.253375
vt 0.833878 0.250779
vt 0.836602 0.248238
vt 0.839496 0.245754
vt 0.840700 0.244273
vt 0.841947 0.242803
vt 0.843237 0.241346
vt 0.844570 0.239901
vt 0.845947 0.238468
vt 0.847366 0.237049
vt 0.848828 0.235644
vt 0.850332 0.234252
vt 0.851879 0.232875
vt 0.853468 0.231513
vt 0.855099 0.230166
vt 0.856772 0.228834
vt 0.858491 0.227520
vt 0.860261 0.226224
vt 0.862081 0.224946
vt 0.863950 0.223688
vt 0.865869 0.222451
vt 0.867836 0.221234
vt 0.869852 0.220039
vt 0.871915 0.218867
vt 0.874025 0.217718
vt 0.876182 0.216588
vt 0.878386 0.215466
vt 0.880639 0.214351
vt 0.382369 0.838094
vt 0.360969 0.852628
vt 0.327342 0.807977
vt 0.383082 0.838728
vt 0.368442 0.854713
vt 0.383767 0.839345
vt 0.369156 0.855057
vt 0.384425 0.839945
vt 0.369838 0.855395
vt 0.385056 0.840530
vt 0.370487 0.855728
vt 0.385660 0.841097
vt 0.371107 0.856055
vt 0.386239 0.841648
vt 0.371698 0.856375
vt 0.386793 0.842183
vt 0.372262 0.856690
vt 0.387322 0.842700
vt 0.372800 0.857000
vt 0.387826 0.843201
vt 0.373312 0.857303
vt 0.388307 0.843685
vt 0.373800 0.857600
vt 0.388765 0.844152
vt 0.374277 0.857829
vt 0.389201 0.844602
vt 0.374729 0.858053
vt 0.389619 0.845040
vt 0.375154 0.858271
vt 0.390024 0.845470
vt 0.375559 0.858485
vt 0.390416 0.845893
vt 0.375948 0.858698
vt 0.390796 0.846308
vt 0.376322 0.858908
vt 0.391164 0.846716
vt 0.376681 0.859117
vt 0.391520 0.847117
vt 0.377025 0.859324
vt 0.391865 0.847511
vt 0.377355 0.859528
vt 0.392199 0.847897
vt 0.377672 0.859731
vt 0.392522 0.848277
vt 0.377977 0.859933
vt 0.392834 0.848651
vt 0.378269 0.860132
vt 0.393137 0.849017
vt 0.378549 0.860330
vt 0.393429 0.849378
vt 0.378818 0.860527
vt 0.394133 0.850247
vt 0.379075 0.860723
vt 0.394792 0.851117
vt 0.379539 0.861073
vt 0.395406 0.851985
vt 0.379978 0.861427
vt 0.395979 0.852851
vt 0.380395 0.861782
vt 0.396512 0.853715
vt 0.380786 0.862138
vt 0.397009 0.854578
vt 0.381155 0.862497
vt 0.397471 0.855440
vt 0.381505 0.862857
vt 0.397901 0.856304
vt 0.381832 0.863218
vt 0.398299 0.857171
vt 0.382137 0.863582
vt 0.398668 0.858043
vt 0.382425 0.863947
vt 0.399008 0.858921
vt 0.382694 0.864314
vt 0.399319 0.859809
vt 0.382944 0.864684
vt 0.399602 0.860704
vt 0.383178 0.865056
vt 0.399855 0.861606
vt 0.383394 0.865430
vt 0.400078 0.862517
vt 0.383592 0.865805
vt 0.400272 0.863439
vt 0.383775 0.866182
vt 0.400436 0.864376
vt 0.383940 0.866562
vt 0.400567 0.865330
vt 0.384089 0.866943
vt 0.400665 0.866303
vt 0.384223 0.867328
vt 0.400726 0.867298
vt 0.384344 0.867715
vt 0.400747 0.868317
vt 0.384451 0.868106
vt 0.400725 0.869362
vt 0.384544 0.868500
vt 0.400654 0.870432
vt 0.384626 0.868898
vt 0.400528 0.871528
vt 0.384699 0.869305
vt 0.400454 0.872066
vt 0.384760 0.869714
vt 0.400372 0.872594
vt 0.384784 0.869994
vt 0.400283 0.873115
vt 0.384797 0.870267
vt 0.400186 0.873629
vt 0.384799 0.870535
vt 0.400082 0.874138
vt 0.384791 0.870798
vt 0.399970 0.874643
vt 0.384773 0.871056
vt 0.399850 0.875146
vt 0.384745 0.871311
vt 0.399721 0.875647
vt 0.384706 0.871561
vt 0.399583 0.876149
vt 0.384658 0.871808
vt 0.399436 0.876652
vt 0.384599 0.872053
vt 0.399279 0.877157
vt 0.384530 0.872294
vt 0.399111 0.877665
vt 0.384450 0.872535
vt 0.398932 0.878177
vt 0.384359 0.872773
vt 0.398740 0.878694
vt 0.384255 0.873008
vt 0.398535 0.879216
vt 0.384134 0.873240
vt 0.398316 0.879748
vt 0.383995 0.873469
vt 0.398079 0.880289
vt 0.383837 0.873695
vt 0.397823 0.880844
vt 0.383659 0.873920
vt 0.397547 0.881413
vt 0.383460 0.874143
vt 0.397247 0.881997
vt 0.383238 0.874365
vt 0.396921 0.882598
vt 0.382993 0.874586
vt 0.396567 0.883217
vt 0.382723 0.874806
vt 0.396182 0.883853
vt 0.382428 0.875025
vt 0.395763 0.884508
vt 0.382108 0.875242
vt 0.395570 0.884802
vt 0.381763 0.875482
vt 0.395368 0.885106
vt 0.381563 0.875628
vt 0.395156 0.885419
vt 0.381350 0.875776
vt 0.394934 0.885742
vt 0.381124 0.875927
vt 0.394702 0.886075
vt 0.380884 0.876081
vt 0.394459 0.886418
vt 0.380631 0.876239
vt 0.394205 0.886771
vt 0.380363 0.876399
vt 0.393939 0.887135
vt 0.380081 0.876564
vt 0.393662 0.887508
vt 0.379785 0.876733
vt 0.393372 0.887892
vt 0.379473 0.876907
vt 0.393070 0.888286
vt 0.379145 0.877085
vt 0.392754 0.888690
vt 0.378806 0.877272
vt 0.392426 0.889105
vt 0.378454 0.877466
vt 0.392085 0.889529
vt 0.378090 0.877667
vt 0.391729 0.889964
vt 0.377714 0.877875
vt 0.391360 0.890408
vt 0.377320 0.878088
vt 0.390977 0.890863
vt 0.376910 0.878307
vt 0.390580 0.891327
vt 0.376482 0.878531
vt 0.390169 0.891801
vt 0.376034 0.878759
vt 0.389743 0.892285
vt 0.375572 0.878992
vt 0.389302 0.892779
vt 0.375091 0.879230
vt 0.388847 0.893284
vt 0.374592 0.879473
vt 0.388377 0.893798
vt 0.374070 0.879720
vt 0.387893 0.894323
vt 0.373526 0.879972
vt 0.327342 0.947922
vt 0.372960 0.880229
vt 0.356365 0.874959
vt 0.929507 0.840006
vt 0.966253 0.826863
vt 0.948647 0.841966
vt 0.917034 0.866664
vt 0.894150 0.788018
vt 0.927092 0.870347
vt 0.894150 0.906699
vt 0.929899 0.870455
vt 0.931882 0.904229
vt 0.932518 0.870425
vt 0.936418 0.903266
vt 0.934957 0.870278
vt 0.940659 0.902156
vt 0.937220 0.870236
vt 0.944612 0.900920
vt 0.939343 0.870146
vt 0.948286 0.899573
vt 0.941320 0.870010
vt 0.951686 0.898134
vt 0.943150 0.869831
vt 0.954816 0.896619
vt 0.944839 0.869610
vt 0.957680 0.895048
vt 0.946389 0.869349
vt 0.960287 0.893440
vt 0.947807 0.869050
vt 0.962646 0.891815
vt 0.949097 0.868715
vt 0.964769 0.890191
vt 0.950265 0.868346
vt 0.966672 0.888583
vt 0.951329 0.867962
vt 0.968368 0.887008
vt 0.952315 0.867559
vt 0.969874 0.885479
vt 0.953228 0.867139
vt 0.971251 0.883953
vt 0.954069 0.866703
vt 0.972506 0.882434
vt 0.954843 0.866251
vt 0.973646 0.880925
vt 0.955551 0.865785
vt 0.974678 0.879431
vt 0.956196 0.865305
vt 0.975609 0.877953
vt 0.956783 0.864813
vt 0.976445 0.876491
vt 0.957313 0.864309
vt 0.977194 0.875046
vt 0.957790 0.863793
vt 0.977863 0.873617
vt 0.958217 0.863267
vt 0.978456 0.872200
vt 0.958598 0.862730
vt 0.978978 0.870794
vt 0.958938 0.862189
vt 0.979435 0.869395
vt 0.959245 0.861648
vt 0.979827 0.868008
vt 0.959520 0.861108
vt 0.980155 0.866640
vt 0.959763 0.860568
vt 0.980424 0.865289
vt 0.959975 0.860028
vt 0.980635 0.863954
vt 0.960158 0.859489
vt 0.980792 0.862633
vt 0.960313 0.858950
vt 0.980897 0.861324
vt 0.960440 0.858412
vt 0.980949 0.860025
vt 0.960540 0.857875
vt 0.980950 0.858734
vt 0.960614 0.857339
vt 0.980900 0.857449
vt 0.960664 0.856804
vt 0.980798 0.856167
vt 0.960690 0.856270
vt 0.980643 0.854887
vt 0.960695 0.855869
vt 0.980431 0.853608
vt 0.960685 0.855475
vt 0.980304 0.852872
vt 0.960662 0.855089
vt 0.980168 0.852159
vt 0.960625 0.854709
vt 0.980024 0.851466
vt 0.960575 0.854336
vt 0.979872 0.850791
vt 0.960512 0.853968
vt 0.979712 0.850132
vt 0.960436 0.853604
vt 0.979545 0.849486
vt 0.960349 0.853246
vt 0.979371 0.848853
vt 0.960249 0.852891
vt 0.979188 0.848228
vt 0.960137 0.852538
vt 0.978998 0.847610
vt 0.960013 0.852189
vt 0.978799 0.846997
vt 0.959876 0.851841
vt 0.978590 0.846386
vt 0.959726 0.851495
vt 0.978370 0.845775
vt 0.959561 0.851150
vt 0.978138 0.845161
vt 0.959380 0.850806
vt 0.977892 0.844541
vt 0.959182 0.850461
vt 0.977630 0.843911
vt 0.958967 0.850115
vt 0.977350 0.843270
vt 0.958735 0.849768
vt 0.977049 0.842615
vt 0.958484 0.849420
vt 0.976725 0.841944
vt 0.958213 0.849070
vt 0.976375 0.841255
vt 0.957923 0.848718
vt 0.975997 0.840548
vt 0.957611 0.848364
vt 0.975587 0.839821
vt 0.957278 0.848008
vt 0.975142 0.839075
vt 0.956923 0.847650
vt 0.974660 0.838309
vt 0.956723 0.847454
vt 0.974139 0.837527
vt 0.956516 0.847257
vt 0.973931 0.837197
vt 0.956300 0.847058
vt 0.973717 0.836861
vt 0.956075 0.846858
vt 0.973495 0.836517
vt 0.955841 0.846657
vt 0.973266 0.836166
vt 0.955598 0.846453
vt 0.973029 0.835807
vt 0.955345 0.846248
vt 0.972784 0.835442
vt 0.955082 0.846041
vt 0.972530 0.835069
vt 0.954809 0.845832
vt 0.972268 0.834688
vt 0.954525 0.845621
vt 0.971998 0.834300
vt 0.954230 0.845407
vt 0.971719 0.833904
vt 0.953923 0.845192
vt 0.971430 0.833501
vt 0.953602 0.844971
vt 0.971133 0.833090
vt 0.953262 0.844742
vt 0.970823 0.832666
vt 0.952902 0.844506
vt 0.970496 0.832225
vt 0.952523 0.844261
vt 0.970152 0.831767
vt 0.952123 0.844008
vt 0.969791 0.831291
vt 0.951701 0.843745
vt 0.969412 0.830798
vt 0.951256 0.843474
vt 0.969015 0.830288
vt 0.950787 0.843193
vt 0.968600 0.829760
vt 0.950293 0.842902
vt 0.968167 0.829215
vt 0.949773 0.842601
vt 0.967716 0.828654
vt 0.949224 0.842289
vt 0.967246 0.828074
vt 0.966759 0.827477
vt 0.118744 0.601727
vt 0.135216 0.627047
vt 0.117474 0.602675
vt 0.119957 0.600741
vt 0.137330 0.625448
vt 0.121119 0.599715
vt 0.139371 0.623790
vt 0.122231 0.598648
vt 0.141342 0.622074
vt 0.123296 0.597537
vt 0.143246 0.620299
vt 0.124316 0.596379
vt 0.145086 0.618462
vt 0.125293 0.595171
vt 0.146863 0.616562
vt 0.126228 0.593910
vt 0.148581 0.614597
vt 0.127124 0.592594
vt 0.150241 0.612563
vt 0.127980 0.591217
vt 0.151843 0.610458
vt 0.128798 0.589777
vt 0.153389 0.608278
vt 0.129577 0.588269
vt 0.154879 0.606021
vt 0.130458 0.586385
vt 0.156312 0.603683
vt 0.131247 0.584507
vt 0.157865 0.600939
vt 0.131950 0.582636
vt 0.159296 0.598199
vt 0.132568 0.580771
vt 0.160613 0.595463
vt 0.133103 0.578910
vt 0.161820 0.592733
vt 0.133558 0.577051
vt 0.162925 0.590007
vt 0.133933 0.575190
vt 0.163933 0.587285
vt 0.134228 0.573322
vt 0.164848 0.584563
vt 0.134445 0.571444
vt 0.165678 0.581837
vt 0.134582 0.569549
vt 0.166425 0.579105
vt 0.134640 0.567631
vt 0.167095 0.576360
vt 0.134617 0.565684
vt 0.167692 0.573596
vt 0.134516 0.563700
vt 0.168219 0.570808
vt 0.134339 0.561670
vt 0.168680 0.567988
vt 0.134082 0.559588
vt 0.169078 0.565129
vt 0.133742 0.557450
vt 0.169414 0.562227
vt 0.133316 0.555248
vt 0.169693 0.559275
vt 0.132798 0.552976
vt 0.169915 0.556268
vt 0.132182 0.550627
vt 0.170085 0.553198
vt 0.131458 0.548195
vt 0.170204 0.550058
vt 0.130618 0.545674
vt 0.170276 0.546841
vt 0.129652 0.543053
vt 0.170304 0.543536
vt 0.128554 0.540323
vt 0.170293 0.540135
vt 0.127311 0.537475
vt 0.170247 0.536624
vt 0.127197 0.536691
vt 0.170173 0.532991
vt 0.127322 0.535287
vt 0.170391 0.532204
vt 0.127435 0.533892
vt 0.170537 0.530746
vt 0.127538 0.532505
vt 0.170678 0.529285
vt 0.127631 0.531126
vt 0.170813 0.527821
vt 0.127713 0.529755
vt 0.170942 0.526354
vt 0.127786 0.528389
vt 0.171063 0.524884
vt 0.127849 0.527029
vt 0.171175 0.523410
vt 0.127903 0.525674
vt 0.171278 0.521931
vt 0.127948 0.524324
vt 0.171370 0.520448
vt 0.127984 0.522977
vt 0.171452 0.518960
vt 0.128011 0.521632
vt 0.171522 0.517466
vt 0.128030 0.520290
vt 0.171579 0.515966
vt 0.128039 0.518953
vt 0.171622 0.514459
vt 0.128040 0.517622
vt 0.171653 0.512949
vt 0.128032 0.516297
vt 0.171669 0.511438
vt 0.128015 0.514978
vt 0.171672 0.509927
vt 0.127990 0.513664
vt 0.171659 0.508416
vt 0.127957 0.512355
vt 0.171632 0.506903
vt 0.127915 0.511049
vt 0.171588 0.505390
vt 0.127865 0.509747
vt 0.171529 0.503875
vt 0.127808 0.508448
vt 0.171453 0.502358
vt 0.127742 0.507150
vt 0.171359 0.500840
vt 0.127669 0.505855
vt 0.171249 0.499320
vt 0.127588 0.504561
vt 0.171120 0.497797
vt 0.127500 0.503268
vt 0.170973 0.496272
vt 0.127403 0.501976
vt 0.170806 0.494745
vt 0.127299 0.500686
vt 0.170622 0.493217
vt 0.127187 0.499396
vt 0.170417 0.491688
vt 0.127067 0.498106
vt 0.170193 0.490158
vt 0.126939 0.496815
vt 0.169949 0.488626
vt 0.126804 0.495523
vt 0.169684 0.487092
vt 0.126660 0.494230
vt 0.169397 0.485555
vt 0.126509 0.492934
vt 0.169089 0.484017
vt 0.126350 0.491636
vt 0.168759 0.482475
vt 0.126184 0.490335
vt 0.168406 0.480931
vt 0.126009 0.489030
vt 0.168030 0.479383
vt 0.125827 0.487726
vt 0.167631 0.477833
vt 0.125638 0.486425
vt 0.167209 0.476284
vt 0.125442 0.485127
vt 0.166764 0.474743
vt 0.125240 0.483833
vt 0.166299 0.473209
vt 0.125031 0.482540
vt 0.165811 0.471683
vt 0.124816 0.481250
vt 0.165301 0.470164
vt 0.124594 0.479962
vt 0.164768 0.468653
vt 0.124366 0.478676
vt 0.164213 0.467149
vt 0.124132 0.477390
vt 0.163635 0.465654
vt 0.123892 0.476106
vt 0.163033 0.464168
vt 0.123645 0.474822
vt 0.162409 0.462690
vt 0.123393 0.473538
vt 0.161761 0.461222
vt 0.122718 0.470524
vt 0.161090 0.459763
vt 0.121956 0.467616
vt 0.159519 0.455998
vt 0.121110 0.464804
vt 0.157897 0.452340
vt 0.120181 0.462079
vt 0.156219 0.448779
vt 0.119173 0.459432
vt 0.154479 0.445307
vt 0.118084 0.456857
vt 0.152670 0.441914
vt 0.116916 0.454344
vt 0.150788 0.438593
vt 0.115667 0.451890
vt 0.148825 0.435338
vt 0.114336 0.449487
vt 0.146776 0.432143
vt 0.112921 0.447133
vt 0.144633 0.429002
vt 0.111418 0.444822
vt 0.142392 0.425912
vt 0.109826 0.442553
vt 0.140043 0.422869
vt 0.108147 0.440333
vt 0.137582 0.419872
vt 0.106382 0.438171
vt 0.135011 0.416931
vt 0.104529 0.436063
vt 0.132333 0.414056
vt 0.102584 0.434008
vt 0.129540 0.411243
vt 0.100542 0.432006
vt 0.126626 0.408494
vt 0.098401 0.430057
vt 0.123582 0.405806
vt 0.096156 0.428163
vt 0.120403 0.403181
vt 0.093804 0.426328
vt 0.117079 0.400622
vt 0.091340 0.424556
vt 0.113603 0.398133
vt 0.088763 0.422854
vt 0.109969 0.395717
vt 0.086070 0.421228
vt 0.106167 0.393382
vt 0.083258 0.419688
vt 0.102190 0.391134
vt 0.081836 0.418702
vt 0.098028 0.388982
vt 0.080403 0.417729
vt 0.095734 0.387872
vt 0.078962 0.416771
vt 0.093376 0.386824
vt 0.077514 0.415829
vt 0.090955 0.385843
vt 0.076061 0.414905
vt 0.088475 0.384935
vt 0.074604 0.414001
vt 0.085937 0.384105
vt 0.073147 0.413119
vt 0.083343 0.383360
vt 0.071693 0.412261
vt 0.080698 0.382706
vt 0.070244 0.411429
vt 0.078003 0.382149
vt 0.068805 0.410624
vt 0.075263 0.381697
vt 0.067378 0.409848
vt 0.072483 0.381358
vt 0.065969 0.409102
vt 0.069667 0.381138
vt 0.064580 0.408390
vt 0.066820 0.381046
vt 0.063214 0.407714
vt 0.063944 0.381091
vt 0.061877 0.407076
vt 0.061042 0.381283
vt 0.060577 0.406477
vt 0.058122 0.381632
vt 0.059320 0.405919
vt 0.055193 0.382149
vt 0.058116 0.405403
vt 0.052264 0.382847
vt 0.056973 0.404931
vt 0.049346 0.383737
vt 0.055902 0.404502
vt 0.046451 0.384834
vt 0.054915 0.404117
vt 0.043593 0.386151
vt 0.053998 0.403818
vt 0.040788 0.387703
vt 0.053134 0.403655
vt 0.038052 0.389505
vt 0.052402 0.403472
vt 0.035406 0.391574
vt 0.042888 0.430522
vt 0.032872 0.393924
vt 0.038961 0.594149
vt 0.017773 0.427952
vt 0.074846 0.608904
vt 0.017773 0.603237
vt 0.075925 0.609245
vt 0.056032 0.633605
vt 0.077009 0.609560
vt 0.058270 0.634830
vt 0.078096 0.609848
vt 0.060505 0.635945
vt 0.079181 0.610108
vt 0.062735 0.636955
vt 0.080261 0.610340
vt 0.064956 0.637864
vt 0.081334 0.610545
vt 0.067164 0.638677
vt 0.082396 0.610722
vt 0.069355 0.639400
vt 0.083446 0.610871
vt 0.071528 0.640035
vt 0.084481 0.610993
vt 0.073681 0.640587
vt 0.085499 0.611089
vt 0.075810 0.641059
vt 0.086499 0.611158
vt 0.077914 0.641456
vt 0.087479 0.611201
vt 0.079992 0.641780
vt 0.088442 0.611221
vt 0.082042 0.642036
vt 0.089386 0.611220
vt 0.084065 0.642226
vt 0.090314 0.611197
vt 0.086066 0.642354
vt 0.091232 0.611156
vt 0.088041 0.642423
vt 0.092132 0.611093
vt 0.089992 0.642434
vt 0.093021 0.611013
vt 0.091916 0.642390
vt 0.093898 0.610915
vt 0.093813 0.642292
vt 0.094754 0.610799
vt 0.095683 0.642144
vt 0.095596 0.610667
vt 0.097525 0.641946
vt 0.096417 0.610516
vt 0.099339 0.641701
vt 0.097223 0.610351
vt 0.101124 0.641410
vt 0.098008 0.610170
vt 0.102880 0.641075
vt 0.100003 0.609836
vt 0.104607 0.640698
vt 0.101919 0.609444
vt 0.107582 0.639976
vt 0.103757 0.608997
vt 0.110472 0.639171
vt 0.105524 0.608498
vt 0.113278 0.638287
vt 0.107221 0.607947
vt 0.116003 0.637327
vt 0.108852 0.607345
vt 0.118648 0.636291
vt 0.110423 0.606694
vt 0.121218 0.635183
vt 0.111935 0.605994
vt 0.123715 0.634004
vt 0.113389 0.605233
vt 0.126142 0.632753
vt 0.114796 0.604430
vt 0.128503 0.631433
vt 0.116156 0.603578
vt 0.130800 0.630042
vt 0.133037 0.628581
vt 0.213480 0.789128
vt 0.198209 0.807885
vt 0.212688 0.788399
vt 0.214322 0.789785
vt 0.200603 0.809110
vt 0.215209 0.790344
vt 0.203016 0.810190
vt 0.216142 0.790829
vt 0.205453 0.811134
vt 0.217131 0.791250
vt 0.207918 0.811945
vt 0.218185 0.791595
vt 0.210417 0.812627
vt 0.219313 0.791871
vt 0.212956 0.813179
vt 0.220507 0.792090
vt 0.215539 0.813600
vt 0.221781 0.792241
vt 0.218170 0.813887
vt 0.223135 0.792325
vt 0.220851 0.814035
vt 0.224570 0.792341
vt 0.223586 0.814036
vt 0.226098 0.792302
vt 0.226372 0.813882
vt 0.226873 0.791669
vt 0.229206 0.813563
vt 0.227686 0.791048
vt 0.231258 0.813226
vt 0.228482 0.790393
vt 0.233279 0.812798
vt 0.229263 0.789705
vt 0.235268 0.812284
vt 0.230027 0.788985
vt 0.237223 0.811688
vt 0.230777 0.788236
vt 0.239143 0.811015
vt 0.231512 0.787457
vt 0.241027 0.810267
vt 0.232234 0.786648
vt 0.242876 0.809449
vt 0.232944 0.785809
vt 0.244689 0.808563
vt 0.233647 0.784940
vt 0.246466 0.807613
vt 0.234339 0.784042
vt 0.248207 0.806600
vt 0.235029 0.783119
vt 0.249912 0.805526
vt 0.235737 0.782181
vt 0.251581 0.804394
vt 0.236446 0.781227
vt 0.253213 0.803207
vt 0.237140 0.780249
vt 0.254808 0.801968
vt 0.237823 0.779246
vt 0.256364 0.800677
vt 0.238490 0.778219
vt 0.257883 0.799336
vt 0.239148 0.777166
vt 0.259363 0.797947
vt 0.239790 0.776090
vt 0.260805 0.796511
vt 0.240417 0.774990
vt 0.262209 0.795030
vt 0.241034 0.773864
vt 0.263575 0.793503
vt 0.241635 0.772713
vt 0.264903 0.791933
vt 0.242227 0.771537
vt 0.266193 0.790319
vt 0.242805 0.770337
vt 0.267445 0.788662
vt 0.243378 0.769114
vt 0.268658 0.786964
vt 0.243936 0.767872
vt 0.269831 0.785227
vt 0.244478 0.766607
vt 0.270963 0.783453
vt 0.245000 0.765322
vt 0.272054 0.781644
vt 0.245506 0.764015
vt 0.273104 0.779800
vt 0.245991 0.762686
vt 0.274112 0.777921
vt 0.246460 0.761336
vt 0.275078 0.776009
vt 0.246907 0.759964
vt 0.276002 0.774064
vt 0.247337 0.758569
vt 0.276883 0.772086
vt 0.247749 0.757152
vt 0.277723 0.770077
vt 0.248137 0.755714
vt 0.278519 0.768035
vt 0.248508 0.754254
vt 0.279272 0.765962
vt 0.248861 0.752777
vt 0.279982 0.763859
vt 0.249193 0.751290
vt 0.280645 0.761732
vt 0.249497 0.749792
vt 0.281262 0.759587
vt 0.249776 0.748284
vt 0.281830 0.757426
vt 0.250030 0.746767
vt 0.282351 0.755249
vt 0.250260 0.745239
vt 0.282824 0.753057
vt 0.250465 0.743703
vt 0.283249 0.750851
vt 0.250645 0.742158
vt 0.283626 0.748631
vt 0.250800 0.740606
vt 0.283955 0.746398
vt 0.250929 0.739046
vt 0.284236 0.744153
vt 0.251027 0.737479
vt 0.284469 0.741896
vt 0.251099 0.735906
vt 0.284653 0.739629
vt 0.251146 0.734329
vt 0.284787 0.737351
vt 0.251162 0.732751
vt 0.284873 0.735067
vt 0.251148 0.731172
vt 0.284909 0.732781
vt 0.251102 0.729593
vt 0.284895 0.730493
vt 0.251025 0.728014
vt 0.284832 0.728204
vt 0.250918 0.726435
vt 0.284719 0.725914
vt 0.250779 0.724858
vt 0.284557 0.723625
vt 0.250609 0.723280
vt 0.284344 0.721337
vt 0.250407 0.721703
vt 0.284082 0.719051
vt 0.250174 0.720128
vt 0.283769 0.716768
vt 0.249910 0.718556
vt 0.283406 0.714488
vt 0.249615 0.716983
vt 0.282992 0.712213
vt 0.249290 0.715419
vt 0.282528 0.709942
vt 0.248938 0.713868
vt 0.282015 0.707687
vt 0.248558 0.712334
vt 0.281456 0.705455
vt 0.248152 0.710815
vt 0.280851 0.703247
vt 0.247721 0.709309
vt 0.280201 0.701064
vt 0.247264 0.707820
vt 0.279505 0.698906
vt 0.246782 0.706353
vt 0.278766 0.696776
vt 0.246276 0.704907
vt 0.277984 0.694672
vt 0.245744 0.703483
vt 0.277159 0.692596
vt 0.245189 0.702080
vt 0.276291 0.690550
vt 0.244609 0.700699
vt 0.275382 0.688532
vt 0.244007 0.699339
vt 0.274432 0.686545
vt 0.243385 0.698012
vt 0.273441 0.684588
vt 0.242747 0.696726
vt 0.272417 0.682674
vt 0.242093 0.695481
vt 0.271367 0.680816
vt 0.241425 0.694275
vt 0.270293 0.679014
vt 0.240743 0.693108
vt 0.269196 0.677267
vt 0.240049 0.691978
vt 0.268079 0.675575
vt 0.239342 0.690884
vt 0.266941 0.673935
vt 0.238624 0.689824
vt 0.265785 0.672349
vt 0.237895 0.688798
vt 0.264613 0.670815
vt 0.237156 0.687804
vt 0.263424 0.669331
vt 0.236406 0.686841
vt 0.262220 0.667898
vt 0.235647 0.685907
vt 0.261001 0.666513
vt 0.234878 0.685002
vt 0.259770 0.665176
vt 0.234261 0.684091
vt 0.258527 0.663886
vt 0.233647 0.683208
vt 0.257272 0.662643
vt 0.233037 0.682351
vt 0.256007 0.661445
vt 0.232432 0.681518
vt 0.254731 0.660292
vt 0.231833 0.680709
vt 0.253444 0.659182
vt 0.231239 0.679922
vt 0.252146 0.658115
vt 0.230652 0.679156
vt 0.250837 0.657090
vt 0.230072 0.678410
vt 0.249516 0.656106
vt 0.229498 0.677682
vt 0.248183 0.655163
vt 0.228930 0.676973
vt 0.246838 0.654259
vt 0.228369 0.676280
vt 0.245479 0.653394
vt 0.227816 0.675604
vt 0.244106 0.652568
vt 0.227270 0.674944
vt 0.242719 0.651782
vt 0.226733 0.674300
vt 0.241318 0.651035
vt 0.226204 0.673671
vt 0.239904 0.650328
vt 0.225681 0.673057
vt 0.238474 0.649661
vt 0.225165 0.672459
vt 0.237028 0.649034
vt 0.224654 0.671877
vt 0.235565 0.648448
vt 0.224147 0.671311
vt 0.234084 0.647903
vt 0.223644 0.670763
vt 0.232585 0.647401
vt 0.223144 0.670233
vt 0.231067 0.646942
vt 0.222644 0.669723
vt 0.229528 0.646529
vt 0.222139 0.669242
vt 0.227970 0.646162
vt 0.221627 0.668790
vt 0.226390 0.645844
vt 0.221117 0.668363
vt 0.224791 0.645578
vt 0.220609 0.667959
vt 0.223175 0.645365
vt 0.220103 0.667581
vt 0.221541 0.645208
vt 0.219599 0.667231
vt 0.219891 0.645109
vt 0.219095 0.666911
vt 0.218223 0.645071
vt 0.218590 0.666622
vt 0.216540 0.645098
vt 0.218084 0.666369
vt 0.214840 0.645191
vt 0.217576 0.666153
vt 0.213125 0.645354
vt 0.216752 0.666405
vt 0.211397 0.645591
vt 0.215918 0.666677
vt 0.209655 0.645905
vt 0.215075 0.666973
vt 0.207904 0.646298
vt 0.214083 0.668085
vt 0.206144 0.646773
vt 0.213089 0.669211
vt 0.204201 0.647417
vt 0.212095 0.670352
vt 0.202288 0.648142
vt 0.211103 0.671507
vt 0.200408 0.648941
vt 0.210113 0.672679
vt 0.198564 0.649810
vt 0.209484 0.673261
vt 0.196756 0.650744
vt 0.208891 0.673855
vt 0.194988 0.651738
vt 0.208336 0.674460
vt 0.193257 0.652791
vt 0.207823 0.675073
vt 0.191564 0.653904
vt 0.207355 0.675687
vt 0.189906 0.655075
vt 0.206940 0.676297
vt 0.188283 0.656304
vt 0.206534 0.676989
vt 0.186694 0.657594
vt 0.205685 0.678615
vt 0.185139 0.658943
vt 0.204836 0.680246
vt 0.183617 0.660351
vt 0.203987 0.681886
vt 0.182132 0.661815
vt 0.203138 0.683538
vt 0.180686 0.663328
vt 0.202289 0.685203
vt 0.179279 0.664890
vt 0.201440 0.686883
vt 0.177913 0.666494
vt 0.200592 0.688579
vt 0.176588 0.668139
vt 0.199744 0.690292
vt 0.175306 0.669821
vt 0.199333 0.691208
vt 0.174068 0.671535
vt 0.198950 0.692161
vt 0.172873 0.673280
vt 0.198596 0.693153
vt 0.171720 0.675056
vt 0.198270 0.694184
vt 0.170608 0.676864
vt 0.197684 0.695486
vt 0.169535 0.678704
vt 0.197112 0.696806
vt 0.168501 0.680575
vt 0.196564 0.698143
vt 0.167508 0.682474
vt 0.196036 0.699498
vt 0.166555 0.684402
vt 0.195531 0.700871
vt 0.165643 0.686358
vt 0.195047 0.702263
vt 0.164773 0.688342
vt 0.194581 0.703673
vt 0.163943 0.690352
vt 0.194140 0.705102
vt 0.163155 0.692390
vt 0.193720 0.706549
vt 0.162409 0.694454
vt 0.193325 0.708014
vt 0.161705 0.696545
vt 0.192952 0.709498
vt 0.161043 0.698662
vt 0.192603 0.711000
vt 0.160425 0.700805
vt 0.192274 0.712515
vt 0.159850 0.702973
vt 0.191968 0.714037
vt 0.159321 0.705160
vt 0.191688 0.715566
vt 0.158839 0.707359
vt 0.191434 0.717101
vt 0.158404 0.709570
vt 0.191210 0.718643
vt 0.158017 0.711792
vt 0.191013 0.720190
vt 0.157677 0.714023
vt 0.190841 0.721742
vt 0.157385 0.716265
vt 0.190696 0.723300
vt 0.157140 0.718516
vt 0.190576 0.724861
vt 0.156944 0.720775
vt 0.190484 0.726426
vt 0.156797 0.723042
vt 0.190418 0.727994
vt 0.156698 0.725316
vt 0.190377 0.729565
vt 0.156648 0.727597
vt 0.190370 0.731135
vt 0.156648 0.729883
vt 0.190392 0.732703
vt 0.156698 0.732171
vt 0.190445 0.734267
vt 0.156798 0.734458
vt 0.190528 0.735829
vt 0.156949 0.736742
vt 0.190643 0.737386
vt 0.157150 0.739023
vt 0.190788 0.738938
vt 0.157401 0.741300
vt 0.190965 0.740486
vt 0.157704 0.743572
vt 0.191171 0.742029
vt 0.158058 0.745838
vt 0.191409 0.743566
vt 0.158463 0.748097
vt 0.191676 0.745098
vt 0.158921 0.750349
vt 0.191974 0.746623
vt 0.159430 0.752593
vt 0.192302 0.748141
vt 0.159991 0.754827
vt 0.192659 0.749647
vt 0.160606 0.757050
vt 0.193041 0.751132
vt 0.161270 0.759254
vt 0.193449 0.752598
vt 0.161983 0.761429
vt 0.193880 0.754045
vt 0.162743 0.763575
vt 0.194335 0.755474
vt 0.163551 0.765691
vt 0.194811 0.756884
vt 0.164404 0.767775
vt 0.195309 0.758276
vt 0.165304 0.769828
vt 0.195827 0.759650
vt 0.166249 0.771847
vt 0.196364 0.761012
vt 0.167240 0.773832
vt 0.196919 0.762357
vt 0.168275 0.775782
vt 0.197489 0.763691
vt 0.169354 0.777695
vt 0.198072 0.765024
vt 0.170477 0.779571
vt 0.199138 0.767525
vt 0.171645 0.781410
vt 0.200230 0.769929
vt 0.173704 0.784521
vt 0.201352 0.772175
vt 0.175789 0.787454
vt 0.202499 0.774276
vt 0.177902 0.790211
vt 0.203671 0.776251
vt 0.180043 0.792797
vt 0.204868 0.778114
vt 0.182214 0.795217
vt 0.206097 0.779921
vt 0.184412 0.797477
vt 0.207357 0.781656
vt 0.186639 0.799581
vt 0.208713 0.783487
vt 0.188894 0.801533
vt 0.210269 0.785541
vt 0.191180 0.803339
vt 0.211467 0.786996
vt 0.193494 0.805000
vt 0.195837 0.806514
vt 0.401205 0.592743
vt 0.376463 0.572651
vt 0.402866 0.590096
vt 0.399443 0.595381
vt 0.375418 0.574514
vt 0.397574 0.598009
vt 0.374327 0.576348
vt 0.395590 0.600622
vt 0.373161 0.578142
vt 0.393484 0.603218
vt 0.371915 0.579893
vt 0.391247 0.605794
vt 0.370593 0.581595
vt 0.388871 0.608345
vt 0.369180 0.583249
vt 0.386347 0.610866
vt 0.367668 0.584850
vt 0.383667 0.613350
vt 0.366063 0.586390
vt 0.380822 0.615792
vt 0.364359 0.587865
vt 0.377801 0.618183
vt 0.362550 0.589268
vt 0.374595 0.620515
vt 0.360629 0.590593
vt 0.371567 0.621681
vt 0.358580 0.591827
vt 0.368580 0.622715
vt 0.356956 0.592764
vt 0.365635 0.623625
vt 0.355346 0.593612
vt 0.362730 0.624417
vt 0.353745 0.594386
vt 0.359864 0.625096
vt 0.352163 0.595083
vt 0.357036 0.625669
vt 0.350604 0.595705
vt 0.354243 0.626138
vt 0.349069 0.596254
vt 0.351485 0.626509
vt 0.347560 0.596731
vt 0.348760 0.626785
vt 0.346077 0.597136
vt 0.346065 0.626968
vt 0.344615 0.597478
vt 0.343398 0.627061
vt 0.343181 0.597751
vt 0.340759 0.627065
vt 0.341775 0.597955
vt 0.338148 0.626982
vt 0.340410 0.598091
vt 0.335568 0.626814
vt 0.339092 0.598167
vt 0.333016 0.626562
vt 0.337820 0.598169
vt 0.330491 0.626225
vt 0.336588 0.598105
vt 0.327988 0.625806
vt 0.335394 0.597974
vt 0.325505 0.625304
vt 0.334237 0.597776
vt 0.323040 0.624717
vt 0.333116 0.597520
vt 0.320590 0.624045
vt 0.332031 0.597197
vt 0.318151 0.623286
vt 0.330979 0.596805
vt 0.315722 0.622437
vt 0.329960 0.596352
vt 0.313299 0.621497
vt 0.328973 0.595828
vt 0.310881 0.620460
vt 0.328015 0.595238
vt 0.308468 0.619325
vt 0.327106 0.594588
vt 0.306064 0.618094
vt 0.325480 0.593242
vt 0.303673 0.616768
vt 0.323863 0.591866
vt 0.301298 0.615348
vt 0.322251 0.590462
vt 0.298943 0.613837
vt 0.320323 0.588728
vt 0.296613 0.612239
vt 0.318517 0.587086
vt 0.294310 0.610555
vt 0.316833 0.585544
vt 0.292035 0.608787
vt 0.315214 0.584043
vt 0.289791 0.606935
vt 0.313621 0.582526
vt 0.287579 0.605000
vt 0.312065 0.581015
vt 0.285400 0.602982
vt 0.310529 0.579473
vt 0.283257 0.600883
vt 0.309012 0.577894
vt 0.281151 0.598704
vt 0.307514 0.576276
vt 0.279086 0.596447
vt 0.306032 0.574591
vt 0.277065 0.594115
vt 0.304574 0.572861
vt 0.275085 0.591706
vt 0.303141 0.571084
vt 0.273150 0.589223
vt 0.301727 0.569235
vt 0.271259 0.586664
vt 0.300336 0.567333
vt 0.269411 0.584031
vt 0.298969 0.565373
vt 0.267609 0.581325
vt 0.297629 0.563369
vt 0.265851 0.578545
vt 0.296313 0.561300
vt 0.264138 0.575693
vt 0.295024 0.559164
vt 0.262469 0.572768
vt 0.293762 0.556958
vt 0.260844 0.569772
vt 0.292528 0.554678
vt 0.259817 0.567702
vt 0.291324 0.552337
vt 0.258819 0.565592
vt 0.290523 0.550838
vt 0.257852 0.563442
vt 0.289732 0.549308
vt 0.256916 0.561252
vt 0.288952 0.547734
vt 0.256011 0.559024
vt 0.288186 0.546127
vt 0.255140 0.556758
vt 0.287433 0.544487
vt 0.254303 0.554456
vt 0.286695 0.542814
vt 0.253500 0.552118
vt 0.285972 0.541108
vt 0.252733 0.549746
vt 0.285265 0.539369
vt 0.252003 0.547340
vt 0.284576 0.537617
vt 0.251309 0.544901
vt 0.283908 0.535864
vt 0.250653 0.542430
vt 0.283264 0.534084
vt 0.250039 0.539939
vt 0.282644 0.532275
vt 0.249471 0.537440
vt 0.282055 0.530447
vt 0.248949 0.534934
vt 0.281503 0.528616
vt 0.248471 0.532421
vt 0.280987 0.526781
vt 0.248039 0.529901
vt 0.280508 0.524935
vt 0.247651 0.527374
vt 0.280066 0.523076
vt 0.247307 0.524840
vt 0.279661 0.521204
vt 0.247007 0.522298
vt 0.279293 0.519319
vt 0.246751 0.519749
vt 0.278961 0.517419
vt 0.246539 0.517192
vt 0.278667 0.515505
vt 0.246369 0.514627
vt 0.278410 0.513575
vt 0.246244 0.512053
vt 0.278190 0.511627
vt 0.246162 0.509477
vt 0.278008 0.509663
vt 0.246124 0.506903
vt 0.277864 0.507686
vt 0.246129 0.504331
vt 0.277761 0.505702
vt 0.246177 0.501760
vt 0.277698 0.503711
vt 0.246268 0.499192
vt 0.277674 0.501713
vt 0.246401 0.496625
vt 0.277689 0.499707
vt 0.246576 0.494058
vt 0.277735 0.497694
vt 0.246794 0.491492
vt 0.277812 0.495673
vt 0.247053 0.488926
vt 0.277913 0.493645
vt 0.247354 0.486360
vt 0.278046 0.491611
vt 0.247698 0.483794
vt 0.278211 0.489573
vt 0.248085 0.481228
vt 0.278409 0.487530
vt 0.248514 0.478669
vt 0.278639 0.485482
vt 0.248984 0.476127
vt 0.278886 0.483439
vt 0.249494 0.473603
vt 0.279164 0.481410
vt 0.250047 0.471096
vt 0.279469 0.479396
vt 0.250641 0.468604
vt 0.279809 0.477396
vt 0.251278 0.466127
vt 0.280186 0.475409
vt 0.251958 0.463664
vt 0.280589 0.473436
vt 0.252681 0.461215
vt 0.281029 0.471475
vt 0.253450 0.458780
vt 0.281495 0.469527
vt 0.254264 0.456358
vt 0.282000 0.467591
vt 0.255124 0.453949
vt 0.282533 0.465667
vt 0.256031 0.451552
vt 0.283104 0.463755
vt 0.256987 0.449170
vt 0.283694 0.461852
vt 0.257991 0.446805
vt 0.284303 0.459960
vt 0.259045 0.444456
vt 0.284940 0.458083
vt 0.260151 0.442125
vt 0.285606 0.456225
vt 0.261310 0.439810
vt 0.286311 0.454384
vt 0.262525 0.437513
vt 0.287057 0.452559
vt 0.263796 0.435235
vt 0.287837 0.450752
vt 0.265126 0.432976
vt 0.288661 0.448962
vt 0.266517 0.430737
vt 0.289522 0.447190
vt 0.267969 0.428519
vt 0.290431 0.445435
vt 0.269486 0.426326
vt 0.291382 0.443700
vt 0.271068 0.424157
vt 0.292385 0.441982
vt 0.272717 0.422015
vt 0.293389 0.440270
vt 0.274438 0.419905
vt 0.294376 0.438557
vt 0.276231 0.417829
vt 0.295391 0.436869
vt 0.278101 0.415791
vt 0.296458 0.435213
vt 0.280050 0.413796
vt 0.297582 0.433592
vt 0.282082 0.411846
vt 0.298756 0.432009
vt 0.284200 0.409948
vt 0.299994 0.430463
vt 0.286406 0.408106
vt 0.301288 0.428958
vt 0.288701 0.406328
vt 0.302645 0.427496
vt 0.291086 0.404618
vt 0.304066 0.426080
vt 0.293563 0.402986
vt 0.305555 0.424710
vt 0.296131 0.401438
vt 0.307116 0.423389
vt 0.298384 0.400215
vt 0.308753 0.422129
vt 0.300649 0.399097
vt 0.310163 0.421490
vt 0.302925 0.398082
vt 0.311572 0.420899
vt 0.305208 0.397165
vt 0.312971 0.420355
vt 0.307494 0.396344
vt 0.314359 0.419859
vt 0.309783 0.395616
vt 0.315734 0.419412
vt 0.312072 0.394978
vt 0.317094 0.419015
vt 0.314360 0.394428
vt 0.318437 0.418669
vt 0.316647 0.393965
vt 0.319765 0.418374
vt 0.318931 0.393586
vt 0.321075 0.418132
vt 0.321213 0.393289
vt 0.322369 0.417943
vt 0.323492 0.393074
vt 0.323648 0.417808
vt 0.325765 0.392940
vt 0.324900 0.417732
vt 0.328028 0.392886
vt 0.326120 0.417705
vt 0.330281 0.392909
vt 0.327312 0.417735
vt 0.332527 0.393011
vt 0.328478 0.417822
vt 0.334766 0.393189
vt 0.329618 0.417956
vt 0.336999 0.393445
vt 0.330735 0.418150
vt 0.339228 0.393778
vt 0.331829 0.418406
vt 0.341454 0.394189
vt 0.332905 0.418726
vt 0.343671 0.394675
vt 0.335031 0.419516
vt 0.345880 0.395236
vt 0.336089 0.419941
vt 0.348083 0.395873
vt 0.337133 0.420422
vt 0.350282 0.396587
vt 0.338166 0.420960
vt 0.352478 0.397379
vt 0.339185 0.421556
vt 0.354670 0.398249
vt 0.340182 0.422207
vt 0.356860 0.399200
vt 0.341156 0.422915
vt 0.359051 0.400233
vt 0.342118 0.423687
vt 0.361244 0.401354
vt 0.343064 0.424524
vt 0.363438 0.402560
vt 0.344649 0.425801
vt 0.365629 0.403853
vt 0.346228 0.427114
vt 0.367815 0.405231
vt 0.347804 0.428466
vt 0.369994 0.406696
vt 0.349364 0.429837
vt 0.372162 0.408246
vt 0.350910 0.431231
vt 0.374319 0.409881
vt 0.352444 0.432654
vt 0.376461 0.411603
vt 0.353961 0.434090
vt 0.378586 0.413408
vt 0.355466 0.435563
vt 0.380688 0.415296
vt 0.356958 0.437079
vt 0.382768 0.417267
vt 0.358432 0.438639
vt 0.384822 0.419320
vt 0.359894 0.440261
vt 0.386851 0.421455
vt 0.361340 0.441933
vt 0.388853 0.423673
vt 0.362769 0.443659
vt 0.390827 0.425974
vt 0.364182 0.445442
vt 0.392773 0.428358
vt 0.365577 0.447286
vt 0.394689 0.430824
vt 0.366955 0.449194
vt 0.396576 0.433373
vt 0.368313 0.451169
vt 0.398432 0.436005
vt 0.369652 0.453216
vt 0.400258 0.438719
vt 0.370971 0.455337
vt 0.401453 0.440596
vt 0.372267 0.457536
vt 0.402626 0.442521
vt 0.373140 0.458952
vt 0.403777 0.444494
vt 0.374006 0.460401
vt 0.404904 0.446514
vt 0.374866 0.461892
vt 0.406005 0.448581
vt 0.375715 0.463418
vt 0.407081 0.450695
vt 0.376555 0.464988
vt 0.408129 0.452854
vt 0.377385 0.466593
vt 0.409149 0.455058
vt 0.378202 0.468234
vt 0.410139 0.457305
vt 0.379007 0.469910
vt 0.411099 0.459596
vt 0.379798 0.471623
vt 0.412026 0.461929
vt 0.380575 0.473371
vt 0.412922 0.464303
vt 0.381336 0.475146
vt 0.413779 0.466708
vt 0.382076 0.476921
vt 0.414593 0.469129
vt 0.382790 0.478720
vt 0.415365 0.471568
vt 0.383471 0.480532
vt 0.416093 0.474023
vt 0.384121 0.482356
vt 0.416779 0.476494
vt 0.384737 0.484190
vt 0.417422 0.478982
vt 0.385319 0.486034
vt 0.418023 0.481486
vt 0.385867 0.487896
vt 0.418582 0.484007
vt 0.386380 0.489775
vt 0.419098 0.486545
vt 0.386858 0.491673
vt 0.419572 0.489099
vt 0.387301 0.493587
vt 0.420003 0.491671
vt 0.387708 0.495521
vt 0.420392 0.494260
vt 0.388078 0.497476
vt 0.420738 0.496861
vt 0.388412 0.499454
vt 0.421040 0.499469
vt 0.388706 0.501449
vt 0.421298 0.502085
vt 0.388960 0.503456
vt 0.421513 0.504708
vt 0.389174 0.505476
vt 0.421685 0.507338
vt 0.389347 0.507510
vt 0.421813 0.509977
vt 0.389480 0.509557
vt 0.421899 0.512625
vt 0.389581 0.511618
vt 0.421942 0.515283
vt 0.389650 0.513692
vt 0.421942 0.517950
vt 0.389687 0.515780
vt 0.421899 0.520627
vt 0.389689 0.517880
vt 0.421812 0.523315
vt 0.389665 0.519991
vt 0.421682 0.526014
vt 0.389605 0.522114
vt 0.421507 0.528716
vt 0.389518 0.524247
vt 0.421288 0.531411
vt 0.389413 0.526381
vt 0.421024 0.534099
vt 0.389273 0.528506
vt 0.420715 0.536781
vt 0.389103 0.530620
vt 0.420360 0.539459
vt 0.388892 0.532725
vt 0.419958 0.542133
vt 0.388650 0.534821
vt 0.419508 0.544805
vt 0.388367 0.536908
vt 0.419010 0.547474
vt 0.388052 0.538986
vt 0.418460 0.550143
vt 0.387694 0.541057
vt 0.417860 0.552812
vt 0.387302 0.543119
vt 0.417205 0.555480
vt 0.386865 0.545173
vt 0.416496 0.558150
vt 0.386392 0.547219
vt 0.415731 0.560820
vt 0.385885 0.549260
vt 0.414908 0.563488
vt 0.385364 0.551293
vt 0.414025 0.566154
vt 0.384805 0.553312
vt 0.413078 0.568819
vt 0.384199 0.555318
vt 0.412066 0.571483
vt 0.383554 0.557307
vt 0.410985 0.574146
vt 0.382857 0.559281
vt 0.409832 0.576808
vt 0.382105 0.561242
vt 0.408604 0.579470
vt 0.381307 0.563184
vt 0.407297 0.582130
vt 0.380448 0.565112
vt 0.405907 0.584788
vt 0.379537 0.567020
vt 0.404432 0.587444
vt 0.378560 0.568912
vt 0.377523 0.570782
vt 0.488225 0.150521
vt 0.545046 0.177880
vt 0.515363 0.179019
vt 0.513330 0.051188
vt 0.532306 0.144433
vt 0.514728 0.046371
vt 0.544795 0.052826
vt 0.516044 0.041969
vt 0.544973 0.047701
vt 0.517272 0.037956
vt 0.545046 0.042741
vt 0.518405 0.034312
vt 0.544975 0.037959
vt 0.519438 0.031021
vt 0.544728 0.033372
vt 0.520369 0.028077
vt 0.544278 0.028999
vt 0.521192 0.025474
vt 0.543605 0.024861
vt 0.521834 0.023700
vt 0.542701 0.020998
vt 0.522403 0.022037
vt 0.541503 0.017337
vt 0.522918 0.020487
vt 0.539998 0.013953
vt 0.523388 0.019039
vt 0.538178 0.010904
vt 0.523748 0.017874
vt 0.536061 0.008262
vt 0.523522 0.017703
vt 0.533331 0.005851
vt 0.522777 0.018040
vt 0.532904 0.005517
vt 0.521796 0.018506
vt 0.530513 0.004030
vt 0.520541 0.019014
vt 0.527923 0.002836
vt 0.518947 0.019588
vt 0.525157 0.001885
vt 0.516987 0.020297
vt 0.522217 0.001139
vt 0.514693 0.021224
vt 0.519093 0.000578
vt 0.512126 0.022267
vt 0.515780 0.000190
vt 0.509284 0.023408
vt 0.512284 -0.000031
vt 0.506157 0.024638
vt 0.508617 -0.000099
vt 0.502729 0.025949
vt 0.504787 -0.000028
vt 0.498983 0.027329
vt 0.500804 0.000163
vt 0.494896 0.028769
vt 0.496674 0.000451
vt 0.402037 0.063434
vt 0.492402 0.000809
vt 0.378669 0.040813
vt 0.412671 0.015834
vt 0.282816 0.158329
vt 0.364996 0.005735
vt 0.309988 0.186843
vt 0.253103 0.159466
vt 0.284835 0.286580
vt 0.265817 0.192911
vt 0.283450 0.291411
vt 0.253082 0.284711
vt 0.282142 0.295835
vt 0.252861 0.289862
vt 0.280923 0.299876
vt 0.252741 0.294857
vt 0.279804 0.303549
vt 0.252762 0.299684
vt 0.278788 0.306220
vt 0.252950 0.304294
vt 0.277886 0.308723
vt 0.253361 0.308807
vt 0.277069 0.311050
vt 0.254046 0.313151
vt 0.276324 0.313210
vt 0.255048 0.317295
vt 0.275652 0.315217
vt 0.256402 0.321181
vt 0.275044 0.317090
vt 0.258120 0.324731
vt 0.274493 0.318852
vt 0.260184 0.327854
vt 0.274058 0.320329
vt 0.262535 0.330459
vt 0.274327 0.320516
vt 0.265445 0.332695
vt 0.275148 0.320141
vt 0.265888 0.332996
vt 0.276161 0.319617
vt 0.267772 0.334038
vt 0.277360 0.319041
vt 0.269918 0.334974
vt 0.278785 0.318407
vt 0.272324 0.335789
vt 0.280479 0.317704
vt 0.274984 0.336470
vt 0.282496 0.316915
vt 0.277902 0.337011
vt 0.284885 0.316007
vt 0.281083 0.337409
vt 0.287686 0.314934
vt 0.284537 0.337658
vt 0.290928 0.313638
vt 0.288276 0.337754
vt 0.294597 0.312196
vt 0.292309 0.337692
vt 0.298725 0.310626
vt 0.296633 0.337480
vt 0.303361 0.308937
vt 0.301242 0.337132
vt 0.396183 0.273879
vt 0.306126 0.336678
vt 0.419562 0.296495
vt 0.385616 0.321468
vt 0.433240 0.331530
vt 0.195231 0.360844
vt 0.197796 0.374257
vt 0.194838 0.360922
vt 0.195631 0.360751
vt 0.198490 0.374069
vt 0.196040 0.360645
vt 0.199188 0.373861
vt 0.196457 0.360524
vt 0.199891 0.373633
vt 0.196883 0.360389
vt 0.200599 0.373385
vt 0.197318 0.360238
vt 0.201311 0.373114
vt 0.197763 0.360072
vt 0.202028 0.372822
vt 0.198218 0.359891
vt 0.202749 0.372506
vt 0.198683 0.359693
vt 0.203474 0.372167
vt 0.199159 0.359479
vt 0.204201 0.371804
vt 0.199646 0.359248
vt 0.204931 0.371416
vt 0.200144 0.359000
vt 0.205661 0.371003
vt 0.200910 0.358551
vt 0.206392 0.370563
vt 0.201656 0.358096
vt 0.207395 0.369943
vt 0.202382 0.357632
vt 0.208357 0.369306
vt 0.203088 0.357157
vt 0.209278 0.368654
vt 0.203775 0.356673
vt 0.210160 0.367989
vt 0.204445 0.356182
vt 0.211002 0.367311
vt 0.205098 0.355681
vt 0.211806 0.366624
vt 0.205736 0.355170
vt 0.212572 0.365928
vt 0.206360 0.354650
vt 0.213301 0.365224
vt 0.206972 0.354121
vt 0.213994 0.364515
vt 0.207573 0.353580
vt 0.214653 0.363802
vt 0.208163 0.353027
vt 0.215278 0.363085
vt 0.208745 0.352460
vt 0.215871 0.362366
vt 0.209320 0.351874
vt 0.216433 0.361646
vt 0.209890 0.351268
vt 0.216968 0.360925
vt 0.210458 0.350640
vt 0.217476 0.360204
vt 0.211024 0.349986
vt 0.217960 0.359486
vt 0.211593 0.349306
vt 0.218420 0.358771
vt 0.212167 0.348597
vt 0.218859 0.358062
vt 0.212747 0.347855
vt 0.219278 0.357363
vt 0.212872 0.347728
vt 0.219679 0.356677
vt 0.212967 0.347548
vt 0.220064 0.356008
vt 0.213034 0.347314
vt 0.220440 0.355354
vt 0.213073 0.347021
vt 0.220812 0.354712
vt 0.212961 0.347298
vt 0.221187 0.354079
vt 0.212836 0.347563
vt 0.221233 0.353836
vt 0.212698 0.347814
vt 0.221281 0.353596
vt 0.212547 0.348052
vt 0.221331 0.353360
vt 0.212383 0.348276
vt 0.221384 0.353125
vt 0.212205 0.348486
vt 0.221440 0.352892
vt 0.212014 0.348683
vt 0.221500 0.352659
vt 0.211808 0.348864
vt 0.221565 0.352425
vt 0.211588 0.349031
vt 0.221634 0.352190
vt 0.211355 0.349183
vt 0.221709 0.351952
vt 0.211106 0.349320
vt 0.221789 0.351710
vt 0.210843 0.349440
vt 0.221876 0.351463
vt 0.210564 0.349540
vt 0.221969 0.351209
vt 0.210269 0.349614
vt 0.222071 0.350944
vt 0.209957 0.349662
vt 0.222182 0.350663
vt 0.209627 0.349683
vt 0.222302 0.350363
vt 0.209280 0.349675
vt 0.222431 0.350043
vt 0.208915 0.349639
vt 0.222572 0.349700
vt 0.208530 0.349572
vt 0.222723 0.349332
vt 0.208124 0.349475
vt 0.222886 0.348935
vt 0.207698 0.349347
vt 0.223061 0.348507
vt 0.207250 0.349186
vt 0.223249 0.348045
vt 0.206778 0.348991
vt 0.223450 0.347544
vt 0.206283 0.348763
vt 0.223664 0.347002
vt 0.198421 0.286099
vt 0.223893 0.346413
vt 0.208904 0.275290
vt 0.217144 0.287769
vt 0.182792 0.218229
vt 0.222173 0.272972
vt 0.182559 0.216182
vt 0.201564 0.212204
vt 0.182360 0.214186
vt 0.202513 0.211419
vt 0.182194 0.212234
vt 0.203486 0.210535
vt 0.182060 0.210322
vt 0.204477 0.209561
vt 0.181950 0.208453
vt 0.205477 0.208504
vt 0.181860 0.206626
vt 0.206481 0.207372
vt 0.181784 0.204841
vt 0.207484 0.206172
vt 0.181721 0.203098
vt 0.208481 0.204911
vt 0.181667 0.201395
vt 0.209467 0.203595
vt 0.181619 0.199734
vt 0.210439 0.202231
vt 0.181574 0.198115
vt 0.211395 0.200824
vt 0.181532 0.196534
vt 0.212330 0.199380
vt 0.181491 0.194981
vt 0.213244 0.197904
vt 0.181449 0.193439
vt 0.214135 0.196388
vt 0.181407 0.191908
vt 0.215003 0.194820
vt 0.181363 0.190388
vt 0.215844 0.193204
vt 0.181317 0.188877
vt 0.216657 0.191542
vt 0.181283 0.187393
vt 0.217441 0.189835
vt 0.181246 0.185918
vt 0.218195 0.188087
vt 0.181205 0.184454
vt 0.218917 0.186299
vt 0.181159 0.183000
vt 0.219605 0.184473
vt 0.181107 0.181557
vt 0.220259 0.182611
vt 0.181047 0.180125
vt 0.220878 0.180715
vt 0.180981 0.178703
vt 0.221460 0.178786
vt 0.180871 0.176600
vt 0.222005 0.176826
vt 0.180731 0.174504
vt 0.222469 0.174136
vt 0.180567 0.172415
vt 0.222873 0.171395
vt 0.180378 0.170333
vt 0.223214 0.168604
vt 0.180163 0.168257
vt 0.223489 0.165768
vt 0.179922 0.166189
vt 0.223695 0.162886
vt 0.179652 0.164127
vt 0.223831 0.159963
vt 0.179352 0.162072
vt 0.223893 0.156999
vt 0.179021 0.160025
vt 0.223879 0.153996
vt 0.178658 0.157986
vt 0.223787 0.150958
vt 0.178262 0.155955
vt 0.223615 0.147885
vt 0.177831 0.153933
vt 0.223359 0.144780
vt 0.177361 0.151923
vt 0.223017 0.141645
vt 0.176847 0.149928
vt 0.222587 0.138483
vt 0.176289 0.147948
vt 0.222068 0.135298
vt 0.175684 0.145983
vt 0.221456 0.132092
vt 0.175031 0.144033
vt 0.220748 0.128865
vt 0.174329 0.142098
vt 0.219941 0.125618
vt 0.173576 0.140177
vt 0.219033 0.122354
vt 0.172772 0.138272
vt 0.218020 0.119072
vt 0.171915 0.136383
vt 0.216898 0.115776
vt 0.171003 0.134510
vt 0.215663 0.112466
vt 0.170034 0.132655
vt 0.214313 0.109144
vt 0.169008 0.130819
vt 0.212842 0.105812
vt 0.167922 0.129002
vt 0.211246 0.102473
vt 0.166771 0.127206
vt 0.209521 0.099127
vt 0.165554 0.125431
vt 0.207659 0.095776
vt 0.164270 0.123681
vt 0.205656 0.092422
vt 0.162917 0.121958
vt 0.203505 0.089069
vt 0.161494 0.120264
vt 0.201202 0.085721
vt 0.159999 0.118603
vt 0.198739 0.082382
vt 0.158431 0.116979
vt 0.196110 0.079056
vt 0.156789 0.115396
vt 0.193308 0.075749
vt 0.155072 0.113859
vt 0.190327 0.072466
vt 0.153280 0.112373
vt 0.187157 0.069215
vt 0.151412 0.110944
vt 0.183793 0.066001
vt 0.149462 0.109578
vt 0.180224 0.062834
vt 0.147421 0.108284
vt 0.176439 0.059720
vt 0.145291 0.107068
vt 0.172421 0.056666
vt 0.143072 0.105939
vt 0.168161 0.053683
vt 0.140764 0.104908
vt 0.163646 0.050785
vt 0.138367 0.103986
vt 0.158864 0.047986
vt 0.135886 0.103183
vt 0.153801 0.045302
vt 0.133324 0.102513
vt 0.148446 0.042750
vt 0.130684 0.101990
vt 0.142782 0.040352
vt 0.127974 0.101630
vt 0.136796 0.038129
vt 0.125199 0.101450
vt 0.130472 0.036108
vt 0.122370 0.101468
vt 0.123794 0.034317
vt 0.119200 0.101697
vt 0.116746 0.032788
vt 0.116189 0.102174
vt 0.109342 0.035487
vt 0.113339 0.102872
vt 0.102416 0.038434
vt 0.110647 0.103768
vt 0.095939 0.041596
vt 0.108114 0.104840
vt 0.089886 0.044943
vt 0.105737 0.106069
vt 0.084233 0.048446
vt 0.103512 0.107438
vt 0.078956 0.052084
vt 0.101433 0.108932
vt 0.074035 0.055837
vt 0.099495 0.110537
vt 0.069448 0.059685
vt 0.097693 0.112243
vt 0.065178 0.063615
vt 0.096021 0.114039
vt 0.061208 0.067611
vt 0.094473 0.115916
vt 0.057519 0.071663
vt 0.093042 0.117862
vt 0.054097 0.075760
vt 0.091720 0.119866
vt 0.050926 0.079897
vt 0.090505 0.121923
vt 0.047991 0.084065
vt 0.089390 0.124026
vt 0.045282 0.088259
vt 0.088373 0.126172
vt 0.042789 0.092471
vt 0.087449 0.128356
vt 0.040502 0.096696
vt 0.086613 0.130575
vt 0.038411 0.100930
vt 0.085862 0.132828
vt 0.036509 0.105168
vt 0.085193 0.135111
vt 0.034787 0.109409
vt 0.084602 0.137424
vt 0.033238 0.113649
vt 0.084085 0.139764
vt 0.031855 0.117886
vt 0.083640 0.142133
vt 0.030632 0.122121
vt 0.083264 0.144526
vt 0.029563 0.126352
vt 0.082954 0.146938
vt 0.028643 0.130576
vt 0.082708 0.149370
vt 0.027870 0.134791
vt 0.082524 0.151822
vt 0.027239 0.138995
vt 0.082400 0.154292
vt 0.026745 0.143187
vt 0.082336 0.156782
vt 0.026386 0.147369
vt 0.082330 0.159291
vt 0.026159 0.151538
vt 0.082380 0.161820
vt 0.026062 0.155695
vt 0.082487 0.164369
vt 0.026092 0.159840
vt 0.082649 0.166939
vt 0.026247 0.163973
vt 0.082867 0.169529
vt 0.026526 0.168093
vt 0.083139 0.172141
vt 0.026928 0.172200
vt 0.083464 0.174763
vt 0.027451 0.176293
vt 0.083840 0.177387
vt 0.028095 0.180359
vt 0.084265 0.180011
vt 0.028856 0.184385
vt 0.084739 0.182635
vt 0.029731 0.188367
vt 0.085260 0.185259
vt 0.030719 0.192303
vt 0.085829 0.187881
vt 0.031818 0.196191
vt 0.086443 0.190503
vt 0.033026 0.200029
vt 0.087103 0.193123
vt 0.034340 0.203814
vt 0.087807 0.195741
vt 0.035760 0.207543
vt 0.088554 0.198356
vt 0.037282 0.211214
vt 0.089344 0.200967
vt 0.038905 0.214822
vt 0.090175 0.203575
vt 0.040626 0.218366
vt 0.090826 0.205379
vt 0.042444 0.221841
vt 0.091479 0.207175
vt 0.043909 0.224140
vt 0.092133 0.208963
vt 0.045418 0.226375
vt 0.092787 0.210742
vt 0.046971 0.228545
vt 0.093440 0.212513
vt 0.048565 0.230649
vt 0.094092 0.214276
vt 0.050199 0.232684
vt 0.094741 0.216031
vt 0.051869 0.234650
vt 0.095387 0.217777
vt 0.053573 0.236544
vt 0.096028 0.219516
vt 0.055310 0.238366
vt 0.096664 0.221246
vt 0.057078 0.240114
vt 0.097293 0.222970
vt 0.058873 0.241786
vt 0.097915 0.224685
vt 0.060694 0.243381
vt 0.098529 0.226397
vt 0.062539 0.244898
vt 0.099133 0.228107
vt 0.064407 0.246339
vt 0.099728 0.229816
vt 0.066298 0.247704
vt 0.100311 0.231524
vt 0.068209 0.248993
vt 0.100881 0.233231
vt 0.070139 0.250201
vt 0.101438 0.234937
vt 0.072084 0.251328
vt 0.101979 0.236642
vt 0.074041 0.252370
vt 0.102504 0.238347
vt 0.076008 0.253326
vt 0.103010 0.240052
vt 0.077982 0.254192
vt 0.103497 0.241757
vt 0.079960 0.254967
vt 0.103962 0.243464
vt 0.081938 0.255648
vt 0.104404 0.245171
vt 0.083913 0.256232
vt 0.135371 0.298572
vt 0.085882 0.256716
vt 0.152039 0.302691
vt 0.124063 0.311051
vt 0.177061 0.353570
vt 0.139593 0.315795
vt 0.177297 0.353731
vt 0.163736 0.360971
vt 0.177529 0.353901
vt 0.164098 0.361498
vt 0.177755 0.354085
vt 0.164468 0.362013
vt 0.177981 0.354267
vt 0.164845 0.362518
vt 0.178205 0.354452
vt 0.165230 0.363010
vt 0.178430 0.354636
vt 0.165622 0.363492
vt 0.178653 0.354818
vt 0.166020 0.363962
vt 0.178878 0.354996
vt 0.166424 0.364421
vt 0.179102 0.355174
vt 0.166835 0.364869
vt 0.179326 0.355350
vt 0.167251 0.365306
vt 0.179549 0.355522
vt 0.167672 0.365732
vt 0.179772 0.355693
vt 0.168098 0.366147
vt 0.179995 0.355860
vt 0.168530 0.366551
vt 0.180218 0.356022
vt 0.168965 0.366945
vt 0.180440 0.356184
vt 0.169405 0.367328
vt 0.180662 0.356342
vt 0.169849 0.367700
vt 0.180866 0.356511
vt 0.170297 0.368061
vt 0.181069 0.356678
vt 0.170748 0.368412
vt 0.181273 0.356840
vt 0.171203 0.368753
vt 0.181476 0.356999
vt 0.171661 0.369083
vt 0.181679 0.357154
vt 0.172122 0.369403
vt 0.181881 0.357305
vt 0.172585 0.369713
vt 0.182082 0.357453
vt 0.173052 0.370012
vt 0.182283 0.357597
vt 0.173520 0.370302
vt 0.182635 0.357836
vt 0.173991 0.370581
vt 0.182986 0.358067
vt 0.174633 0.370955
vt 0.183337 0.358289
vt 0.175278 0.371312
vt 0.183686 0.358503
vt 0.175925 0.371652
vt 0.184035 0.358709
vt 0.176574 0.371977
vt 0.184383 0.358906
vt 0.177225 0.372284
vt 0.184731 0.359096
vt 0.177878 0.372576
vt 0.185077 0.359278
vt 0.178533 0.372852
vt 0.185423 0.359452
vt 0.179189 0.373112
vt 0.185769 0.359619
vt 0.179847 0.373357
vt 0.186114 0.359778
vt 0.180506 0.373586
vt 0.186459 0.359930
vt 0.181166 0.373800
vt 0.186802 0.360074
vt 0.181828 0.373999
vt 0.187144 0.360208
vt 0.182489 0.374182
vt 0.187483 0.360333
vt 0.183149 0.374350
vt 0.187822 0.360449
vt 0.183808 0.374502
vt 0.188159 0.360556
vt 0.184466 0.374638
vt 0.188496 0.360654
vt 0.185123 0.374760
vt 0.188832 0.360744
vt 0.185780 0.374867
vt 0.189168 0.360826
vt 0.186437 0.374960
vt 0.189505 0.360899
vt 0.187093 0.375038
vt 0.189842 0.360964
vt 0.187749 0.375101
vt 0.190180 0.361021
vt 0.188407 0.375151
vt 0.190520 0.361069
vt 0.189065 0.375185
vt 0.190861 0.361109
vt 0.189723 0.375206
vt 0.191204 0.361140
vt 0.190384 0.375211
vt 0.191549 0.361162
vt 0.191045 0.375203
vt 0.191897 0.361174
vt 0.191708 0.375179
vt 0.192249 0.361176
vt 0.192373 0.375140
vt 0.192604 0.361170
vt 0.193040 0.375087
vt 0.192963 0.361153
vt 0.193710 0.375017
vt 0.193327 0.361127
vt 0.194383 0.374932
vt 0.193696 0.361091
vt 0.195059 0.374831
vt 0.194071 0.361045
vt 0.195739 0.374714
vt 0.194451 0.360989
vt 0.196421 0.374579
vt 0.197107 0.374427
vt 0.476249 0.482461
vt 0.525823 0.495785
vt 0.475802 0.484211
vt 0.476698 0.480716
vt 0.526499 0.493789
vt 0.477148 0.478972
vt 0.527162 0.491773
vt 0.477598 0.477227
vt 0.527815 0.489740
vt 0.478048 0.475479
vt 0.528460 0.487686
vt 0.478499 0.473724
vt 0.529098 0.485608
vt 0.478950 0.471960
vt 0.529726 0.483500
vt 0.479399 0.470185
vt 0.530349 0.481363
vt 0.479847 0.468396
vt 0.530969 0.479195
vt 0.480292 0.466591
vt 0.531587 0.476992
vt 0.480734 0.464767
vt 0.532205 0.474751
vt 0.481171 0.462924
vt 0.532824 0.472468
vt 0.481548 0.461457
vt 0.533447 0.470141
vt 0.481909 0.460047
vt 0.533997 0.468091
vt 0.482254 0.458691
vt 0.534521 0.466054
vt 0.482584 0.457386
vt 0.535025 0.464035
vt 0.482900 0.456126
vt 0.535505 0.462028
vt 0.483201 0.454909
vt 0.535961 0.460029
vt 0.483488 0.453729
vt 0.536390 0.458033
vt 0.483761 0.452582
vt 0.536793 0.456036
vt 0.484019 0.451461
vt 0.537174 0.454036
vt 0.484263 0.450362
vt 0.537530 0.452028
vt 0.484492 0.449278
vt 0.537865 0.450008
vt 0.484705 0.448205
vt 0.538176 0.447969
vt 0.484900 0.447139
vt 0.538468 0.445907
vt 0.485077 0.446079
vt 0.538751 0.443822
vt 0.485235 0.445023
vt 0.539029 0.441712
vt 0.485372 0.443970
vt 0.539301 0.439571
vt 0.485485 0.442918
vt 0.539570 0.437398
vt 0.485574 0.441866
vt 0.539698 0.435276
vt 0.485638 0.440813
vt 0.539159 0.433411
vt 0.485675 0.439756
vt 0.538482 0.431693
vt 0.485687 0.438695
vt 0.537553 0.430148
vt 0.485671 0.437628
vt 0.536618 0.428635
vt 0.485630 0.436554
vt 0.535677 0.427154
vt 0.485561 0.435471
vt 0.534731 0.425694
vt 0.485465 0.434378
vt 0.533781 0.424264
vt 0.485342 0.433275
vt 0.532828 0.422852
vt 0.485193 0.432163
vt 0.531873 0.421455
vt 0.485016 0.431040
vt 0.530918 0.420075
vt 0.484813 0.429906
vt 0.529961 0.418709
vt 0.484584 0.428760
vt 0.529005 0.417357
vt 0.484329 0.427603
vt 0.528049 0.416020
vt 0.484048 0.426432
vt 0.527091 0.414691
vt 0.483741 0.425249
vt 0.526130 0.413371
vt 0.483410 0.424051
vt 0.525167 0.412060
vt 0.483053 0.422839
vt 0.524203 0.410758
vt 0.482673 0.421612
vt 0.523239 0.409464
vt 0.482273 0.420376
vt 0.522275 0.408179
vt 0.481855 0.419141
vt 0.521316 0.406905
vt 0.481422 0.417906
vt 0.520371 0.405644
vt 0.480975 0.416668
vt 0.519437 0.404396
vt 0.480513 0.415428
vt 0.518515 0.403159
vt 0.480038 0.414185
vt 0.517605 0.401935
vt 0.479552 0.412938
vt 0.516706 0.400721
vt 0.479054 0.411685
vt 0.515820 0.399519
vt 0.478547 0.410428
vt 0.514945 0.398328
vt 0.478031 0.409164
vt 0.514082 0.397148
vt 0.477507 0.407893
vt 0.513231 0.395978
vt 0.476976 0.406614
vt 0.512391 0.394818
vt 0.476355 0.405105
vt 0.511564 0.393668
vt 0.475737 0.403603
vt 0.510635 0.392366
vt 0.475121 0.402106
vt 0.509737 0.391083
vt 0.474509 0.400614
vt 0.508867 0.389819
vt 0.473904 0.399126
vt 0.508026 0.388572
vt 0.473305 0.397640
vt 0.507212 0.387342
vt 0.472714 0.396155
vt 0.506426 0.386128
vt 0.472132 0.394671
vt 0.505665 0.384929
vt 0.471561 0.393188
vt 0.504930 0.383745
vt 0.471002 0.391703
vt 0.504220 0.382576
vt 0.470455 0.390218
vt 0.503534 0.381420
vt 0.469921 0.388730
vt 0.502873 0.380277
vt 0.469403 0.387243
vt 0.502235 0.379148
vt 0.468902 0.385758
vt 0.501623 0.378030
vt 0.468418 0.384274
vt 0.501039 0.376924
vt 0.467953 0.382790
vt 0.500482 0.375828
vt 0.467506 0.381306
vt 0.499951 0.374741
vt 0.467079 0.379821
vt 0.499447 0.373664
vt 0.466672 0.378334
vt 0.498967 0.372594
vt 0.466285 0.376844
vt 0.498511 0.371531
vt 0.465919 0.375351
vt 0.498080 0.370475
vt 0.465574 0.373854
vt 0.497671 0.369424
vt 0.465252 0.372352
vt 0.497286 0.368378
vt 0.464952 0.370844
vt 0.496922 0.367337
vt 0.464675 0.369330
vt 0.496581 0.366299
vt 0.464421 0.367807
vt 0.496262 0.365263
vt 0.464192 0.366273
vt 0.495966 0.364225
vt 0.463987 0.364729
vt 0.495694 0.363185
vt 0.463808 0.363172
vt 0.495443 0.362141
vt 0.463654 0.361603
vt 0.495216 0.361094
vt 0.463528 0.360019
vt 0.495010 0.360041
vt 0.463430 0.358420
vt 0.494827 0.358983
vt 0.463361 0.356806
vt 0.494666 0.357919
vt 0.463322 0.355175
vt 0.494528 0.356847
vt 0.463314 0.353528
vt 0.494411 0.355767
vt 0.463338 0.351862
vt 0.494317 0.354679
vt 0.463396 0.350180
vt 0.494246 0.353582
vt 0.463489 0.348480
vt 0.494199 0.352476
vt 0.463618 0.346762
vt 0.494180 0.351360
vt 0.463785 0.345024
vt 0.494189 0.350232
vt 0.463991 0.343266
vt 0.494225 0.349094
vt 0.464238 0.341488
vt 0.494290 0.347943
vt 0.464528 0.339690
vt 0.494384 0.346779
vt 0.464863 0.337870
vt 0.494508 0.345601
vt 0.465244 0.336029
vt 0.494661 0.344410
vt 0.465674 0.334167
vt 0.494846 0.343204
vt 0.466155 0.332284
vt 0.495062 0.341983
vt 0.466688 0.330381
vt 0.495311 0.340748
vt 0.467398 0.328093
vt 0.495593 0.339498
vt 0.468157 0.325845
vt 0.496008 0.337909
vt 0.468965 0.323636
vt 0.496455 0.336362
vt 0.469822 0.321465
vt 0.496936 0.334854
vt 0.470728 0.319331
vt 0.497448 0.333385
vt 0.471683 0.317235
vt 0.497993 0.331955
vt 0.472687 0.315174
vt 0.498569 0.330560
vt 0.473741 0.313150
vt 0.499177 0.329201
vt 0.474845 0.311160
vt 0.499817 0.327877
vt 0.476000 0.309204
vt 0.500488 0.326586
vt 0.477206 0.307283
vt 0.501192 0.325326
vt 0.478464 0.305394
vt 0.501928 0.324098
vt 0.479771 0.303543
vt 0.502696 0.322901
vt 0.481124 0.301736
vt 0.503495 0.321736
vt 0.482523 0.299970
vt 0.504318 0.320609
vt 0.483969 0.298247
vt 0.505168 0.319518
vt 0.485462 0.296564
vt 0.506043 0.318462
vt 0.487003 0.294923
vt 0.506945 0.317441
vt 0.488594 0.293323
vt 0.507874 0.316455
vt 0.490235 0.291763
vt 0.508831 0.315502
vt 0.491927 0.290244
vt 0.509817 0.314583
vt 0.493672 0.288766
vt 0.510831 0.313697
vt 0.495472 0.287330
vt 0.511877 0.312844
vt 0.497328 0.285936
vt 0.512953 0.312025
vt 0.499239 0.284585
vt 0.514062 0.311239
vt 0.501204 0.283282
vt 0.515202 0.310488
vt 0.503225 0.282027
vt 0.516371 0.309774
vt 0.505303 0.280820
vt 0.517570 0.309097
vt 0.507441 0.279663
vt 0.518801 0.308459
vt 0.509640 0.278558
vt 0.520065 0.307860
vt 0.511902 0.277506
vt 0.521361 0.307300
vt 0.514230 0.276510
vt 0.522691 0.306782
vt 0.516624 0.275572
vt 0.524057 0.306307
vt 0.519088 0.274695
vt 0.525458 0.305876
vt 0.521624 0.273881
vt 0.526895 0.305491
vt 0.524233 0.273135
vt 0.528369 0.305155
vt 0.526912 0.272461
vt 0.529880 0.304869
vt 0.529656 0.271863
vt 0.531423 0.304638
vt 0.532469 0.271345
vt 0.532993 0.304465
vt 0.535351 0.270911
vt 0.534590 0.304353
vt 0.538306 0.270566
vt 0.536213 0.304305
vt 0.541336 0.270314
vt 0.537863 0.304324
vt 0.544443 0.270161
vt 0.539538 0.304412
vt 0.547630 0.270113
vt 0.541238 0.304574
vt 0.550898 0.270177
vt 0.542961 0.304814
vt 0.554252 0.270361
vt 0.544707 0.305134
vt 0.557692 0.270673
vt 0.546473 0.305541
vt 0.561221 0.271121
vt 0.548258 0.306039
vt 0.564742 0.272845
vt 0.550058 0.306634
vt 0.568138 0.274678
vt 0.551994 0.307376
vt 0.571413 0.276612
vt 0.553900 0.308204
vt 0.574571 0.278643
vt 0.555776 0.309113
vt 0.577614 0.280766
vt 0.557616 0.310101
vt 0.580543 0.282976
vt 0.559415 0.311176
vt 0.583363 0.285270
vt 0.561173 0.312325
vt 0.586074 0.287644
vt 0.562892 0.313540
vt 0.588678 0.290096
vt 0.564569 0.314817
vt 0.591175 0.292623
vt 0.566202 0.316153
vt 0.593565 0.295226
vt 0.567980 0.317385
vt 0.595845 0.297903
vt 0.569698 0.318643
vt 0.597993 0.300637
vt 0.571354 0.319923
vt 0.599993 0.303404
vt 0.572927 0.321203
vt 0.601845 0.306204
vt 0.574396 0.322462
vt 0.603548 0.309035
vt 0.575761 0.323696
vt 0.605103 0.311895
vt 0.577023 0.324901
vt 0.606510 0.314783
vt 0.578177 0.326073
vt 0.607767 0.317697
vt 0.579230 0.327208
vt 0.608875 0.320636
vt 0.580185 0.328303
vt 0.609832 0.323598
vt 0.581034 0.329355
vt 0.610637 0.326582
vt 0.581788 0.330359
vt 0.611290 0.329587
vt 0.582441 0.331315
vt 0.611789 0.332611
vt 0.583001 0.332217
vt 0.611564 0.358210
vt 0.583464 0.333065
vt 0.611374 0.360233
vt 0.581201 0.358710
vt 0.611247 0.362166
vt 0.582150 0.361131
vt 0.611174 0.364016
vt 0.583048 0.363418
vt 0.611145 0.365790
vt 0.583896 0.365581
vt 0.611154 0.367494
vt 0.584699 0.367630
vt 0.611193 0.369133
vt 0.585458 0.369572
vt 0.611257 0.370712
vt 0.586200 0.371399
vt 0.611340 0.372235
vt 0.586900 0.373132
vt 0.611438 0.373705
vt 0.587559 0.374777
vt 0.611547 0.375125
vt 0.588180 0.376341
vt 0.611664 0.376497
vt 0.588762 0.377830
vt 0.611785 0.377825
vt 0.589308 0.379247
vt 0.611911 0.379126
vt 0.589819 0.380598
vt 0.612041 0.380416
vt 0.590303 0.381903
vt 0.612173 0.381699
vt 0.590769 0.383178
vt 0.612305 0.382973
vt 0.591238 0.384413
vt 0.612436 0.384241
vt 0.591690 0.385621
vt 0.612564 0.385503
vt 0.592125 0.386803
vt 0.612687 0.386760
vt 0.592545 0.387959
vt 0.612804 0.388013
vt 0.592948 0.389091
vt 0.612912 0.389263
vt 0.593337 0.390199
vt 0.613010 0.390509
vt 0.593711 0.391286
vt 0.613097 0.391753
vt 0.594070 0.392350
vt 0.613171 0.392994
vt 0.594416 0.393393
vt 0.613255 0.394583
vt 0.594749 0.394416
vt 0.613313 0.396118
vt 0.595233 0.395779
vt 0.613341 0.397599
vt 0.595663 0.397059
vt 0.613339 0.399031
vt 0.596041 0.398263
vt 0.613307 0.400414
vt 0.596370 0.399399
vt 0.613243 0.401752
vt 0.596651 0.400473
vt 0.613148 0.403048
vt 0.596884 0.401491
vt 0.613023 0.404303
vt 0.597073 0.402460
vt 0.612867 0.405521
vt 0.597218 0.403385
vt 0.612681 0.406704
vt 0.597319 0.404272
vt 0.612466 0.407856
vt 0.597378 0.405128
vt 0.612223 0.408980
vt 0.597396 0.405957
vt 0.611952 0.410070
vt 0.597373 0.406765
vt 0.611657 0.411120
vt 0.597310 0.407545
vt 0.611338 0.412134
vt 0.597208 0.408290
vt 0.610996 0.413116
vt 0.597065 0.409006
vt 0.610633 0.414070
vt 0.596881 0.409698
vt 0.610247 0.415001
vt 0.596655 0.410371
vt 0.609840 0.415912
vt 0.596386 0.411032
vt 0.609411 0.416808
vt 0.596072 0.411684
vt 0.608960 0.417693
vt 0.595710 0.412335
vt 0.608487 0.418569
vt 0.595300 0.412988
vt 0.607993 0.419441
vt 0.594840 0.413649
vt 0.607478 0.420311
vt 0.594326 0.414324
vt 0.607094 0.420804
vt 0.593758 0.415017
vt 0.606710 0.421274
vt 0.593438 0.415258
vt 0.606326 0.421722
vt 0.593114 0.415483
vt 0.605943 0.422149
vt 0.592783 0.415693
vt 0.605562 0.422556
vt 0.592447 0.415888
vt 0.605183 0.422944
vt 0.592105 0.416069
vt 0.604806 0.423315
vt 0.591755 0.416235
vt 0.604432 0.423670
vt 0.591398 0.416386
vt 0.604061 0.424009
vt 0.591034 0.416524
vt 0.603693 0.424335
vt 0.590660 0.416647
vt 0.603328 0.424648
vt 0.590278 0.416758
vt 0.602967 0.424949
vt 0.589886 0.416855
vt 0.602608 0.425241
vt 0.589484 0.416939
vt 0.602253 0.425523
vt 0.589072 0.417013
vt 0.601901 0.425796
vt 0.588655 0.417091
vt 0.601553 0.426062
vt 0.588233 0.417173
vt 0.601209 0.426321
vt 0.587806 0.417259
vt 0.600869 0.426575
vt 0.587373 0.417349
vt 0.600532 0.426823
vt 0.586940 0.417454
vt 0.600200 0.427066
vt 0.586507 0.417576
vt 0.599872 0.427307
vt 0.586074 0.417716
vt 0.599549 0.427544
vt 0.585642 0.417873
vt 0.599229 0.427780
vt 0.585212 0.418048
vt 0.598915 0.428014
vt 0.584783 0.418242
vt 0.598604 0.428249
vt 0.584356 0.418454
vt 0.598298 0.428485
vt 0.583930 0.418684
vt 0.597996 0.428722
vt 0.583504 0.418931
vt 0.597699 0.428962
vt 0.583077 0.419196
vt 0.597407 0.429205
vt 0.582652 0.419479
vt 0.597121 0.429451
vt 0.582227 0.419779
vt 0.596840 0.429701
vt 0.581804 0.420098
vt 0.596565 0.429956
vt 0.581383 0.420435
vt 0.596296 0.430216
vt 0.580964 0.420790
vt 0.596034 0.430482
vt 0.580549 0.421164
vt 0.595780 0.430755
vt 0.580137 0.421556
vt 0.595532 0.431034
vt 0.579730 0.421967
vt 0.595294 0.431320
vt 0.579328 0.422397
vt 0.595066 0.431610
vt 0.578931 0.422842
vt 0.594848 0.431906
vt 0.578538 0.423297
vt 0.594641 0.432207
vt 0.578150 0.423764
vt 0.594445 0.432514
vt 0.577767 0.424242
vt 0.594261 0.432828
vt 0.577390 0.424731
vt 0.594088 0.433148
vt 0.577018 0.425232
vt 0.593928 0.433477
vt 0.576654 0.425744
vt 0.593779 0.433814
vt 0.576297 0.426266
vt 0.593643 0.434159
vt 0.575948 0.426801
vt 0.593519 0.434515
vt 0.575607 0.427346
vt 0.593409 0.434880
vt 0.575290 0.427926
vt 0.593224 0.435518
vt 0.574984 0.428515
vt 0.593059 0.436167
vt 0.574579 0.429465
vt 0.592915 0.436827
vt 0.574193 0.430422
vt 0.592792 0.437500
vt 0.573827 0.431387
vt 0.592689 0.438186
vt 0.573482 0.432361
vt 0.592606 0.438885
vt 0.573159 0.433342
vt 0.592544 0.439598
vt 0.572859 0.434332
vt 0.592501 0.440326
vt 0.572581 0.435331
vt 0.592478 0.441070
vt 0.572328 0.436338
vt 0.592473 0.441830
vt 0.572099 0.437353
vt 0.592487 0.442607
vt 0.571896 0.438377
vt 0.592519 0.443401
vt 0.571718 0.439410
vt 0.592569 0.444208
vt 0.571567 0.440451
vt 0.592636 0.445024
vt 0.571436 0.441491
vt 0.592720 0.445848
vt 0.571319 0.442525
vt 0.592819 0.446683
vt 0.571215 0.443553
vt 0.592932 0.447528
vt 0.571124 0.444575
vt 0.593058 0.448384
vt 0.571043 0.445594
vt 0.593196 0.449253
vt 0.570973 0.446609
vt 0.593345 0.450134
vt 0.570912 0.447622
vt 0.593504 0.451029
vt 0.570871 0.448631
vt 0.593671 0.451939
vt 0.570848 0.449637
vt 0.593846 0.452863
vt 0.570830 0.450641
vt 0.594027 0.453803
vt 0.570828 0.451640
vt 0.594214 0.454759
vt 0.570840 0.452636
vt 0.594405 0.455731
vt 0.570860 0.453627
vt 0.594598 0.456720
vt 0.570871 0.454613
vt 0.594793 0.457728
vt 0.570885 0.455597
vt 0.594989 0.458756
vt 0.570888 0.456579
vt 0.595185 0.459807
vt 0.570882 0.457562
vt 0.595378 0.460881
vt 0.570874 0.458550
vt 0.595569 0.461982
vt 0.570854 0.459542
vt 0.595755 0.463109
vt 0.570832 0.460542
vt 0.595936 0.464266
vt 0.570797 0.461551
vt 0.596111 0.465454
vt 0.570750 0.462572
vt 0.596278 0.466674
vt 0.570698 0.463606
vt 0.596435 0.467928
vt 0.570633 0.464655
vt 0.596582 0.469221
vt 0.570557 0.465722
vt 0.596717 0.470554
vt 0.570454 0.466807
vt 0.596838 0.471931
vt 0.570322 0.467914
vt 0.596943 0.473356
vt 0.570172 0.469050
vt 0.597031 0.474832
vt 0.569993 0.470215
vt 0.597099 0.476363
vt 0.569783 0.471416
vt 0.597147 0.477951
vt 0.569553 0.472659
vt 0.597170 0.479599
vt 0.569292 0.473943
vt 0.597169 0.481310
vt 0.569010 0.475278
vt 0.597140 0.483088
vt 0.568696 0.476663
vt 0.597080 0.484934
vt 0.568361 0.478105
vt 0.596901 0.487310
vt 0.568006 0.479607
vt 0.596697 0.489682
vt 0.567473 0.481656
vt 0.596467 0.492051
vt 0.566948 0.483694
vt 0.596210 0.494417
vt 0.566426 0.485719
vt 0.595925 0.496781
vt 0.565903 0.487730
vt 0.595611 0.499143
vt 0.565377 0.489727
vt 0.595266 0.501505
vt 0.564844 0.491710
vt 0.594889 0.503868
vt 0.564301 0.493679
vt 0.594479 0.506234
vt 0.563746 0.495637
vt 0.594034 0.508604
vt 0.563177 0.497584
vt 0.593552 0.510980
vt 0.562576 0.499518
vt 0.593032 0.513363
vt 0.561956 0.501448
vt 0.592474 0.515752
vt 0.561314 0.503374
vt 0.591877 0.518141
vt 0.560652 0.505297
vt 0.591240 0.520532
vt 0.559972 0.507212
vt 0.590562 0.522928
vt 0.559258 0.509119
vt 0.589841 0.525328
vt 0.558523 0.511024
vt 0.589075 0.527736
vt 0.557763 0.512928
vt 0.588263 0.530151
vt 0.556977 0.514834
vt 0.587402 0.532576
vt 0.556163 0.516745
vt 0.586490 0.535012
vt 0.555318 0.518663
vt 0.585526 0.537460
vt 0.554431 0.520586
vt 0.584508 0.539921
vt 0.553510 0.522522
vt 0.583432 0.542396
vt 0.552554 0.524472
vt 0.582299 0.544883
vt 0.551561 0.526440
vt 0.581108 0.547379
vt 0.550531 0.528423
vt 0.579857 0.549884
vt 0.549464 0.530422
vt 0.578545 0.552400
vt 0.548359 0.532437
vt 0.577168 0.554925
vt 0.547214 0.534471
vt 0.575726 0.557459
vt 0.546028 0.536525
vt 0.574216 0.560002
vt 0.544800 0.538601
vt 0.572636 0.562553
vt 0.543529 0.540699
vt 0.570985 0.565111
vt 0.542213 0.542822
vt 0.569261 0.567674
vt 0.540852 0.544970
vt 0.567463 0.570239
vt 0.539446 0.547143
vt 0.565590 0.572805
vt 0.537993 0.549342
vt 0.563645 0.575362
vt 0.536506 0.551568
vt 0.561634 0.577900
vt 0.534977 0.553811
vt 0.559555 0.580416
vt 0.533411 0.556064
vt 0.557410 0.582907
vt 0.531808 0.558326
vt 0.555198 0.585368
vt 0.530178 0.560596
vt 0.552920 0.587796
vt 0.528511 0.562872
vt 0.550579 0.590185
vt 0.526807 0.565154
vt 0.548175 0.592530
vt 0.525077 0.567437
vt 0.545712 0.594827
vt 0.523311 0.569723
vt 0.543191 0.597068
vt 0.521507 0.572009
vt 0.540618 0.599247
vt 0.519678 0.574291
vt 0.537998 0.601359
vt 0.517812 0.576571
vt 0.536341 0.602437
vt 0.515909 0.578849
vt 0.534689 0.603454
vt 0.515030 0.579589
vt 0.533042 0.604412
vt 0.514157 0.580314
vt 0.531401 0.605313
vt 0.513285 0.581027
vt 0.529768 0.606158
vt 0.512421 0.581722
vt 0.528144 0.606950
vt 0.511560 0.582403
vt 0.526531 0.607688
vt 0.510708 0.583065
vt 0.524928 0.608376
vt 0.509861 0.583711
vt 0.523338 0.609013
vt 0.509023 0.584336
vt 0.521760 0.609602
vt 0.508191 0.584944
vt 0.520195 0.610143
vt 0.507369 0.585530
vt 0.518645 0.610638
vt 0.506555 0.586099
vt 0.517114 0.611085
vt 0.505752 0.586645
vt 0.515607 0.611484
vt 0.504961 0.587172
vt 0.514123 0.611836
vt 0.504191 0.587673
vt 0.512664 0.612143
vt 0.503437 0.588153
vt 0.511230 0.612405
vt 0.502705 0.588608
vt 0.509822 0.612625
vt 0.501991 0.589044
vt 0.508438 0.612804
vt 0.501297 0.589454
vt 0.507081 0.612942
vt 0.500620 0.589847
vt 0.505749 0.613042
vt 0.499965 0.590215
vt 0.504444 0.613104
vt 0.499327 0.590567
vt 0.503164 0.613129
vt 0.498710 0.590897
vt 0.501911 0.613119
vt 0.498110 0.591212
vt 0.500685 0.613074
vt 0.497530 0.591506
vt 0.499488 0.612995
vt 0.496968 0.591787
vt 0.498319 0.612884
vt 0.496429 0.592049
vt 0.497179 0.612741
vt 0.495908 0.592298
vt 0.496067 0.612568
vt 0.495409 0.592530
vt 0.494983 0.612365
vt 0.494931 0.592746
vt 0.493927 0.612135
vt 0.494471 0.592952
vt 0.492899 0.611877
vt 0.494032 0.593144
vt 0.491898 0.611593
vt 0.493610 0.593329
vt 0.490925 0.611283
vt 0.493207 0.593501
vt 0.489979 0.610950
vt 0.492824 0.593661
vt 0.489060 0.610592
vt 0.492457 0.593817
vt 0.488171 0.610213
vt 0.492108 0.593963
vt 0.487312 0.609814
vt 0.491779 0.594107
vt 0.486485 0.609395
vt 0.491471 0.594243
vt 0.485688 0.608959
vt 0.491186 0.594372
vt 0.484921 0.608507
vt 0.490919 0.594502
vt 0.484182 0.608040
vt 0.490673 0.594627
vt 0.483471 0.607558
vt 0.490445 0.594747
vt 0.482787 0.607064
vt 0.490236 0.594872
vt 0.482129 0.606559
vt 0.490044 0.594994
vt 0.481496 0.606043
vt 0.489868 0.595114
vt 0.480887 0.605518
vt 0.489708 0.595232
vt 0.480302 0.604984
vt 0.489564 0.595349
vt 0.472176 0.596572
vt 0.489433 0.595474
vt 0.471255 0.595460
vt 0.481966 0.588016
vt 0.470386 0.594288
vt 0.482349 0.587723
vt 0.469568 0.593056
vt 0.482757 0.587361
vt 0.468799 0.591762
vt 0.483190 0.586939
vt 0.468079 0.590406
vt 0.483419 0.586463
vt 0.467409 0.588987
vt 0.483674 0.585920
vt 0.466788 0.587502
vt 0.483960 0.585306
vt 0.466217 0.585951
vt 0.484280 0.584617
vt 0.465697 0.584332
vt 0.484638 0.583854
vt 0.465227 0.582645
vt 0.485039 0.583014
vt 0.464809 0.580886
vt 0.485483 0.582095
vt 0.464443 0.579056
vt 0.485976 0.581095
vt 0.464130 0.577159
vt 0.486518 0.580012
vt 0.463867 0.575202
vt 0.487107 0.578848
vt 0.463655 0.573184
vt 0.487739 0.577604
vt 0.463495 0.571103
vt 0.488415 0.576281
vt 0.463384 0.568959
vt 0.489136 0.574876
vt 0.463324 0.566750
vt 0.489901 0.573388
vt 0.463314 0.564476
vt 0.490711 0.571816
vt 0.463354 0.562136
vt 0.491568 0.570158
vt 0.463443 0.559729
vt 0.492471 0.568412
vt 0.463582 0.557253
vt 0.493424 0.566576
vt 0.463770 0.554707
vt 0.494427 0.564647
vt 0.464006 0.552092
vt 0.495483 0.562622
vt 0.464105 0.550105
vt 0.496595 0.560499
vt 0.464226 0.548110
vt 0.497430 0.558880
vt 0.464369 0.546109
vt 0.498275 0.557238
vt 0.464532 0.544104
vt 0.499128 0.555576
vt 0.464715 0.542096
vt 0.499987 0.553894
vt 0.464917 0.540086
vt 0.500849 0.552197
vt 0.465137 0.538076
vt 0.501717 0.550483
vt 0.465374 0.536067
vt 0.502587 0.548756
vt 0.465628 0.534060
vt 0.503460 0.547014
vt 0.465898 0.532056
vt 0.504334 0.545262
vt 0.466183 0.530056
vt 0.505210 0.543498
vt 0.466482 0.528060
vt 0.506085 0.541723
vt 0.466794 0.526073
vt 0.506960 0.539936
vt 0.467116 0.524101
vt 0.507833 0.538146
vt 0.467447 0.522146
vt 0.508702 0.536354
vt 0.467787 0.520205
vt 0.509566 0.534561
vt 0.468135 0.518282
vt 0.510425 0.532767
vt 0.468491 0.516375
vt 0.511278 0.530971
vt 0.468854 0.514485
vt 0.512125 0.529178
vt 0.469223 0.512611
vt 0.512965 0.527383
vt 0.469598 0.510754
vt 0.513797 0.525585
vt 0.469979 0.508912
vt 0.514621 0.523785
vt 0.470366 0.507086
vt 0.515437 0.521982
vt 0.470757 0.505274
vt 0.516245 0.520175
vt 0.471153 0.503477
vt 0.517044 0.518363
vt 0.471553 0.501693
vt 0.517832 0.516546
vt 0.471958 0.499921
vt 0.518609 0.514722
vt 0.472367 0.498160
vt 0.519376 0.512890
vt 0.472781 0.496407
vt 0.520131 0.511050
vt 0.473199 0.494661
vt 0.520875 0.509198
vt 0.473621 0.492919
vt 0.521610 0.507334
vt 0.474048 0.491181
vt 0.522335 0.505456
vt 0.474480 0.489443
vt 0.523050 0.503563
vt 0.474916 0.487703
vt 0.523754 0.501648
vt 0.475356 0.485960
vt 0.524450 0.499716
vt 0.525139 0.497762
s 0
usemtl マテリアル
f 156/1/1 158/2/1 157/3/1
f 156/1/2 159/4/2 158/2/2
f 155/5/1 159/4/1 156/1/1
f 155/5/3 160/6/3 159/4/3
f 154/7/3 160/6/3 155/5/3
f 154/7/1 161/8/1 160/6/1
f 153/9/4 161/8/4 154/7/4
f 153/9/4 162/10/4 161/8/4
f 152/11/4 162/10/4 153/9/4
f 152/11/3 163/12/3 162/10/3
f 151/13/4 163/12/4 152/11/4
f 151/13/4 164/14/4 163/12/4
f 150/15/3 164/14/3 151/13/3
f 150/15/4 165/16/4 164/14/4
f 149/17/4 165/16/4 150/15/4
f 149/17/3 166/18/3 165/16/3
f 148/19/4 166/18/4 149/17/4
f 148/19/4 167/20/4 166/18/4
f 147/21/4 167/20/4 148/19/4
f 147/21/3 168/22/3 167/20/3
f 146/23/3 168/22/3 147/21/3
f 146/23/4 169/24/4 168/22/4
f 145/25/4 169/24/4 146/23/4
f 145/25/4 170/26/4 169/24/4
f 145/25/4 171/27/4 170/26/4
f 144/28/4 171/27/4 145/25/4
f 144/28/4 172/29/4 171/27/4
f 143/30/4 172/29/4 144/28/4
f 143/30/4 173/31/4 172/29/4
f 142/32/4 173/31/4 143/30/4
f 142/32/4 174/33/4 173/31/4
f 141/34/4 174/33/4 142/32/4
f 141/34/3 175/35/3 174/33/3
f 140/36/4 175/35/4 141/34/4
f 140/36/4 176/37/4 175/35/4
f 139/38/4 176/37/4 140/36/4
f 139/38/3 177/39/3 176/37/3
f 139/38/4 178/40/4 177/39/4
f 138/41/3 178/40/3 139/38/3
f 138/41/4 179/42/4 178/40/4
f 137/43/4 179/42/4 138/41/4
f 137/43/4 180/44/4 179/42/4
f 136/45/4 180/44/4 137/43/4
f 136/45/4 181/46/4 180/44/4
f 136/45/4 192/47/4 181/46/4
f 192/47/4 191/48/4 181/46/4
f 191/48/4 190/49/4 181/46/4
f 190/49/4 189/50/4 181/46/4
f 189/50/4 188/51/4 181/46/4
f 188/51/4 187/52/4 181/46/4
f 187/52/4 186/53/4 181/46/4
f 186/53/4 185/54/4 181/46/4
f 185/54/4 184/55/4 181/46/4
f 184/55/4 183/56/4 181/46/4
f 183/56/4 182/57/4 181/46/4
f 135/58/4 193/59/4 136/45/4
f 193/59/1 192/47/1 136/45/1
f 134/60/4 194/61/4 135/58/4
f 194/61/1 193/59/1 135/58/1
f 133/62/4 195/63/4 134/60/4
f 195/63/5 194/61/5 134/60/5
f 132/64/4 196/65/4 133/62/4
f 196/65/6 195/63/6 133/62/6
f 131/66/4 197/67/4 132/64/4
f 197/67/7 196/65/7 132/64/7
f 130/68/4 199/69/4 131/66/4
f 199/69/8 198/70/8 131/66/8
f 198/70/9 197/67/9 131/66/9
f 129/71/4 200/72/4 130/68/4
f 200/72/10 199/69/10 130/68/10
f 128/73/4 201/74/4 129/71/4
f 201/74/11 200/72/11 129/71/11
f 127/75/4 202/76/4 128/73/4
f 202/76/12 201/74/12 128/73/12
f 126/77/4 204/78/4 127/75/4
f 204/78/1 203/79/1 127/75/1
f 203/79/13 202/76/13 127/75/13
f 125/80/4 205/81/4 126/77/4
f 205/81/14 204/78/14 126/77/14
f 124/82/4 206/83/4 125/80/4
f 206/83/4 205/81/4 125/80/4
f 124/82/14 207/84/14 206/83/14
f 124/82/1 208/85/1 207/84/1
f 124/82/4 209/86/4 208/85/4
f 124/82/3 210/87/3 209/86/3
f 123/88/4 210/87/4 124/82/4
f 123/88/4 211/89/4 210/87/4
f 123/88/3 212/90/3 211/89/3
f 123/88/4 213/91/4 212/90/4
f 122/92/4 213/91/4 123/88/4
f 122/92/3 214/93/3 213/91/3
f 122/92/4 215/94/4 214/93/4
f 121/95/4 215/94/4 122/92/4
f 121/95/4 216/96/4 215/94/4
f 121/95/4 217/97/4 216/96/4
f 120/98/4 217/97/4 121/95/4
f 120/98/4 218/99/4 217/97/4
f 120/98/4 219/100/4 218/99/4
f 119/101/4 219/100/4 120/98/4
f 119/101/4 220/102/4 219/100/4
f 118/103/4 220/102/4 119/101/4
f 118/103/4 221/104/4 220/102/4
f 118/103/4 222/105/4 221/104/4
f 117/106/4 222/105/4 118/103/4
f 117/106/4 223/107/4 222/105/4
f 116/108/4 223/107/4 117/106/4
f 116/108/4 224/109/4 223/107/4
f 115/110/4 224/109/4 116/108/4
f 115/110/4 225/111/4 224/109/4
f 115/110/4 226/112/4 225/111/4
f 114/113/4 226/112/4 115/110/4
f 114/113/4 227/114/4 226/112/4
f 113/115/4 227/114/4 114/113/4
f 113/115/4 228/116/4 227/114/4
f 112/117/4 228/116/4 113/115/4
f 112/117/4 229/118/4 228/116/4
f 111/119/4 229/118/4 112/117/4
f 111/119/4 230/120/4 229/118/4
f 110/121/4 230/120/4 111/119/4
f 110/121/4 231/122/4 230/120/4
f 110/121/4 232/123/4 231/122/4
f 109/124/4 232/123/4 110/121/4
f 109/124/4 233/125/4 232/123/4
f 109/124/4 234/126/4 233/125/4
f 108/127/4 234/126/4 109/124/4
f 108/127/4 235/128/4 234/126/4
f 108/127/4 236/129/4 235/128/4
f 107/130/4 236/129/4 108/127/4
f 107/130/4 237/131/4 236/129/4
f 107/130/4 238/132/4 237/131/4
f 106/133/4 238/132/4 107/130/4
f 106/133/4 239/134/4 238/132/4
f 106/133/4 240/135/4 239/134/4
f 105/136/4 240/135/4 106/133/4
f 105/136/4 241/137/4 240/135/4
f 105/136/4 242/138/4 241/137/4
f 104/139/4 242/138/4 105/136/4
f 104/139/4 243/140/4 242/138/4
f 104/139/4 244/141/4 243/140/4
f 103/142/4 244/141/4 104/139/4
f 103/142/4 245/143/4 244/141/4
f 103/142/4 246/144/4 245/143/4
f 103/142/4 247/145/4 246/144/4
f 102/146/4 247/145/4 103/142/4
f 102/146/4 248/147/4 247/145/4
f 102/146/4 249/148/4 248/147/4
f 101/149/4 249/148/4 102/146/4
f 101/149/4 250/150/4 249/148/4
f 101/149/4 251/151/4 250/150/4
f 101/149/3 252/152/3 251/151/3
f 100/153/4 252/152/4 101/149/4
f 100/153/4 253/154/4 252/152/4
f 100/153/4 254/155/4 253/154/4
f 99/156/4 254/155/4 100/153/4
f 99/156/4 255/157/4 254/155/4
f 99/156/3 256/158/3 255/157/3
f 99/156/4 257/159/4 256/158/4
f 98/160/4 257/159/4 99/156/4
f 98/160/3 258/161/3 257/159/3
f 98/160/4 259/162/4 258/161/4
f 98/160/4 260/163/4 259/162/4
f 97/164/4 260/163/4 98/160/4
f 97/164/4 261/165/4 260/163/4
f 97/164/4 262/166/4 261/165/4
f 97/164/3 263/167/3 262/166/3
f 96/168/4 263/167/4 97/164/4
f 96/168/4 264/169/4 263/167/4
f 96/168/3 265/170/3 264/169/3
f 96/168/4 266/171/4 265/170/4
f 96/168/3 267/172/3 266/171/3
f 95/173/4 267/172/4 96/168/4
f 95/173/3 268/174/3 267/172/3
f 95/173/4 269/175/4 268/174/4
f 95/173/4 270/176/4 269/175/4
f 94/177/4 270/176/4 95/173/4
f 94/177/3 271/178/3 270/176/3
f 94/177/4 272/179/4 271/178/4
f 94/177/4 273/180/4 272/179/4
f 94/177/4 274/181/4 273/180/4
f 93/182/4 274/181/4 94/177/4
f 93/182/4 275/183/4 274/181/4
f 93/182/4 276/184/4 275/183/4
f 93/182/3 277/185/3 276/184/3
f 92/186/4 277/185/4 93/182/4
f 92/186/4 278/187/4 277/185/4
f 92/186/4 279/188/4 278/187/4
f 92/186/4 280/189/4 279/188/4
f 91/190/4 280/189/4 92/186/4
f 91/190/4 281/191/4 280/189/4
f 91/190/4 282/192/4 281/191/4
f 91/190/3 283/193/3 282/192/3
f 90/194/4 283/193/4 91/190/4
f 90/194/4 284/195/4 283/193/4
f 90/194/4 285/196/4 284/195/4
f 89/197/4 285/196/4 90/194/4
f 89/197/3 286/198/3 285/196/3
f 89/197/4 287/199/4 286/198/4
f 88/200/4 287/199/4 89/197/4
f 88/200/4 288/201/4 287/199/4
f 88/200/4 289/202/4 288/201/4
f 87/203/4 289/202/4 88/200/4
f 87/203/3 290/204/3 289/202/3
f 87/203/4 291/205/4 290/204/4
f 86/206/4 291/205/4 87/203/4
f 86/206/3 292/207/3 291/205/3
f 85/208/4 292/207/4 86/206/4
f 85/208/4 293/209/4 292/207/4
f 85/208/4 294/210/4 293/209/4
f 84/211/4 294/210/4 85/208/4
f 84/211/4 295/212/4 294/210/4
f 83/213/4 295/212/4 84/211/4
f 83/213/4 296/214/4 295/212/4
f 83/213/4 297/215/4 296/214/4
f 82/216/4 297/215/4 83/213/4
f 82/216/4 298/217/4 297/215/4
f 81/218/4 298/217/4 82/216/4
f 81/218/3 299/219/3 298/217/3
f 80/220/4 299/219/4 81/218/4
f 80/220/4 300/221/4 299/219/4
f 79/222/4 300/221/4 80/220/4
f 79/222/4 301/223/4 300/221/4
f 78/224/4 301/223/4 79/222/4
f 78/224/4 302/225/4 301/223/4
f 77/226/4 302/225/4 78/224/4
f 77/226/4 303/227/4 302/225/4
f 76/228/3 303/227/3 77/226/3
f 76/228/4 304/229/4 303/227/4
f 75/230/4 304/229/4 76/228/4
f 74/231/4 304/229/4 75/230/4
f 74/231/4 305/232/4 304/229/4
f 73/233/4 305/232/4 74/231/4
f 73/233/4 306/234/4 305/232/4
f 72/235/3 306/234/3 73/233/3
f 71/236/4 306/234/4 72/235/4
f 71/236/4 307/237/4 306/234/4
f 70/238/4 307/237/4 71/236/4
f 70/238/4 308/239/4 307/237/4
f 69/240/3 308/239/3 70/238/3
f 68/241/4 308/239/4 69/240/4
f 68/241/4 309/242/4 308/239/4
f 67/243/4 309/242/4 68/241/4
f 66/244/4 309/242/4 67/243/4
f 66/244/4 310/245/4 309/242/4
f 65/246/4 310/245/4 66/244/4
f 64/247/4 310/245/4 65/246/4
f 64/247/4 311/248/4 310/245/4
f 63/249/4 311/248/4 64/247/4
f 62/250/4 311/248/4 63/249/4
f 61/251/4 311/248/4 62/250/4
f 61/251/4 312/252/4 311/248/4
f 60/253/4 312/252/4 61/251/4
f 59/254/3 312/252/3 60/253/3
f 58/255/4 312/252/4 59/254/4
f 58/255/4 313/256/4 312/252/4
f 57/257/4 313/256/4 58/255/4
f 56/258/4 313/256/4 57/257/4
f 55/259/3 313/256/3 56/258/3
f 54/260/4 313/256/4 55/259/4
f 54/260/4 314/261/4 313/256/4
f 53/262/4 314/261/4 54/260/4
f 52/263/3 314/261/3 53/262/3
f 51/264/4 314/261/4 52/263/4
f 51/264/4 315/265/4 314/261/4
f 50/266/4 315/265/4 51/264/4
f 49/267/3 315/265/3 50/266/3
f 48/268/4 315/265/4 49/267/4
f 47/269/4 315/265/4 48/268/4
f 47/269/4 316/270/4 315/265/4
f 46/271/3 316/270/3 47/269/3
f 45/272/4 316/270/4 46/271/4
f 44/273/3 316/270/3 45/272/3
f 43/274/4 316/270/4 44/273/4
f 43/274/4 317/275/4 316/270/4
f 42/276/4 317/275/4 43/274/4
f 41/277/4 317/275/4 42/276/4
f 40/278/4 317/275/4 41/277/4
f 39/279/3 317/275/3 40/278/3
f 39/279/4 318/280/4 317/275/4
f 38/281/4 318/280/4 39/279/4
f 37/282/4 318/280/4 38/281/4
f 36/283/3 318/280/3 37/282/3
f 36/283/4 319/284/4 318/280/4
f 35/285/4 319/284/4 36/283/4
f 34/286/4 319/284/4 35/285/4
f 33/287/4 319/284/4 34/286/4
f 33/287/4 320/288/4 319/284/4
f 32/289/4 320/288/4 33/287/4
f 31/290/4 320/288/4 32/289/4
f 30/291/4 320/288/4 31/290/4
f 30/291/4 321/292/4 320/288/4
f 29/293/4 321/292/4 30/291/4
f 28/294/4 321/292/4 29/293/4
f 27/295/3 321/292/3 28/294/3
f 27/295/4 322/296/4 321/292/4
f 26/297/4 322/296/4 27/295/4
f 25/298/4 322/296/4 26/297/4
f 24/299/4 322/296/4 25/298/4
f 24/299/4 323/300/4 322/296/4
f 23/301/4 323/300/4 24/299/4
f 22/302/4 323/300/4 23/301/4
f 22/302/4 324/303/4 323/300/4
f 21/304/4 324/303/4 22/302/4
f 20/305/4 324/303/4 21/304/4
f 20/305/4 325/306/4 324/303/4
f 19/307/4 325/306/4 20/305/4
f 18/308/4 325/306/4 19/307/4
f 17/309/4 325/306/4 18/308/4
f 17/309/4 326/310/4 325/306/4
f 16/311/4 326/310/4 17/309/4
f 15/312/4 326/310/4 16/311/4
f 15/312/4 327/313/4 326/310/4
f 14/314/4 327/313/4 15/312/4
f 13/315/4 327/313/4 14/314/4
f 13/315/4 328/316/4 327/313/4
f 12/317/4 328/316/4 13/315/4
f 11/318/4 328/316/4 12/317/4
f 11/318/4 329/319/4 328/316/4
f 10/320/4 329/319/4 11/318/4
f 9/321/4 329/319/4 10/320/4
f 9/321/4 330/322/4 329/319/4
f 8/323/4 330/322/4 9/321/4
f 7/324/4 330/322/4 8/323/4
f 7/324/4 331/325/4 330/322/4
f 6/326/4 331/325/4 7/324/4
f 5/327/4 331/325/4 6/326/4
f 5/327/4 332/328/4 331/325/4
f 4/329/4 332/328/4 5/327/4
f 3/330/4 332/328/4 4/329/4
f 3/330/4 333/331/4 332/328/4
f 2/332/4 333/331/4 3/330/4
f 1/333/4 333/331/4 2/332/4
f 1/333/4 334/334/4 333/331/4
f 482/335/4 334/334/4 1/333/4
f 481/336/4 334/334/4 482/335/4
f 481/336/4 335/337/4 334/334/4
f 480/338/4 335/337/4 481/336/4
f 479/339/4 335/337/4 480/338/4
f 478/340/4 335/337/4 479/339/4
f 478/340/4 336/341/4 335/337/4
f 477/342/4 336/341/4 478/340/4
f 476/343/4 336/341/4 477/342/4
f 476/343/4 337/344/4 336/341/4
f 475/345/4 337/344/4 476/343/4
f 422/346/4 424/347/4 423/348/4
f 474/349/4 337/344/4 475/345/4
f 422/346/4 425/350/4 424/347/4
f 473/351/4 337/344/4 474/349/4
f 473/351/4 338/352/4 337/344/4
f 422/346/4 426/353/4 425/350/4
f 472/354/4 338/352/4 473/351/4
f 422/346/4 427/355/4 426/353/4
f 471/356/4 338/352/4 472/354/4
f 422/346/4 428/357/4 427/355/4
f 471/356/4 339/358/4 338/352/4
f 470/359/4 339/358/4 471/356/4
f 422/346/4 429/360/4 428/357/4
f 469/361/4 339/358/4 470/359/4
f 422/346/4 430/362/4 429/360/4
f 468/363/4 339/358/4 469/361/4
f 422/346/4 431/364/4 430/362/4
f 468/363/4 340/365/4 339/358/4
f 467/366/4 340/365/4 468/363/4
f 422/346/4 432/367/4 431/364/4
f 466/368/3 340/365/3 467/366/3
f 465/369/4 340/365/4 466/368/4
f 422/346/4 433/370/4 432/367/4
f 464/371/4 340/365/4 465/369/4
f 422/346/4 434/372/4 433/370/4
f 464/371/4 341/373/4 340/365/4
f 463/374/4 341/373/4 464/371/4
f 422/346/4 435/375/4 434/372/4
f 462/376/3 341/373/3 463/374/3
f 422/346/4 436/377/4 435/375/4
f 461/378/4 341/373/4 462/376/4
f 460/379/3 341/373/3 461/378/3
f 422/346/4 437/380/4 436/377/4
f 460/379/4 342/381/4 341/373/4
f 459/382/4 342/381/4 460/379/4
f 422/346/4 438/383/4 437/380/4
f 458/384/3 342/381/3 459/382/3
f 422/346/4 439/385/4 438/383/4
f 457/386/4 342/381/4 458/384/4
f 422/346/4 440/387/4 439/385/4
f 456/388/4 342/381/4 457/386/4
f 455/389/4 342/381/4 456/388/4
f 422/346/4 441/390/4 440/387/4
f 455/389/4 343/391/4 342/381/4
f 454/392/3 343/391/3 455/389/3
f 422/346/4 442/393/4 441/390/4
f 453/394/3 343/391/3 454/392/3
f 422/346/4 443/395/4 442/393/4
f 452/396/3 343/391/3 453/394/3
f 422/346/4 444/397/4 443/395/4
f 451/398/4 343/391/4 452/396/4
f 450/399/1 343/391/1 451/398/1
f 422/346/4 445/400/4 444/397/4
f 449/401/4 343/391/4 450/399/4
f 422/346/4 446/402/4 445/400/4
f 448/403/2 343/391/2 449/401/2
f 422/346/4 447/404/4 446/402/4
f 447/404/2 343/391/2 448/403/2
f 422/346/4 343/391/4 447/404/4
f 422/346/4 344/405/4 343/391/4
f 422/346/4 345/406/4 344/405/4
f 422/346/4 346/407/4 345/406/4
f 422/346/4 347/408/4 346/407/4
f 422/346/4 348/409/4 347/408/4
f 422/346/4 349/410/4 348/409/4
f 422/346/4 350/411/4 349/410/4
f 422/346/4 351/412/4 350/411/4
f 422/346/4 352/413/4 351/412/4
f 422/346/4 353/414/4 352/413/4
f 422/346/4 354/415/4 353/414/4
f 421/416/4 354/415/4 422/346/4
f 420/417/4 354/415/4 421/416/4
f 419/418/4 354/415/4 420/417/4
f 419/418/4 355/419/4 354/415/4
f 418/420/4 355/419/4 419/418/4
f 417/421/4 355/419/4 418/420/4
f 416/422/4 355/419/4 417/421/4
f 416/422/4 356/423/4 355/419/4
f 415/424/4 356/423/4 416/422/4
f 414/425/4 356/423/4 415/424/4
f 413/426/4 356/423/4 414/425/4
f 413/426/4 357/427/4 356/423/4
f 412/428/4 357/427/4 413/426/4
f 411/429/4 357/427/4 412/428/4
f 410/430/3 357/427/3 411/429/3
f 410/430/4 358/431/4 357/427/4
f 409/432/4 358/431/4 410/430/4
f 408/433/4 358/431/4 409/432/4
f 407/434/4 358/431/4 408/433/4
f 407/434/4 359/435/4 358/431/4
f 406/436/4 359/435/4 407/434/4
f 405/437/3 359/435/3 406/436/3
f 405/437/4 360/438/4 359/435/4
f 404/439/4 360/438/4 405/437/4
f 403/440/3 360/438/3 404/439/3
f 402/441/4 360/438/4 403/440/4
f 402/441/4 361/442/4 360/438/4
f 401/443/4 361/442/4 402/441/4
f 400/444/4 361/442/4 401/443/4
f 400/444/4 362/445/4 361/442/4
f 399/446/4 362/445/4 400/444/4
f 398/447/3 362/445/3 399/446/3
f 397/448/4 362/445/4 398/447/4
f 397/448/4 363/449/4 362/445/4
f 396/450/3 363/449/3 397/448/3
f 395/451/4 363/449/4 396/450/4
f 395/451/4 364/452/4 363/449/4
f 394/453/3 364/452/3 395/451/3
f 393/454/4 364/452/4 394/453/4
f 393/454/4 365/455/4 364/452/4
f 392/456/4 365/455/4 393/454/4
f 391/457/4 365/455/4 392/456/4
f 391/457/4 366/458/4 365/455/4
f 390/459/4 366/458/4 391/457/4
f 389/460/4 366/458/4 390/459/4
f 389/460/3 367/461/3 366/458/3
f 388/462/4 367/461/4 389/460/4
f 387/463/4 367/461/4 388/462/4
f 387/463/4 368/464/4 367/461/4
f 386/465/4 368/464/4 387/463/4
f 385/466/3 368/464/3 386/465/3
f 385/466/4 369/467/4 368/464/4
f 384/468/4 369/467/4 385/466/4
f 383/469/3 369/467/3 384/468/3
f 383/469/3 370/470/3 369/467/3
f 382/471/1 370/470/1 383/469/1
f 381/472/4 370/470/4 382/471/4
f 381/472/4 371/473/4 370/470/4
f 380/474/3 371/473/3 381/472/3
f 379/475/4 371/473/4 380/474/4
f 379/475/3 372/476/3 371/473/3
f 378/477/3 372/476/3 379/475/3
f 377/478/15 372/476/15 378/477/15
f 377/478/3 373/479/3 372/476/3
f 376/480/16 373/479/16 377/478/16
f 375/481/4 373/479/4 376/480/4
f 375/481/4 374/482/4 373/479/4
f 690/483/4 692/484/4 691/485/4
f 690/483/4 693/486/4 692/484/4
f 543/487/4 545/488/4 544/489/4
f 543/487/4 546/490/4 545/488/4
f 689/491/4 693/486/4 690/483/4
f 688/492/4 693/486/4 689/491/4
f 542/493/4 546/490/4 543/487/4
f 687/494/4 693/486/4 688/492/4
f 686/495/4 693/486/4 687/494/4
f 541/496/4 546/490/4 542/493/4
f 686/495/4 694/497/4 693/486/4
f 685/498/4 694/497/4 686/495/4
f 685/498/4 695/499/4 694/497/4
f 540/500/4 546/490/4 541/496/4
f 685/498/4 696/501/4 695/499/4
f 684/502/4 696/501/4 685/498/4
f 684/502/4 697/503/4 696/501/4
f 539/504/4 546/490/4 540/500/4
f 683/505/4 697/503/4 684/502/4
f 683/505/3 698/506/3 697/503/3
f 682/507/4 698/506/4 683/505/4
f 538/508/4 546/490/4 539/504/4
f 682/507/4 699/509/4 698/506/4
f 682/507/4 700/510/4 699/509/4
f 681/511/4 700/510/4 682/507/4
f 538/508/4 547/512/4 546/490/4
f 537/513/4 547/512/4 538/508/4
f 681/511/4 701/514/4 700/510/4
f 680/515/4 701/514/4 681/511/4
f 680/515/3 702/516/3 701/514/3
f 536/517/4 547/512/4 537/513/4
f 536/517/4 548/518/4 547/512/4
f 679/519/4 702/516/4 680/515/4
f 679/519/4 703/520/4 702/516/4
f 535/521/4 548/518/4 536/517/4
f 679/519/4 704/522/4 703/520/4
f 678/523/4 704/522/4 679/519/4
f 535/521/4 549/524/4 548/518/4
f 678/523/4 705/525/4 704/522/4
f 534/526/4 549/524/4 535/521/4
f 677/527/4 705/525/4 678/523/4
f 677/527/4 706/528/4 705/525/4
f 534/526/4 550/529/4 549/524/4
f 677/527/4 707/530/4 706/528/4
f 676/531/4 707/530/4 677/527/4
f 533/532/4 550/529/4 534/526/4
f 676/531/4 708/533/4 707/530/4
f 675/534/4 708/533/4 676/531/4
f 532/535/4 550/529/4 533/532/4
f 675/534/4 709/536/4 708/533/4
f 532/535/4 551/537/4 550/529/4
f 675/534/4 710/538/4 709/536/4
f 674/539/4 710/538/4 675/534/4
f 531/540/4 551/537/4 532/535/4
f 674/539/3 711/541/3 710/538/3
f 531/540/4 552/542/4 551/537/4
f 673/543/4 711/541/4 674/539/4
f 530/544/4 552/542/4 531/540/4
f 673/543/4 712/545/4 711/541/4
f 673/543/4 713/546/4 712/545/4
f 672/547/4 713/546/4 673/543/4
f 529/548/4 552/542/4 530/544/4
f 529/548/4 553/549/4 552/542/4
f 672/547/4 714/550/4 713/546/4
f 671/551/4 714/550/4 672/547/4
f 528/552/4 553/549/4 529/548/4
f 671/551/4 715/553/4 714/550/4
f 528/552/4 554/554/4 553/549/4
f 671/551/4 716/555/4 715/553/4
f 527/556/4 554/554/4 528/552/4
f 670/557/4 716/555/4 671/551/4
f 670/557/4 717/558/4 716/555/4
f 526/559/4 554/554/4 527/556/4
f 526/559/4 555/560/4 554/554/4
f 669/561/4 717/558/4 670/557/4
f 669/561/4 718/562/4 717/558/4
f 525/563/4 555/560/4 526/559/4
f 668/564/4 718/562/4 669/561/4
f 668/564/3 719/565/3 718/562/3
f 525/563/4 556/566/4 555/560/4
f 524/567/4 556/566/4 525/563/4
f 667/568/4 719/565/4 668/564/4
f 667/568/4 720/569/4 719/565/4
f 524/567/4 557/570/4 556/566/4
f 523/571/4 557/570/4 524/567/4
f 666/572/4 720/569/4 667/568/4
f 666/572/4 721/573/4 720/569/4
f 522/574/4 557/570/4 523/571/4
f 522/574/4 558/575/4 557/570/4
f 521/576/4 558/575/4 522/574/4
f 665/577/4 721/573/4 666/572/4
f 665/577/4 722/578/4 721/573/4
f 521/576/4 559/579/4 558/575/4
f 520/580/4 559/579/4 521/576/4
f 665/577/4 723/581/4 722/578/4
f 519/582/4 559/579/4 520/580/4
f 664/583/4 723/581/4 665/577/4
f 519/582/4 560/584/4 559/579/4
f 664/583/4 724/585/4 723/581/4
f 518/586/4 560/584/4 519/582/4
f 518/586/4 561/587/4 560/584/4
f 664/583/3 725/588/3 724/585/3
f 663/589/4 725/588/4 664/583/4
f 663/589/4 726/590/4 725/588/4
f 518/586/4 562/591/4 561/587/4
f 517/592/4 562/591/4 518/586/4
f 663/589/4 727/593/4 726/590/4
f 517/592/4 563/594/4 562/591/4
f 662/595/4 727/593/4 663/589/4
f 662/595/4 728/596/4 727/593/4
f 517/592/4 564/597/4 563/594/4
f 516/598/4 564/597/4 517/592/4
f 662/595/4 729/599/4 728/596/4
f 661/600/4 729/599/4 662/595/4
f 516/598/4 565/601/4 564/597/4
f 661/600/4 730/602/4 729/599/4
f 515/603/4 565/601/4 516/598/4
f 515/603/4 566/604/4 565/601/4
f 661/600/4 731/605/4 730/602/4
f 660/606/4 731/605/4 661/600/4
f 515/603/4 567/607/4 566/604/4
f 660/606/4 732/608/4 731/605/4
f 514/609/4 567/607/4 515/603/4
f 660/606/4 733/610/4 732/608/4
f 659/611/4 733/610/4 660/606/4
f 514/609/4 568/612/4 567/607/4
f 659/611/4 734/613/4 733/610/4
f 514/609/4 569/614/4 568/612/4
f 513/615/4 569/614/4 514/609/4
f 659/611/4 735/616/4 734/613/4
f 658/617/4 735/616/4 659/611/4
f 513/615/4 570/618/4 569/614/4
f 658/617/4 736/619/4 735/616/4
f 512/620/4 570/618/4 513/615/4
f 512/620/4 571/621/4 570/618/4
f 658/617/4 737/622/4 736/619/4
f 657/623/4 737/622/4 658/617/4
f 657/623/4 738/624/4 737/622/4
f 511/625/4 571/621/4 512/620/4
f 511/625/4 572/626/4 571/621/4
f 657/623/4 739/627/4 738/624/4
f 656/628/4 739/627/4 657/623/4
f 656/628/4 740/629/4 739/627/4
f 510/630/4 572/626/4 511/625/4
f 510/630/4 573/631/4 572/626/4
f 656/628/4 741/632/4 740/629/4
f 655/633/4 741/632/4 656/628/4
f 509/634/4 573/631/4 510/630/4
f 655/633/3 742/635/3 741/632/3
f 509/634/4 574/636/4 573/631/4
f 655/633/4 743/637/4 742/635/4
f 508/638/4 574/636/4 509/634/4
f 655/633/4 744/639/4 743/637/4
f 654/640/4 744/639/4 655/633/4
f 508/638/4 575/641/4 574/636/4
f 654/640/4 745/642/4 744/639/4
f 507/643/4 575/641/4 508/638/4
f 654/640/4 746/644/4 745/642/4
f 653/645/4 746/644/4 654/640/4
f 653/645/4 747/646/4 746/644/4
f 507/643/4 576/647/4 575/641/4
f 506/648/4 576/647/4 507/643/4
f 653/645/3 748/649/3 747/646/3
f 505/650/4 576/647/4 506/648/4
f 653/645/4 749/651/4 748/649/4
f 505/650/4 577/652/4 576/647/4
f 652/653/4 749/651/4 653/645/4
f 652/653/4 750/654/4 749/651/4
f 504/655/4 577/652/4 505/650/4
f 652/653/4 751/656/4 750/654/4
f 652/653/4 752/657/4 751/656/4
f 503/658/4 577/652/4 504/655/4
f 503/658/4 578/659/4 577/652/4
f 652/653/3 483/660/3 752/657/3
f 651/661/4 483/660/4 652/653/4
f 502/662/3 578/659/3 503/658/3
f 651/661/3 484/663/3 483/660/3
f 651/661/4 485/664/4 484/663/4
f 501/665/4 578/659/4 502/662/4
f 501/665/4 579/666/4 578/659/4
f 651/661/4 486/667/4 485/664/4
f 500/668/4 579/666/4 501/665/4
f 651/661/4 487/669/4 486/667/4
f 650/670/4 487/669/4 651/661/4
f 650/670/3 488/671/3 487/669/3
f 499/672/4 579/666/4 500/668/4
f 650/670/1 489/673/1 488/671/1
f 498/674/3 579/666/3 499/672/3
f 650/670/3 490/675/3 489/673/3
f 498/674/4 580/676/4 579/666/4
f 650/670/4 491/677/4 490/675/4
f 497/678/4 580/676/4 498/674/4
f 650/670/14 492/679/14 491/677/14
f 496/680/4 580/676/4 497/678/4
f 650/670/1 493/681/1 492/679/1
f 650/670/14 494/682/14 493/681/14
f 495/683/14 580/676/14 496/680/14
f 650/670/2 495/683/2 494/682/2
f 650/670/4 580/676/4 495/683/4
f 649/684/4 580/676/4 650/670/4
f 649/684/4 581/685/4 580/676/4
f 648/686/4 581/685/4 649/684/4
f 648/686/4 582/687/4 581/685/4
f 647/688/4 582/687/4 648/686/4
f 647/688/4 583/689/4 582/687/4
f 647/688/4 584/690/4 583/689/4
f 646/691/4 584/690/4 647/688/4
f 646/691/4 585/692/4 584/690/4
f 645/693/4 585/692/4 646/691/4
f 645/693/4 586/694/4 585/692/4
f 644/695/4 586/694/4 645/693/4
f 644/695/4 587/696/4 586/694/4
f 643/697/4 587/696/4 644/695/4
f 643/697/4 588/698/4 587/696/4
f 642/699/4 588/698/4 643/697/4
f 642/699/4 589/700/4 588/698/4
f 641/701/4 589/700/4 642/699/4
f 641/701/4 590/702/4 589/700/4
f 641/701/4 591/703/4 590/702/4
f 640/704/4 591/703/4 641/701/4
f 640/704/4 592/705/4 591/703/4
f 639/706/4 592/705/4 640/704/4
f 639/706/4 593/707/4 592/705/4
f 638/708/4 593/707/4 639/706/4
f 638/708/4 594/709/4 593/707/4
f 637/710/4 594/709/4 638/708/4
f 637/710/4 595/711/4 594/709/4
f 636/712/4 595/711/4 637/710/4
f 636/712/4 596/713/4 595/711/4
f 636/712/3 597/714/3 596/713/3
f 635/715/4 597/714/4 636/712/4
f 635/715/4 598/716/4 597/714/4
f 634/717/4 598/716/4 635/715/4
f 634/717/4 599/718/4 598/716/4
f 633/719/4 599/718/4 634/717/4
f 633/719/4 600/720/4 599/718/4
f 632/721/4 600/720/4 633/719/4
f 632/721/4 601/722/4 600/720/4
f 631/723/4 601/722/4 632/721/4
f 631/723/4 602/724/4 601/722/4
f 631/723/4 603/725/4 602/724/4
f 630/726/4 603/725/4 631/723/4
f 630/726/4 604/727/4 603/725/4
f 629/728/4 604/727/4 630/726/4
f 629/728/4 605/729/4 604/727/4
f 628/730/3 605/729/3 629/728/3
f 628/730/4 606/731/4 605/729/4
f 627/732/4 606/731/4 628/730/4
f 627/732/4 607/733/4 606/731/4
f 627/732/4 608/734/4 607/733/4
f 626/735/4 608/734/4 627/732/4
f 626/735/4 609/736/4 608/734/4
f 625/737/4 609/736/4 626/735/4
f 625/737/3 610/738/3 609/736/3
f 624/739/4 610/738/4 625/737/4
f 624/739/4 611/740/4 610/738/4
f 623/741/4 611/740/4 624/739/4
f 623/741/3 612/742/3 611/740/3
f 622/743/4 612/742/4 623/741/4
f 622/743/4 613/744/4 612/742/4
f 622/743/4 614/745/4 613/744/4
f 621/746/4 614/745/4 622/743/4
f 621/746/3 615/747/3 614/745/3
f 620/748/4 615/747/4 621/746/4
f 620/748/1 616/749/1 615/747/1
f 619/750/4 616/749/4 620/748/4
f 619/750/3 617/751/3 616/749/3
f 618/752/2 617/751/2 619/750/2
f 782/753/4 784/754/4 783/755/4
f 782/753/4 768/756/4 784/754/4
f 768/756/4 767/757/4 784/754/4
f 767/757/4 785/758/4 784/754/4
f 810/759/4 812/760/4 811/761/4
f 810/759/4 753/762/4 812/760/4
f 782/753/4 769/763/4 768/756/4
f 766/764/4 785/758/4 767/757/4
f 782/753/4 770/765/4 769/763/4
f 765/766/4 785/758/4 766/764/4
f 782/753/4 771/767/4 770/765/4
f 764/768/4 785/758/4 765/766/4
f 782/753/4 772/769/4 771/767/4
f 763/770/4 785/758/4 764/768/4
f 782/753/4 773/771/4 772/769/4
f 762/772/4 785/758/4 763/770/4
f 782/753/4 774/773/4 773/771/4
f 761/774/4 785/758/4 762/772/4
f 782/753/4 775/775/4 774/773/4
f 760/776/4 785/758/4 761/774/4
f 782/753/4 776/777/4 775/775/4
f 759/778/4 785/758/4 760/776/4
f 759/778/4 786/779/4 785/758/4
f 809/780/4 753/762/4 810/759/4
f 782/753/4 777/781/4 776/777/4
f 758/782/4 786/779/4 759/778/4
f 758/782/4 787/783/4 786/779/4
f 782/753/4 778/784/4 777/781/4
f 808/785/4 753/762/4 809/780/4
f 757/786/4 787/783/4 758/782/4
f 757/786/4 788/787/4 787/783/4
f 782/753/4 779/788/4 778/784/4
f 756/789/4 788/787/4 757/786/4
f 807/790/4 753/762/4 808/785/4
f 756/789/4 789/791/4 788/787/4
f 782/753/4 780/792/4 779/788/4
f 755/793/4 789/791/4 756/789/4
f 806/794/4 753/762/4 807/790/4
f 755/793/4 790/795/4 789/791/4
f 782/753/4 781/796/4 780/792/4
f 754/797/4 790/795/4 755/793/4
f 805/798/4 753/762/4 806/794/4
f 754/797/4 791/799/4 790/795/4
f 804/800/4 753/762/4 805/798/4
f 754/797/4 792/801/4 791/799/4
f 803/802/4 753/762/4 804/800/4
f 754/797/4 793/803/4 792/801/4
f 802/804/4 753/762/4 803/802/4
f 754/797/4 794/805/4 793/803/4
f 801/806/4 753/762/4 802/804/4
f 754/797/4 795/807/4 794/805/4
f 800/808/4 753/762/4 801/806/4
f 754/797/4 796/809/4 795/807/4
f 799/810/4 753/762/4 800/808/4
f 754/797/4 797/811/4 796/809/4
f 798/812/4 753/762/4 799/810/4
f 754/797/4 798/812/4 797/811/4
f 754/797/4 753/762/4 798/812/4
f 1040/813/4 1042/814/4 1041/815/4
f 1040/813/14 1043/816/14 1042/814/14
f 1039/817/1 1043/816/1 1040/813/1
f 1039/817/4 1044/818/4 1043/816/4
f 1038/819/4 1044/818/4 1039/817/4
f 1038/819/4 1045/820/4 1044/818/4
f 1037/821/3 1045/820/3 1038/819/3
f 1037/821/4 1046/822/4 1045/820/4
f 1036/823/3 1046/822/3 1037/821/3
f 1036/823/3 1047/824/3 1046/822/3
f 1035/825/4 1047/824/4 1036/823/4
f 1035/825/4 1048/826/4 1047/824/4
f 1034/827/4 1048/826/4 1035/825/4
f 1034/827/3 1049/828/3 1048/826/3
f 1034/827/4 1050/829/4 1049/828/4
f 1033/830/4 1050/829/4 1034/827/4
f 1033/830/3 1051/831/3 1050/829/3
f 1032/832/4 1051/831/4 1033/830/4
f 1032/832/4 1052/833/4 1051/831/4
f 1031/834/4 1052/833/4 1032/832/4
f 1031/834/4 1053/835/4 1052/833/4
f 1030/836/4 1053/835/4 1031/834/4
f 1030/836/4 1054/837/4 1053/835/4
f 1029/838/3 1054/837/3 1030/836/3
f 1029/838/4 1055/839/4 1054/837/4
f 1268/840/4 1055/839/4 1029/838/4
f 1268/840/3 1056/841/3 1055/839/3
f 1268/840/4 1057/842/4 1056/841/4
f 1267/843/4 1057/842/4 1268/840/4
f 1267/843/4 1058/844/4 1057/842/4
f 1266/845/4 1058/844/4 1267/843/4
f 1266/845/4 1059/846/4 1058/844/4
f 1265/847/4 1059/846/4 1266/845/4
f 1265/847/4 1060/848/4 1059/846/4
f 1264/849/4 1060/848/4 1265/847/4
f 1264/849/4 1061/850/4 1060/848/4
f 1263/851/4 1061/850/4 1264/849/4
f 1263/851/4 1062/852/4 1061/850/4
f 1262/853/4 1062/852/4 1263/851/4
f 1262/853/4 1063/854/4 1062/852/4
f 1261/855/4 1063/854/4 1262/853/4
f 1261/855/4 1064/856/4 1063/854/4
f 1260/857/4 1064/856/4 1261/855/4
f 1260/857/4 1065/858/4 1064/856/4
f 1259/859/4 1065/858/4 1260/857/4
f 1259/859/4 1066/860/4 1065/858/4
f 1258/861/4 1066/860/4 1259/859/4
f 1258/861/4 1067/862/4 1066/860/4
f 1257/863/4 1067/862/4 1258/861/4
f 1257/863/4 1068/864/4 1067/862/4
f 1256/865/4 1068/864/4 1257/863/4
f 1256/865/4 1069/866/4 1068/864/4
f 1255/867/4 1069/866/4 1256/865/4
f 1255/867/4 1070/868/4 1069/866/4
f 1254/869/4 1070/868/4 1255/867/4
f 1254/869/4 1071/870/4 1070/868/4
f 1253/871/4 1071/870/4 1254/869/4
f 1253/871/3 825/872/3 1071/870/3
f 825/872/4 1072/873/4 1071/870/4
f 1253/871/17 826/874/17 825/872/17
f 824/875/17 1072/873/17 825/872/17
f 1253/871/4 827/876/4 826/874/4
f 823/877/3 1072/873/3 824/875/3
f 1253/871/4 828/878/4 827/876/4
f 1252/879/4 828/878/4 1253/871/4
f 1252/879/3 829/880/3 828/878/3
f 822/881/4 1072/873/4 823/877/4
f 1252/879/3 830/882/3 829/880/3
f 1252/879/4 831/883/4 830/882/4
f 821/884/4 1072/873/4 822/881/4
f 1252/879/4 832/885/4 831/883/4
f 821/884/4 1073/886/4 1072/873/4
f 820/887/4 1073/886/4 821/884/4
f 1252/879/4 833/888/4 832/885/4
f 1252/879/4 834/889/4 833/888/4
f 819/890/4 1073/886/4 820/887/4
f 1251/891/4 834/889/4 1252/879/4
f 1251/891/4 835/892/4 834/889/4
f 1251/891/4 836/893/4 835/892/4
f 818/894/4 1073/886/4 819/890/4
f 818/894/4 1074/895/4 1073/886/4
f 1251/891/4 837/896/4 836/893/4
f 817/897/4 1074/895/4 818/894/4
f 1251/891/4 838/898/4 837/896/4
f 1250/899/4 838/898/4 1251/891/4
f 1250/899/4 839/900/4 838/898/4
f 816/901/4 1074/895/4 817/897/4
f 816/901/4 1075/902/4 1074/895/4
f 1250/899/4 840/903/4 839/900/4
f 1249/904/4 840/903/4 1250/899/4
f 1249/904/4 841/905/4 840/903/4
f 815/906/4 1075/902/4 816/901/4
f 1249/904/4 842/907/4 841/905/4
f 815/906/4 1076/908/4 1075/902/4
f 814/909/4 1076/908/4 815/906/4
f 1249/904/4 843/910/4 842/907/4
f 1248/911/4 843/910/4 1249/904/4
f 1248/911/4 844/912/4 843/910/4
f 813/913/4 1076/908/4 814/909/4
f 813/913/4 1077/914/4 1076/908/4
f 1248/911/4 845/915/4 844/912/4
f 1247/916/4 845/915/4 1248/911/4
f 1247/916/4 846/917/4 845/915/4
f 1028/918/4 1077/914/4 813/913/4
f 1247/916/4 847/919/4 846/917/4
f 1028/918/4 1078/920/4 1077/914/4
f 1246/921/4 847/919/4 1247/916/4
f 1246/921/4 848/922/4 847/919/4
f 1027/923/4 1078/920/4 1028/918/4
f 1246/921/4 849/924/4 848/922/4
f 1027/923/4 1079/925/4 1078/920/4
f 1245/926/4 849/924/4 1246/921/4
f 1245/926/4 850/927/4 849/924/4
f 1026/928/4 1079/925/4 1027/923/4
f 1245/926/4 851/929/4 850/927/4
f 1026/928/4 1080/930/4 1079/925/4
f 1244/931/4 851/929/4 1245/926/4
f 1244/931/4 852/932/4 851/929/4
f 1025/933/4 1080/930/4 1026/928/4
f 1244/931/4 853/934/4 852/932/4
f 1243/935/4 853/934/4 1244/931/4
f 1025/933/4 1081/936/4 1080/930/4
f 1024/937/4 1081/936/4 1025/933/4
f 1243/935/4 854/938/4 853/934/4
f 1242/939/4 854/938/4 1243/935/4
f 1242/939/4 855/940/4 854/938/4
f 1024/937/4 1082/941/4 1081/936/4
f 1023/942/4 1082/941/4 1024/937/4
f 1242/939/4 856/943/4 855/940/4
f 1241/944/4 856/943/4 1242/939/4
f 1241/944/4 857/945/4 856/943/4
f 1023/942/4 1083/946/4 1082/941/4
f 1022/947/4 1083/946/4 1023/942/4
f 1241/944/4 858/948/4 857/945/4
f 1240/949/4 858/948/4 1241/944/4
f 1022/947/4 1084/950/4 1083/946/4
f 1240/949/4 859/951/4 858/948/4
f 1239/952/4 859/951/4 1240/949/4
f 1021/953/4 1084/950/4 1022/947/4
f 1239/952/4 860/954/4 859/951/4
f 1021/953/4 1085/955/4 1084/950/4
f 1239/952/4 861/956/4 860/954/4
f 1238/957/4 861/956/4 1239/952/4
f 1020/958/4 1085/955/4 1021/953/4
f 1238/957/4 862/959/4 861/956/4
f 1020/958/4 1086/960/4 1085/955/4
f 1237/961/4 862/959/4 1238/957/4
f 1237/961/4 863/962/4 862/959/4
f 1019/963/4 1086/960/4 1020/958/4
f 1237/961/4 864/964/4 863/962/4
f 1236/965/4 864/964/4 1237/961/4
f 1019/963/4 1087/966/4 1086/960/4
f 1236/965/4 865/967/4 864/964/4
f 1235/968/4 865/967/4 1236/965/4
f 1018/969/4 1087/966/4 1019/963/4
f 1018/969/4 1088/970/4 1087/966/4
f 1235/968/4 866/971/4 865/967/4
f 1234/972/4 866/971/4 1235/968/4
f 1234/972/4 867/973/4 866/971/4
f 1018/969/4 1089/974/4 1088/970/4
f 1017/975/4 1089/974/4 1018/969/4
f 1234/972/4 868/976/4 867/973/4
f 1233/977/4 868/976/4 1234/972/4
f 1233/977/4 869/978/4 868/976/4
f 1017/975/4 1090/979/4 1089/974/4
f 1232/980/4 869/978/4 1233/977/4
f 1016/981/4 1090/979/4 1017/975/4
f 1232/980/4 870/982/4 869/978/4
f 1016/981/4 1091/983/4 1090/979/4
f 1232/980/4 871/984/4 870/982/4
f 1015/985/4 1091/983/4 1016/981/4
f 1231/986/4 871/984/4 1232/980/4
f 1015/985/4 1092/987/4 1091/983/4
f 1231/986/4 872/988/4 871/984/4
f 1014/989/4 1092/987/4 1015/985/4
f 1230/990/4 872/988/4 1231/986/4
f 1014/989/4 1093/991/4 1092/987/4
f 1230/990/4 873/992/4 872/988/4
f 1013/993/4 1093/991/4 1014/989/4
f 1229/994/4 873/992/4 1230/990/4
f 1013/993/4 1094/995/4 1093/991/4
f 1229/994/4 874/996/4 873/992/4
f 1012/997/4 1094/995/4 1013/993/4
f 1229/994/4 875/998/4 874/996/4
f 1228/999/4 875/998/4 1229/994/4
f 1012/997/4 1095/1000/4 1094/995/4
f 1011/1001/4 1095/1000/4 1012/997/4
f 1228/999/4 876/1002/4 875/998/4
f 1010/1003/4 1095/1000/4 1011/1001/4
f 1010/1003/4 1096/1004/4 1095/1000/4
f 1227/1005/4 876/1002/4 1228/999/4
f 1227/1005/4 877/1006/4 876/1002/4
f 1009/1007/4 1096/1004/4 1010/1003/4
f 1009/1007/4 1097/1008/4 1096/1004/4
f 1226/1009/4 877/1006/4 1227/1005/4
f 1226/1009/4 878/1010/4 877/1006/4
f 1008/1011/4 1097/1008/4 1009/1007/4
f 1008/1011/4 1098/1012/4 1097/1008/4
f 1225/1013/4 878/1010/4 1226/1009/4
f 1225/1013/4 879/1014/4 878/1010/4
f 1007/1015/4 1098/1012/4 1008/1011/4
f 1007/1015/4 1099/1016/4 1098/1012/4
f 1225/1013/4 880/1017/4 879/1014/4
f 1224/1018/4 880/1017/4 1225/1013/4
f 1006/1019/4 1099/1016/4 1007/1015/4
f 1006/1019/4 1100/1020/4 1099/1016/4
f 1224/1018/4 881/1021/4 880/1017/4
f 1005/1022/4 1100/1020/4 1006/1019/4
f 1223/1023/4 881/1021/4 1224/1018/4
f 1223/1023/4 882/1024/4 881/1021/4
f 1005/1022/4 1101/1025/4 1100/1020/4
f 1004/1026/4 1101/1025/4 1005/1022/4
f 1222/1027/4 882/1024/4 1223/1023/4
f 1222/1027/4 883/1028/4 882/1024/4
f 1004/1026/4 1102/1029/4 1101/1025/4
f 1003/1030/4 1102/1029/4 1004/1026/4
f 1221/1031/4 883/1028/4 1222/1027/4
f 1221/1031/4 884/1032/4 883/1028/4
f 1002/1033/4 1102/1029/4 1003/1030/4
f 1002/1033/4 1103/1034/4 1102/1029/4
f 1221/1031/4 885/1035/4 884/1032/4
f 1220/1036/4 885/1035/4 1221/1031/4
f 1001/1037/4 1103/1034/4 1002/1033/4
f 1001/1037/4 1104/1038/4 1103/1034/4
f 1220/1036/4 886/1039/4 885/1035/4
f 1219/1040/4 886/1039/4 1220/1036/4
f 1000/1041/4 1104/1038/4 1001/1037/4
f 1000/1041/4 1105/1042/4 1104/1038/4
f 1219/1040/4 887/1043/4 886/1039/4
f 999/1044/4 1105/1042/4 1000/1041/4
f 1218/1045/4 887/1043/4 1219/1040/4
f 1218/1045/4 888/1046/4 887/1043/4
f 999/1044/4 1106/1047/4 1105/1042/4
f 998/1048/4 1106/1047/4 999/1044/4
f 1217/1049/4 888/1046/4 1218/1045/4
f 1217/1049/4 889/1050/4 888/1046/4
f 997/1051/4 1106/1047/4 998/1048/4
f 997/1051/4 1107/1052/4 1106/1047/4
f 1216/1053/4 889/1050/4 1217/1049/4
f 1216/1053/4 890/1054/4 889/1050/4
f 996/1055/4 1107/1052/4 997/1051/4
f 996/1055/4 1108/1056/4 1107/1052/4
f 1215/1057/4 890/1054/4 1216/1053/4
f 1215/1057/4 891/1058/4 890/1054/4
f 995/1059/4 1108/1056/4 996/1055/4
f 995/1059/4 1109/1060/4 1108/1056/4
f 1214/1061/4 891/1058/4 1215/1057/4
f 1214/1061/4 892/1062/4 891/1058/4
f 994/1063/4 1109/1060/4 995/1059/4
f 1214/1061/4 893/1064/4 892/1062/4
f 1213/1065/4 893/1064/4 1214/1061/4
f 994/1063/4 1110/1066/4 1109/1060/4
f 993/1067/4 1110/1066/4 994/1063/4
f 1213/1065/4 894/1068/4 893/1064/4
f 992/1069/4 1110/1066/4 993/1067/4
f 1212/1070/4 894/1068/4 1213/1065/4
f 992/1069/4 1111/1071/4 1110/1066/4
f 1212/1070/4 895/1072/4 894/1068/4
f 991/1073/4 1111/1071/4 992/1069/4
f 1211/1074/4 895/1072/4 1212/1070/4
f 991/1073/4 1112/1075/4 1111/1071/4
f 1211/1074/4 896/1076/4 895/1072/4
f 990/1077/4 1112/1075/4 991/1073/4
f 1210/1078/4 896/1076/4 1211/1074/4
f 990/1077/4 1113/1079/4 1112/1075/4
f 1210/1078/4 897/1080/4 896/1076/4
f 989/1081/4 1113/1079/4 990/1077/4
f 1209/1082/4 897/1080/4 1210/1078/4
f 988/1083/4 1113/1079/4 989/1081/4
f 1209/1082/4 898/1084/4 897/1080/4
f 988/1083/4 1114/1085/4 1113/1079/4
f 1208/1086/4 898/1084/4 1209/1082/4
f 987/1087/4 1114/1085/4 988/1083/4
f 1208/1086/4 899/1088/4 898/1084/4
f 987/1087/4 1115/1089/4 1114/1085/4
f 986/1090/4 1115/1089/4 987/1087/4
f 1208/1086/4 900/1091/4 899/1088/4
f 1207/1092/4 900/1091/4 1208/1086/4
f 985/1093/4 1115/1089/4 986/1090/4
f 985/1093/4 1116/1094/4 1115/1089/4
f 1207/1092/4 901/1095/4 900/1091/4
f 984/1096/4 1116/1094/4 985/1093/4
f 1206/1097/4 901/1095/4 1207/1092/4
f 1206/1097/4 902/1098/4 901/1095/4
f 984/1096/4 1117/1099/4 1116/1094/4
f 983/1100/4 1117/1099/4 984/1096/4
f 1206/1097/4 903/1101/4 902/1098/4
f 1205/1102/4 903/1101/4 1206/1097/4
f 983/1100/4 1118/1103/4 1117/1099/4
f 982/1104/4 1118/1103/4 983/1100/4
f 1205/1102/4 904/1105/4 903/1101/4
f 981/1106/4 1118/1103/4 982/1104/4
f 1205/1102/4 905/1107/4 904/1105/4
f 981/1106/4 1119/1108/4 1118/1103/4
f 1204/1109/4 905/1107/4 1205/1102/4
f 980/1110/4 1119/1108/4 981/1106/4
f 1204/1109/4 906/1111/4 905/1107/4
f 980/1110/4 1120/1112/4 1119/1108/4
f 979/1113/4 1120/1112/4 980/1110/4
f 1204/1109/4 907/1114/4 906/1111/4
f 1203/1115/4 907/1114/4 1204/1109/4
f 978/1116/4 1120/1112/4 979/1113/4
f 1203/1115/4 908/1117/4 907/1114/4
f 978/1116/4 1121/1118/4 1120/1112/4
f 977/1119/4 1121/1118/4 978/1116/4
f 1202/1120/4 908/1117/4 1203/1115/4
f 1202/1120/4 909/1121/4 908/1117/4
f 977/1119/4 1122/1122/4 1121/1118/4
f 976/1123/4 1122/1122/4 977/1119/4
f 1202/1120/4 910/1124/4 909/1121/4
f 1201/1125/4 910/1124/4 1202/1120/4
f 975/1126/4 1122/1122/4 976/1123/4
f 1201/1125/4 911/1127/4 910/1124/4
f 975/1126/4 1123/1128/4 1122/1122/4
f 974/1129/4 1123/1128/4 975/1126/4
f 1201/1125/4 912/1130/4 911/1127/4
f 1200/1131/4 912/1130/4 1201/1125/4
f 973/1132/4 1123/1128/4 974/1129/4
f 1200/1131/4 913/1133/4 912/1130/4
f 973/1132/4 1124/1134/4 1123/1128/4
f 972/1135/4 1124/1134/4 973/1132/4
f 1200/1131/4 914/1136/4 913/1133/4
f 1199/1137/4 914/1136/4 1200/1131/4
f 972/1135/4 1125/1138/4 1124/1134/4
f 1199/1137/4 915/1139/4 914/1136/4
f 971/1140/4 1125/1138/4 972/1135/4
f 1199/1137/4 916/1141/4 915/1139/4
f 970/1142/4 1125/1138/4 971/1140/4
f 970/1142/4 1126/1143/4 1125/1138/4
f 1198/1144/4 916/1141/4 1199/1137/4
f 1198/1144/4 917/1145/4 916/1141/4
f 969/1146/4 1126/1143/4 970/1142/4
f 1198/1144/4 918/1147/4 917/1145/4
f 968/1148/4 1126/1143/4 969/1146/4
f 968/1148/4 1127/1149/4 1126/1143/4
f 1198/1144/4 919/1150/4 918/1147/4
f 1197/1151/4 919/1150/4 1198/1144/4
f 967/1152/4 1127/1149/4 968/1148/4
f 1197/1151/4 920/1153/4 919/1150/4
f 966/1154/4 1127/1149/4 967/1152/4
f 966/1154/4 1128/1155/4 1127/1149/4
f 1197/1151/4 921/1156/4 920/1153/4
f 1196/1157/4 921/1156/4 1197/1151/4
f 965/1158/4 1128/1155/4 966/1154/4
f 1196/1157/4 922/1159/4 921/1156/4
f 964/1160/4 1128/1155/4 965/1158/4
f 1196/1157/4 923/1161/4 922/1159/4
f 964/1160/4 1129/1162/4 1128/1155/4
f 963/1163/4 1129/1162/4 964/1160/4
f 1195/1164/4 923/1161/4 1196/1157/4
f 1195/1164/4 924/1165/4 923/1161/4
f 962/1166/4 1129/1162/4 963/1163/4
f 1195/1164/4 925/1167/4 924/1165/4
f 962/1166/4 1130/1168/4 1129/1162/4
f 961/1169/4 1130/1168/4 962/1166/4
f 1195/1164/4 926/1170/4 925/1167/4
f 1194/1171/4 926/1170/4 1195/1164/4
f 960/1172/4 1130/1168/4 961/1169/4
f 1194/1171/4 927/1173/4 926/1170/4
f 1194/1171/4 928/1174/4 927/1173/4
f 959/1175/4 1130/1168/4 960/1172/4
f 959/1175/4 1131/1176/4 1130/1168/4
f 1194/1171/4 929/1177/4 928/1174/4
f 958/1178/4 1131/1176/4 959/1175/4
f 1193/1179/4 929/1177/4 1194/1171/4
f 1193/1179/4 930/1180/4 929/1177/4
f 957/1181/4 1131/1176/4 958/1178/4
f 1193/1179/4 931/1182/4 930/1180/4
f 957/1181/4 1132/1183/4 1131/1176/4
f 956/1184/4 1132/1183/4 957/1181/4
f 1193/1179/4 932/1185/4 931/1182/4
f 955/1186/3 1132/1183/3 956/1184/3
f 1193/1179/4 933/1187/4 932/1185/4
f 1192/1188/4 933/1187/4 1193/1179/4
f 1192/1188/4 934/1189/4 933/1187/4
f 954/1190/4 1132/1183/4 955/1186/4
f 1192/1188/4 935/1191/4 934/1189/4
f 953/1192/4 1132/1183/4 954/1190/4
f 953/1192/4 1133/1193/4 1132/1183/4
f 1192/1188/4 936/1194/4 935/1191/4
f 952/1195/3 1133/1193/3 953/1192/3
f 1192/1188/4 937/1196/4 936/1194/4
f 951/1197/4 1133/1193/4 952/1195/4
f 1192/1188/4 938/1198/4 937/1196/4
f 1191/1199/4 938/1198/4 1192/1188/4
f 950/1200/4 1133/1193/4 951/1197/4
f 1191/1199/3 939/1201/3 938/1198/3
f 1191/1199/4 940/1202/4 939/1201/4
f 949/1203/3 1133/1193/3 950/1200/3
f 1191/1199/14 941/1204/14 940/1202/14
f 948/1205/3 1133/1193/3 949/1203/3
f 1191/1199/1 942/1206/1 941/1204/1
f 947/1207/1 1133/1193/1 948/1205/1
f 947/1207/4 1134/1208/4 1133/1193/4
f 1191/1199/3 943/1209/3 942/1206/3
f 946/1210/4 1134/1208/4 947/1207/4
f 1191/1199/1 944/1211/1 943/1209/1
f 945/1212/14 1134/1208/14 946/1210/14
f 1191/1199/18 945/1212/18 944/1211/18
f 1191/1199/4 1134/1208/4 945/1212/4
f 1190/1213/4 1134/1208/4 1191/1199/4
f 1190/1213/4 1135/1214/4 1134/1208/4
f 1189/1215/4 1135/1214/4 1190/1213/4
f 1189/1215/4 1136/1216/4 1135/1214/4
f 1188/1217/4 1136/1216/4 1189/1215/4
f 1188/1217/4 1137/1218/4 1136/1216/4
f 1187/1219/4 1137/1218/4 1188/1217/4
f 1187/1219/4 1138/1220/4 1137/1218/4
f 1186/1221/4 1138/1220/4 1187/1219/4
f 1186/1221/4 1139/1222/4 1138/1220/4
f 1185/1223/4 1139/1222/4 1186/1221/4
f 1185/1223/4 1140/1224/4 1139/1222/4
f 1184/1225/4 1140/1224/4 1185/1223/4
f 1184/1225/4 1141/1226/4 1140/1224/4
f 1183/1227/4 1141/1226/4 1184/1225/4
f 1183/1227/4 1142/1228/4 1141/1226/4
f 1182/1229/4 1142/1228/4 1183/1227/4
f 1182/1229/4 1143/1230/4 1142/1228/4
f 1181/1231/4 1143/1230/4 1182/1229/4
f 1181/1231/4 1144/1232/4 1143/1230/4
f 1180/1233/4 1144/1232/4 1181/1231/4
f 1180/1233/4 1145/1234/4 1144/1232/4
f 1179/1235/4 1145/1234/4 1180/1233/4
f 1179/1235/4 1146/1236/4 1145/1234/4
f 1178/1237/4 1146/1236/4 1179/1235/4
f 1178/1237/4 1147/1238/4 1146/1236/4
f 1177/1239/4 1147/1238/4 1178/1237/4
f 1177/1239/4 1148/1240/4 1147/1238/4
f 1176/1241/4 1148/1240/4 1177/1239/4
f 1176/1241/4 1149/1242/4 1148/1240/4
f 1175/1243/4 1149/1242/4 1176/1241/4
f 1174/1244/4 1149/1242/4 1175/1243/4
f 1174/1244/4 1150/1245/4 1149/1242/4
f 1173/1246/4 1150/1245/4 1174/1244/4
f 1173/1246/4 1151/1247/4 1150/1245/4
f 1172/1248/4 1151/1247/4 1173/1246/4
f 1172/1248/4 1152/1249/4 1151/1247/4
f 1171/1250/4 1152/1249/4 1172/1248/4
f 1171/1250/4 1153/1251/4 1152/1249/4
f 1170/1252/3 1153/1251/3 1171/1250/3
f 1170/1252/4 1154/1253/4 1153/1251/4
f 1169/1254/4 1154/1253/4 1170/1252/4
f 1169/1254/4 1155/1255/4 1154/1253/4
f 1168/1256/4 1155/1255/4 1169/1254/4
f 1167/1257/4 1155/1255/4 1168/1256/4
f 1167/1257/4 1156/1258/4 1155/1255/4
f 1166/1259/4 1156/1258/4 1167/1257/4
f 1166/1259/4 1157/1260/4 1156/1258/4
f 1165/1261/4 1157/1260/4 1166/1259/4
f 1165/1261/4 1158/1262/4 1157/1260/4
f 1164/1263/3 1158/1262/3 1165/1261/3
f 1164/1263/4 1159/1264/4 1158/1262/4
f 1163/1265/4 1159/1264/4 1164/1263/4
f 1163/1265/3 1160/1266/3 1159/1264/3
f 1162/1267/15 1160/1266/15 1163/1265/15
f 1162/1267/2 1161/1268/2 1160/1266/2
f 1589/1269/4 1367/1270/4 1590/1271/4
f 1367/1270/4 1591/1272/4 1590/1271/4
f 1367/1270/4 1592/1273/4 1591/1272/4
f 1367/1270/4 1593/1274/4 1592/1273/4
f 1367/1270/4 1594/1275/4 1593/1274/4
f 1367/1270/4 1595/1276/4 1594/1275/4
f 1367/1270/4 1596/1277/4 1595/1276/4
f 1367/1270/4 1597/1278/4 1596/1277/4
f 1367/1270/4 1598/1279/4 1597/1278/4
f 1367/1270/4 1599/1280/4 1598/1279/4
f 1367/1270/4 1600/1281/4 1599/1280/4
f 1367/1270/4 1601/1282/4 1600/1281/4
f 1367/1270/4 1602/1283/4 1601/1282/4
f 1367/1270/4 1603/1284/4 1602/1283/4
f 1367/1270/4 1604/1285/4 1603/1284/4
f 1367/1270/4 1605/1286/4 1604/1285/4
f 1367/1270/4 1606/1287/4 1605/1286/4
f 1367/1270/4 1607/1288/4 1606/1287/4
f 1367/1270/4 1608/1289/4 1607/1288/4
f 1367/1270/4 1609/1290/4 1608/1289/4
f 1367/1270/4 1610/1291/4 1609/1290/4
f 1367/1270/4 1611/1292/4 1610/1291/4
f 1367/1270/4 1612/1293/4 1611/1292/4
f 1367/1270/4 1613/1294/4 1612/1293/4
f 1367/1270/4 1614/1295/4 1613/1294/4
f 1367/1270/3 1615/1296/3 1614/1295/3
f 1367/1270/4 1616/1297/4 1615/1296/4
f 1367/1270/4 1617/1298/4 1616/1297/4
f 1367/1270/4 1618/1299/4 1617/1298/4
f 1367/1270/4 1619/1300/4 1618/1299/4
f 1367/1270/4 1620/1301/4 1619/1300/4
f 1367/1270/4 1621/1302/4 1620/1301/4
f 1367/1270/4 1622/1303/4 1621/1302/4
f 1367/1270/4 1623/1304/4 1622/1303/4
f 1367/1270/4 1624/1305/4 1623/1304/4
f 1367/1270/4 1625/1306/4 1624/1305/4
f 1367/1270/4 1626/1307/4 1625/1306/4
f 1367/1270/4 1455/1308/4 1626/1307/4
f 1367/1270/4 1456/1309/4 1455/1308/4
f 1367/1270/4 1457/1310/4 1456/1309/4
f 1367/1270/4 1458/1311/4 1457/1310/4
f 1367/1270/4 1459/1312/4 1458/1311/4
f 1367/1270/4 1366/1313/4 1459/1312/4
f 1366/1313/19 1365/1314/19 1459/1312/19
f 1365/1314/20 1364/1315/20 1459/1312/20
f 1364/1315/3 1363/1316/3 1459/1312/3
f 1363/1316/4 1460/1317/4 1459/1312/4
f 1589/1269/4 1269/1318/4 1367/1270/4
f 1362/1319/21 1460/1317/21 1363/1316/21
f 1361/1320/22 1460/1317/22 1362/1319/22
f 1360/1321/23 1460/1317/23 1361/1320/23
f 1359/1322/15 1460/1317/15 1360/1321/15
f 1358/1323/3 1460/1317/3 1359/1322/3
f 1357/1324/1 1460/1317/1 1358/1323/1
f 1356/1325/14 1460/1317/14 1357/1324/14
f 1355/1326/4 1460/1317/4 1356/1325/4
f 1354/1327/1 1460/1317/1 1355/1326/1
f 1353/1328/14 1460/1317/14 1354/1327/14
f 1352/1329/1 1460/1317/1 1353/1328/1
f 1351/1330/4 1460/1317/4 1352/1329/4
f 1350/1331/4 1460/1317/4 1351/1330/4
f 1349/1332/4 1460/1317/4 1350/1331/4
f 1348/1333/4 1460/1317/4 1349/1332/4
f 1347/1334/3 1460/1317/3 1348/1333/3
f 1346/1335/3 1460/1317/3 1347/1334/3
f 1346/1335/4 1461/1336/4 1460/1317/4
f 1345/1337/4 1461/1336/4 1346/1335/4
f 1344/1338/3 1461/1336/3 1345/1337/3
f 1343/1339/4 1461/1336/4 1344/1338/4
f 1342/1340/3 1461/1336/3 1343/1339/3
f 1341/1341/4 1461/1336/4 1342/1340/4
f 1340/1342/3 1461/1336/3 1341/1341/3
f 1339/1343/4 1461/1336/4 1340/1342/4
f 1339/1343/4 1462/1344/4 1461/1336/4
f 1338/1345/4 1462/1344/4 1339/1343/4
f 1337/1346/3 1462/1344/3 1338/1345/3
f 1336/1347/4 1462/1344/4 1337/1346/4
f 1335/1348/4 1462/1344/4 1336/1347/4
f 1335/1348/4 1463/1349/4 1462/1344/4
f 1334/1350/4 1463/1349/4 1335/1348/4
f 1333/1351/4 1463/1349/4 1334/1350/4
f 1332/1352/4 1463/1349/4 1333/1351/4
f 1332/1352/4 1464/1353/4 1463/1349/4
f 1331/1354/4 1464/1353/4 1332/1352/4
f 1330/1355/4 1464/1353/4 1331/1354/4
f 1329/1356/4 1464/1353/4 1330/1355/4
f 1329/1356/4 1465/1357/4 1464/1353/4
f 1328/1358/4 1465/1357/4 1329/1356/4
f 1327/1359/4 1465/1357/4 1328/1358/4
f 1326/1360/3 1465/1357/3 1327/1359/3
f 1326/1360/4 1466/1361/4 1465/1357/4
f 1325/1362/4 1466/1361/4 1326/1360/4
f 1324/1363/4 1466/1361/4 1325/1362/4
f 1323/1364/4 1466/1361/4 1324/1363/4
f 1323/1364/4 1467/1365/4 1466/1361/4
f 1322/1366/4 1467/1365/4 1323/1364/4
f 1321/1367/4 1467/1365/4 1322/1366/4
f 1321/1367/4 1468/1368/4 1467/1365/4
f 1320/1369/3 1468/1368/3 1321/1367/3
f 1319/1370/4 1468/1368/4 1320/1369/4
f 1318/1371/4 1468/1368/4 1319/1370/4
f 1317/1372/4 1468/1368/4 1318/1371/4
f 1317/1372/4 1469/1373/4 1468/1368/4
f 1316/1374/4 1469/1373/4 1317/1372/4
f 1316/1374/4 1470/1375/4 1469/1373/4
f 1315/1376/4 1470/1375/4 1316/1374/4
f 1314/1377/4 1470/1375/4 1315/1376/4
f 1314/1377/4 1471/1378/4 1470/1375/4
f 1313/1379/4 1471/1378/4 1314/1377/4
f 1312/1380/4 1471/1378/4 1313/1379/4
f 1312/1380/4 1472/1381/4 1471/1378/4
f 1311/1382/4 1472/1381/4 1312/1380/4
f 1310/1383/4 1472/1381/4 1311/1382/4
f 1310/1383/4 1473/1384/4 1472/1381/4
f 1309/1385/4 1473/1384/4 1310/1383/4
f 1308/1386/4 1473/1384/4 1309/1385/4
f 1308/1386/4 1474/1387/4 1473/1384/4
f 1307/1388/4 1474/1387/4 1308/1386/4
f 1306/1389/4 1474/1387/4 1307/1388/4
f 1306/1389/4 1475/1390/4 1474/1387/4
f 1305/1391/4 1475/1390/4 1306/1389/4
f 1304/1392/4 1475/1390/4 1305/1391/4
f 1304/1392/4 1476/1393/4 1475/1390/4
f 1303/1394/4 1476/1393/4 1304/1392/4
f 1302/1395/4 1476/1393/4 1303/1394/4
f 1302/1395/4 1477/1396/4 1476/1393/4
f 1301/1397/4 1477/1396/4 1302/1395/4
f 1300/1398/4 1477/1396/4 1301/1397/4
f 1300/1398/4 1478/1399/4 1477/1396/4
f 1299/1400/4 1478/1399/4 1300/1398/4
f 1298/1401/4 1478/1399/4 1299/1400/4
f 1297/1402/4 1478/1399/4 1298/1401/4
f 1297/1402/4 1479/1403/4 1478/1399/4
f 1296/1404/4 1479/1403/4 1297/1402/4
f 1295/1405/4 1479/1403/4 1296/1404/4
f 1295/1405/4 1480/1406/4 1479/1403/4
f 1294/1407/4 1480/1406/4 1295/1405/4
f 1293/1408/3 1480/1406/3 1294/1407/3
f 1292/1409/4 1480/1406/4 1293/1408/4
f 1291/1410/4 1480/1406/4 1292/1409/4
f 1290/1411/4 1480/1406/4 1291/1410/4
f 1289/1412/4 1480/1406/4 1290/1411/4
f 1289/1412/4 1481/1413/4 1480/1406/4
f 1288/1414/4 1481/1413/4 1289/1412/4
f 1287/1415/3 1481/1413/3 1288/1414/3
f 1286/1416/3 1481/1413/3 1287/1415/3
f 1285/1417/1 1481/1413/1 1286/1416/1
f 1284/1418/3 1481/1413/3 1285/1417/3
f 1283/1419/4 1481/1413/4 1284/1418/4
f 1282/1420/3 1481/1413/3 1283/1419/3
f 1281/1421/1 1481/1413/1 1282/1420/1
f 1280/1422/3 1481/1413/3 1281/1421/3
f 1279/1423/14 1481/1413/14 1280/1422/14
f 1278/1424/1 1481/1413/1 1279/1423/1
f 1278/1424/4 1482/1425/4 1481/1413/4
f 1277/1426/24 1482/1425/24 1278/1424/24
f 1276/1427/1 1482/1425/1 1277/1426/1
f 1275/1428/3 1482/1425/3 1276/1427/3
f 1274/1429/1 1482/1425/1 1275/1428/1
f 1273/1430/14 1482/1425/14 1274/1429/14
f 1272/1431/4 1482/1425/4 1273/1430/4
f 1271/1432/1 1482/1425/1 1272/1431/1
f 1270/1433/3 1482/1425/3 1271/1432/3
f 1589/1269/4 1369/1434/4 1269/1318/4
f 1369/1434/4 1270/1433/4 1269/1318/4
f 1369/1434/4 1482/1425/4 1270/1433/4
f 1369/1434/4 1483/1435/4 1482/1425/4
f 1369/1434/4 1484/1436/4 1483/1435/4
f 1369/1434/4 1485/1437/4 1484/1436/4
f 1369/1434/4 1486/1438/4 1485/1437/4
f 1369/1434/4 1487/1439/4 1486/1438/4
f 1369/1434/3 1488/1440/3 1487/1439/3
f 1369/1434/4 1489/1441/4 1488/1440/4
f 1369/1434/4 1490/1442/4 1489/1441/4
f 1369/1434/4 1491/1443/4 1490/1442/4
f 1369/1434/4 1492/1444/4 1491/1443/4
f 1369/1434/3 1493/1445/3 1492/1444/3
f 1369/1434/4 1494/1446/4 1493/1445/4
f 1369/1434/4 1495/1447/4 1494/1446/4
f 1369/1434/4 1496/1448/4 1495/1447/4
f 1369/1434/3 1497/1449/3 1496/1448/3
f 1369/1434/4 1498/1450/4 1497/1449/4
f 1369/1434/4 1499/1451/4 1498/1450/4
f 1369/1434/4 1500/1452/4 1499/1451/4
f 1369/1434/4 1501/1453/4 1500/1452/4
f 1369/1434/4 1502/1454/4 1501/1453/4
f 1369/1434/4 1503/1455/4 1502/1454/4
f 1369/1434/4 1504/1456/4 1503/1455/4
f 1369/1434/4 1505/1457/4 1504/1456/4
f 1369/1434/4 1506/1458/4 1505/1457/4
f 1369/1434/4 1507/1459/4 1506/1458/4
f 1369/1434/4 1508/1460/4 1507/1459/4
f 1369/1434/4 1509/1461/4 1508/1460/4
f 1369/1434/4 1510/1462/4 1509/1461/4
f 1369/1434/4 1511/1463/4 1510/1462/4
f 1369/1434/4 1512/1464/4 1511/1463/4
f 1369/1434/3 1513/1465/3 1512/1464/3
f 1369/1434/4 1514/1466/4 1513/1465/4
f 1369/1434/4 1515/1467/4 1514/1466/4
f 1369/1434/3 1516/1468/3 1515/1467/3
f 1369/1434/4 1517/1469/4 1516/1468/4
f 1369/1434/4 1518/1470/4 1517/1469/4
f 1369/1434/3 1368/1471/3 1518/1470/3
f 1368/1471/25 1454/1472/25 1518/1470/25
f 1454/1472/26 1453/1473/26 1518/1470/26
f 1453/1473/4 1519/1474/4 1518/1470/4
f 1589/1269/4 1370/1475/4 1369/1434/4
f 1452/1476/27 1519/1474/27 1453/1473/27
f 1451/1477/4 1519/1474/4 1452/1476/4
f 1450/1478/26 1519/1474/26 1451/1477/26
f 1449/1479/14 1519/1474/14 1450/1478/14
f 1448/1480/15 1519/1474/15 1449/1479/15
f 1447/1481/16 1519/1474/16 1448/1480/16
f 1446/1482/15 1519/1474/15 1447/1481/15
f 1445/1483/15 1519/1474/15 1446/1482/15
f 1444/1484/3 1519/1474/3 1445/1483/3
f 1443/1485/2 1519/1474/2 1444/1484/2
f 1442/1486/15 1519/1474/15 1443/1485/15
f 1441/1487/14 1519/1474/14 1442/1486/14
f 1440/1488/4 1519/1474/4 1441/1487/4
f 1440/1488/3 1520/1489/3 1519/1474/3
f 1439/1490/1 1520/1489/1 1440/1488/1
f 1438/1491/3 1520/1489/3 1439/1490/3
f 1437/1492/4 1520/1489/4 1438/1491/4
f 1436/1493/3 1520/1489/3 1437/1492/3
f 1435/1494/4 1520/1489/4 1436/1493/4
f 1434/1495/4 1520/1489/4 1435/1494/4
f 1433/1496/1 1520/1489/1 1434/1495/1
f 1433/1496/4 1521/1497/4 1520/1489/4
f 1432/1498/4 1521/1497/4 1433/1496/4
f 1431/1499/3 1521/1497/3 1432/1498/3
f 1430/1500/4 1521/1497/4 1431/1499/4
f 1430/1500/4 1522/1501/4 1521/1497/4
f 1429/1502/4 1522/1501/4 1430/1500/4
f 1428/1503/4 1522/1501/4 1429/1502/4
f 1428/1503/4 1523/1504/4 1522/1501/4
f 1427/1505/3 1523/1504/3 1428/1503/3
f 1426/1506/4 1523/1504/4 1427/1505/4
f 1426/1506/4 1524/1507/4 1523/1504/4
f 1425/1508/3 1524/1507/3 1426/1506/3
f 1424/1509/4 1524/1507/4 1425/1508/4
f 1424/1509/4 1525/1510/4 1524/1507/4
f 1423/1511/3 1525/1510/3 1424/1509/3
f 1423/1511/4 1526/1512/4 1525/1510/4
f 1422/1513/4 1526/1512/4 1423/1511/4
f 1421/1514/4 1526/1512/4 1422/1513/4
f 1421/1514/4 1527/1515/4 1526/1512/4
f 1420/1516/4 1527/1515/4 1421/1514/4
f 1420/1516/4 1528/1517/4 1527/1515/4
f 1419/1518/4 1528/1517/4 1420/1516/4
f 1419/1518/4 1529/1519/4 1528/1517/4
f 1418/1520/4 1529/1519/4 1419/1518/4
f 1418/1520/4 1530/1521/4 1529/1519/4
f 1417/1522/3 1530/1521/3 1418/1520/3
f 1416/1523/4 1530/1521/4 1417/1522/4
f 1416/1523/4 1531/1524/4 1530/1521/4
f 1415/1525/4 1531/1524/4 1416/1523/4
f 1415/1525/4 1532/1526/4 1531/1524/4
f 1414/1527/4 1532/1526/4 1415/1525/4
f 1414/1527/4 1533/1528/4 1532/1526/4
f 1413/1529/4 1533/1528/4 1414/1527/4
f 1413/1529/4 1534/1530/4 1533/1528/4
f 1412/1531/4 1534/1530/4 1413/1529/4
f 1412/1531/4 1535/1532/4 1534/1530/4
f 1411/1533/4 1535/1532/4 1412/1531/4
f 1411/1533/4 1536/1534/4 1535/1532/4
f 1410/1535/4 1536/1534/4 1411/1533/4
f 1410/1535/4 1537/1536/4 1536/1534/4
f 1409/1537/4 1537/1536/4 1410/1535/4
f 1409/1537/4 1538/1538/4 1537/1536/4
f 1408/1539/4 1538/1538/4 1409/1537/4
f 1407/1540/4 1538/1538/4 1408/1539/4
f 1407/1540/4 1539/1541/4 1538/1538/4
f 1406/1542/4 1539/1541/4 1407/1540/4
f 1406/1542/4 1540/1543/4 1539/1541/4
f 1406/1542/4 1541/1544/4 1540/1543/4
f 1405/1545/4 1541/1544/4 1406/1542/4
f 1404/1546/4 1541/1544/4 1405/1545/4
f 1404/1546/4 1542/1547/4 1541/1544/4
f 1403/1548/4 1542/1547/4 1404/1546/4
f 1402/1549/4 1542/1547/4 1403/1548/4
f 1402/1549/4 1543/1550/4 1542/1547/4
f 1401/1551/4 1543/1550/4 1402/1549/4
f 1400/1552/4 1543/1550/4 1401/1551/4
f 1400/1552/4 1544/1553/4 1543/1550/4
f 1399/1554/4 1544/1553/4 1400/1552/4
f 1398/1555/4 1544/1553/4 1399/1554/4
f 1397/1556/4 1544/1553/4 1398/1555/4
f 1397/1556/4 1545/1557/4 1544/1553/4
f 1396/1558/4 1545/1557/4 1397/1556/4
f 1395/1559/4 1545/1557/4 1396/1558/4
f 1395/1559/4 1546/1560/4 1545/1557/4
f 1394/1561/4 1546/1560/4 1395/1559/4
f 1393/1562/4 1546/1560/4 1394/1561/4
f 1393/1562/4 1547/1563/4 1546/1560/4
f 1392/1564/4 1547/1563/4 1393/1562/4
f 1391/1565/4 1547/1563/4 1392/1564/4
f 1391/1565/4 1548/1566/4 1547/1563/4
f 1390/1567/4 1548/1566/4 1391/1565/4
f 1389/1568/4 1548/1566/4 1390/1567/4
f 1388/1569/4 1548/1566/4 1389/1568/4
f 1388/1569/4 1549/1570/4 1548/1566/4
f 1387/1571/4 1549/1570/4 1388/1569/4
f 1386/1572/4 1549/1570/4 1387/1571/4
f 1386/1572/4 1550/1573/4 1549/1570/4
f 1385/1574/4 1550/1573/4 1386/1572/4
f 1384/1575/4 1550/1573/4 1385/1574/4
f 1383/1576/4 1550/1573/4 1384/1575/4
f 1383/1576/4 1551/1577/4 1550/1573/4
f 1382/1578/4 1551/1577/4 1383/1576/4
f 1381/1579/4 1551/1577/4 1382/1578/4
f 1380/1580/4 1551/1577/4 1381/1579/4
f 1379/1581/4 1551/1577/4 1380/1580/4
f 1379/1581/4 1552/1582/4 1551/1577/4
f 1378/1583/4 1552/1582/4 1379/1581/4
f 1377/1584/4 1552/1582/4 1378/1583/4
f 1376/1585/4 1552/1582/4 1377/1584/4
f 1375/1586/4 1552/1582/4 1376/1585/4
f 1374/1587/4 1552/1582/4 1375/1586/4
f 1373/1588/3 1552/1582/3 1374/1587/3
f 1372/1589/4 1552/1582/4 1373/1588/4
f 1371/1590/1 1552/1582/1 1372/1589/1
f 1589/1269/4 1371/1590/4 1370/1475/4
f 1589/1269/4 1552/1582/4 1371/1590/4
f 1589/1269/4 1553/1591/4 1552/1582/4
f 1589/1269/4 1554/1592/4 1553/1591/4
f 1589/1269/4 1555/1593/4 1554/1592/4
f 1589/1269/4 1556/1594/4 1555/1593/4
f 1589/1269/4 1557/1595/4 1556/1594/4
f 1589/1269/4 1558/1596/4 1557/1595/4
f 1589/1269/4 1559/1597/4 1558/1596/4
f 1589/1269/4 1560/1598/4 1559/1597/4
f 1589/1269/4 1561/1599/4 1560/1598/4
f 1589/1269/4 1562/1600/4 1561/1599/4
f 1589/1269/4 1563/1601/4 1562/1600/4
f 1589/1269/4 1564/1602/4 1563/1601/4
f 1589/1269/3 1565/1603/3 1564/1602/3
f 1589/1269/4 1566/1604/4 1565/1603/4
f 1589/1269/4 1567/1605/4 1566/1604/4
f 1589/1269/4 1568/1606/4 1567/1605/4
f 1589/1269/4 1569/1607/4 1568/1606/4
f 1589/1269/3 1570/1608/3 1569/1607/3
f 1589/1269/4 1571/1609/4 1570/1608/4
f 1589/1269/3 1572/1610/3 1571/1609/3
f 1589/1269/4 1573/1611/4 1572/1610/4
f 1589/1269/4 1574/1612/4 1573/1611/4
f 1589/1269/4 1575/1613/4 1574/1612/4
f 1589/1269/4 1576/1614/4 1575/1613/4
f 1589/1269/4 1577/1615/4 1576/1614/4
f 1589/1269/3 1578/1616/3 1577/1615/3
f 1589/1269/4 1579/1617/4 1578/1616/4
f 1589/1269/4 1580/1618/4 1579/1617/4
f 1589/1269/4 1581/1619/4 1580/1618/4
f 1589/1269/4 1582/1620/4 1581/1619/4
f 1589/1269/3 1583/1621/3 1582/1620/3
f 1589/1269/4 1584/1622/4 1583/1621/4
f 1589/1269/3 1585/1623/3 1584/1622/3
f 1589/1269/1 1586/1624/1 1585/1623/1
f 1589/1269/3 1587/1625/3 1586/1624/3
f 1589/1269/18 1588/1626/18 1587/1625/18
f 1782/1627/28 1783/1628/28 1784/1629/28
f 1782/1627/29 1784/1629/29 1785/1630/29
f 1781/1631/28 1782/1627/28 1785/1630/28
f 1781/1631/30 1785/1630/30 1786/1632/30
f 1780/1633/31 1781/1631/31 1786/1632/31
f 1780/1633/31 1786/1632/31 1787/1634/31
f 1779/1635/32 1780/1633/32 1787/1634/32
f 1779/1635/32 1787/1634/32 1788/1636/32
f 1778/1637/31 1779/1635/31 1788/1636/31
f 1778/1637/32 1788/1636/32 1789/1638/32
f 1777/1639/31 1778/1637/31 1789/1638/31
f 1777/1639/32 1789/1638/32 1790/1640/32
f 1776/1641/32 1777/1639/32 1790/1640/32
f 1776/1641/31 1790/1640/31 1791/1642/31
f 1775/1643/32 1776/1641/32 1791/1642/32
f 1775/1643/31 1791/1642/31 1792/1644/31
f 1774/1645/32 1775/1643/32 1792/1644/32
f 1774/1645/32 1792/1644/32 1793/1646/32
f 1773/1647/32 1774/1645/32 1793/1646/32
f 1773/1647/31 1793/1646/31 1794/1648/31
f 1772/1649/31 1773/1647/31 1794/1648/31
f 1772/1649/32 1794/1648/32 1795/1650/32
f 1771/1651/32 1772/1649/32 1795/1650/32
f 1771/1651/32 1795/1650/32 1796/1652/32
f 1771/1651/32 1796/1652/32 1797/1653/32
f 1770/1654/32 1771/1651/32 1797/1653/32
f 1770/1654/32 1797/1653/32 1798/1655/32
f 1769/1656/32 1770/1654/32 1798/1655/32
f 1769/1656/31 1798/1655/31 1799/1657/31
f 1768/1658/32 1769/1656/32 1799/1657/32
f 1768/1658/32 1799/1657/32 1800/1659/32
f 1767/1660/31 1768/1658/31 1800/1659/31
f 1767/1660/31 1800/1659/31 1801/1661/31
f 1766/1662/32 1767/1660/32 1801/1661/32
f 1766/1662/32 1801/1661/32 1802/1663/32
f 1765/1664/32 1766/1662/32 1802/1663/32
f 1765/1664/32 1802/1663/32 1803/1665/32
f 1765/1664/31 1803/1665/31 1804/1666/31
f 1764/1667/32 1765/1664/32 1804/1666/32
f 1764/1667/32 1804/1666/32 1805/1668/32
f 1763/1669/32 1764/1667/32 1805/1668/32
f 1763/1669/32 1805/1668/32 1806/1670/32
f 1762/1671/32 1763/1669/32 1806/1670/32
f 1762/1671/32 1806/1670/32 1807/1672/32
f 1762/1671/32 1807/1672/32 1818/1673/32
f 1818/1673/32 1807/1672/32 1817/1674/32
f 1817/1674/32 1807/1672/32 1816/1675/32
f 1816/1675/32 1807/1672/32 1815/1676/32
f 1815/1676/32 1807/1672/32 1814/1677/32
f 1814/1677/32 1807/1672/32 1813/1678/32
f 1813/1678/32 1807/1672/32 1812/1679/32
f 1812/1679/32 1807/1672/32 1811/1680/32
f 1811/1680/32 1807/1672/32 1810/1681/32
f 1810/1681/32 1807/1672/32 1809/1682/32
f 1809/1682/32 1807/1672/32 1808/1683/32
f 1761/1684/32 1762/1671/32 1819/1685/32
f 1819/1685/33 1762/1671/33 1818/1673/33
f 1760/1686/32 1761/1684/32 1820/1687/32
f 1820/1687/34 1761/1684/34 1819/1685/34
f 1759/1688/32 1760/1686/32 1821/1689/32
f 1821/1689/29 1760/1686/29 1820/1687/29
f 1758/1690/32 1759/1688/32 1822/1691/32
f 1822/1691/35 1759/1688/35 1821/1689/35
f 1757/1692/32 1758/1690/32 1823/1693/32
f 1823/1693/36 1758/1690/36 1822/1691/36
f 1756/1694/32 1757/1692/32 1825/1695/32
f 1825/1695/37 1757/1692/37 1824/1696/37
f 1824/1696/38 1757/1692/38 1823/1693/38
f 1755/1697/32 1756/1694/32 1826/1698/32
f 1826/1698/39 1756/1694/39 1825/1695/39
f 1754/1699/32 1755/1697/32 1827/1700/32
f 1827/1700/40 1755/1697/40 1826/1698/40
f 1753/1701/32 1754/1699/32 1828/1702/32
f 1828/1702/31 1754/1699/31 1827/1700/31
f 1752/1703/32 1753/1701/32 1830/1704/32
f 1830/1704/32 1753/1701/32 1829/1705/32
f 1829/1705/41 1753/1701/41 1828/1702/41
f 1751/1706/32 1752/1703/32 1831/1707/32
f 1831/1707/42 1752/1703/42 1830/1704/42
f 1750/1708/32 1751/1706/32 1832/1709/32
f 1832/1709/32 1751/1706/32 1831/1707/32
f 1750/1708/43 1832/1709/43 1833/1710/43
f 1750/1708/43 1833/1710/43 1834/1711/43
f 1750/1708/28 1834/1711/28 1835/1712/28
f 1750/1708/32 1835/1712/32 1836/1713/32
f 1749/1714/32 1750/1708/32 1836/1713/32
f 1749/1714/31 1836/1713/31 1837/1715/31
f 1749/1714/32 1837/1715/32 1838/1716/32
f 1749/1714/32 1838/1716/32 1839/1717/32
f 1748/1718/32 1749/1714/32 1839/1717/32
f 1748/1718/32 1839/1717/32 1840/1719/32
f 1748/1718/32 1840/1719/32 1841/1720/32
f 1747/1721/32 1748/1718/32 1841/1720/32
f 1747/1721/32 1841/1720/32 1842/1722/32
f 1747/1721/32 1842/1722/32 1843/1723/32
f 1746/1724/32 1747/1721/32 1843/1723/32
f 1746/1724/32 1843/1723/32 1844/1725/32
f 1746/1724/32 1844/1725/32 1845/1726/32
f 1745/1727/32 1746/1724/32 1845/1726/32
f 1745/1727/32 1845/1726/32 1846/1728/32
f 1744/1729/32 1745/1727/32 1846/1728/32
f 1744/1729/32 1846/1728/32 1847/1730/32
f 1744/1729/32 1847/1730/32 1848/1731/32
f 1743/1732/32 1744/1729/32 1848/1731/32
f 1743/1732/32 1848/1731/32 1849/1733/32
f 1742/1734/32 1743/1732/32 1849/1733/32
f 1742/1734/32 1849/1733/32 1850/1735/32
f 1741/1736/32 1742/1734/32 1850/1735/32
f 1741/1736/32 1850/1735/32 1851/1737/32
f 1741/1736/32 1851/1737/32 1852/1738/32
f 1740/1739/32 1741/1736/32 1852/1738/32
f 1740/1739/32 1852/1738/32 1853/1740/32
f 1739/1741/32 1740/1739/32 1853/1740/32
f 1739/1741/32 1853/1740/32 1854/1742/32
f 1738/1743/32 1739/1741/32 1854/1742/32
f 1738/1743/32 1854/1742/32 1855/1744/32
f 1737/1745/32 1738/1743/32 1855/1744/32
f 1737/1745/32 1855/1744/32 1856/1746/32
f 1736/1747/32 1737/1745/32 1856/1746/32
f 1736/1747/32 1856/1746/32 1857/1748/32
f 1736/1747/31 1857/1748/31 1858/1749/31
f 1735/1750/32 1736/1747/32 1858/1749/32
f 1735/1750/32 1858/1749/32 1859/1751/32
f 1735/1750/32 1859/1751/32 1860/1752/32
f 1734/1753/32 1735/1750/32 1860/1752/32
f 1734/1753/32 1860/1752/32 1861/1754/32
f 1734/1753/32 1861/1754/32 1862/1755/32
f 1733/1756/32 1734/1753/32 1862/1755/32
f 1733/1756/32 1862/1755/32 1863/1757/32
f 1733/1756/32 1863/1757/32 1864/1758/32
f 1732/1759/32 1733/1756/32 1864/1758/32
f 1732/1759/32 1864/1758/32 1865/1760/32
f 1732/1759/32 1865/1760/32 1866/1761/32
f 1731/1762/32 1732/1759/32 1866/1761/32
f 1731/1762/32 1866/1761/32 1867/1763/32
f 1731/1762/31 1867/1763/31 1868/1764/31
f 1730/1765/32 1731/1762/32 1868/1764/32
f 1730/1765/32 1868/1764/32 1869/1766/32
f 1730/1765/32 1869/1766/32 1870/1767/32
f 1729/1768/32 1730/1765/32 1870/1767/32
f 1729/1768/31 1870/1767/31 1871/1769/31
f 1729/1768/32 1871/1769/32 1872/1770/32
f 1729/1768/32 1872/1770/32 1873/1771/32
f 1728/1772/32 1729/1768/32 1873/1771/32
f 1728/1772/32 1873/1771/32 1874/1773/32
f 1728/1772/31 1874/1773/31 1875/1774/31
f 1727/1775/32 1728/1772/32 1875/1774/32
f 1727/1775/32 1875/1774/32 1876/1776/32
f 1727/1775/32 1876/1776/32 1877/1777/32
f 1727/1775/32 1877/1777/32 1878/1778/32
f 1726/1779/31 1727/1775/31 1878/1778/31
f 1726/1779/32 1878/1778/32 1879/1780/32
f 1726/1779/31 1879/1780/31 1880/1781/31
f 1725/1782/32 1726/1779/32 1880/1781/32
f 1725/1782/32 1880/1781/32 1881/1783/32
f 1725/1782/32 1881/1783/32 1882/1784/32
f 1725/1782/31 1882/1784/31 1883/1785/31
f 1724/1786/32 1725/1782/32 1883/1785/32
f 1724/1786/32 1883/1785/32 1884/1787/32
f 1724/1786/32 1884/1787/32 1885/1788/32
f 1724/1786/32 1885/1788/32 1886/1789/32
f 1723/1790/32 1724/1786/32 1886/1789/32
f 1723/1790/32 1886/1789/32 1887/1791/32
f 1723/1790/32 1887/1791/32 1888/1792/32
f 1723/1790/31 1888/1792/31 1889/1793/31
f 1722/1794/32 1723/1790/32 1889/1793/32
f 1722/1794/32 1889/1793/32 1890/1795/32
f 1722/1794/32 1890/1795/32 1891/1796/32
f 1722/1794/32 1891/1796/32 1892/1797/32
f 1722/1794/31 1892/1797/31 1893/1798/31
f 1721/1799/32 1722/1794/32 1893/1798/32
f 1721/1799/32 1893/1798/32 1894/1800/32
f 1721/1799/31 1894/1800/31 1895/1801/31
f 1721/1799/32 1895/1801/32 1896/1802/32
f 1720/1803/32 1721/1799/32 1896/1802/32
f 1720/1803/31 1896/1802/31 1897/1804/31
f 1720/1803/28 1897/1804/28 1898/1805/28
f 1720/1803/31 1898/1805/31 1899/1806/31
f 1720/1803/32 1899/1806/32 1900/1807/32
f 1719/1808/32 1720/1803/32 1900/1807/32
f 1719/1808/32 1900/1807/32 1901/1809/32
f 1719/1808/32 1901/1809/32 1902/1810/32
f 1719/1808/32 1902/1810/32 1903/1811/32
f 1718/1812/31 1719/1808/31 1903/1811/31
f 1718/1812/32 1903/1811/32 1904/1813/32
f 1718/1812/31 1904/1813/31 1905/1814/31
f 1718/1812/32 1905/1814/32 1906/1815/32
f 1717/1816/32 1718/1812/32 1906/1815/32
f 1717/1816/32 1906/1815/32 1907/1817/32
f 1717/1816/32 1907/1817/32 1908/1818/32
f 1717/1816/31 1908/1818/31 1909/1819/31
f 1716/1820/32 1717/1816/32 1909/1819/32
f 1716/1820/32 1909/1819/32 1910/1821/32
f 1716/1820/32 1910/1821/32 1911/1822/32
f 1715/1823/32 1716/1820/32 1911/1822/32
f 1715/1823/32 1911/1822/32 1912/1824/32
f 1715/1823/32 1912/1824/32 1913/1825/32
f 1714/1826/32 1715/1823/32 1913/1825/32
f 1714/1826/31 1913/1825/31 1914/1827/31
f 1714/1826/32 1914/1827/32 1915/1828/32
f 1713/1829/32 1714/1826/32 1915/1828/32
f 1713/1829/32 1915/1828/32 1916/1830/32
f 1713/1829/32 1916/1830/32 1917/1831/32
f 1712/1832/31 1713/1829/31 1917/1831/31
f 1712/1832/32 1917/1831/32 1918/1833/32
f 1711/1834/32 1712/1832/32 1918/1833/32
f 1711/1834/32 1918/1833/32 1919/1835/32
f 1711/1834/32 1919/1835/32 1920/1836/32
f 1710/1837/32 1711/1834/32 1920/1836/32
f 1710/1837/32 1920/1836/32 1921/1838/32
f 1709/1839/32 1710/1837/32 1921/1838/32
f 1709/1839/32 1921/1838/32 1922/1840/32
f 1709/1839/31 1922/1840/31 1923/1841/31
f 1708/1842/32 1709/1839/32 1923/1841/32
f 1708/1842/32 1923/1841/32 1924/1843/32
f 1707/1844/32 1708/1842/32 1924/1843/32
f 1707/1844/32 1924/1843/32 1925/1845/32
f 1706/1846/32 1707/1844/32 1925/1845/32
f 1706/1846/32 1925/1845/32 1926/1847/32
f 1705/1848/32 1706/1846/32 1926/1847/32
f 1705/1848/32 1926/1847/32 1927/1849/32
f 1704/1850/32 1705/1848/32 1927/1849/32
f 1704/1850/32 1927/1849/32 1928/1851/32
f 1703/1852/32 1704/1850/32 1928/1851/32
f 1703/1852/31 1928/1851/31 1929/1853/31
f 1702/1854/32 1703/1852/32 1929/1853/32
f 1702/1854/32 1929/1853/32 1930/1855/32
f 1701/1856/31 1702/1854/31 1930/1855/31
f 1700/1857/32 1701/1856/32 1930/1855/32
f 1700/1857/32 1930/1855/32 1931/1858/32
f 1699/1859/32 1700/1857/32 1931/1858/32
f 1699/1859/32 1931/1858/32 1932/1860/32
f 1698/1861/31 1699/1859/31 1932/1860/31
f 1697/1862/32 1698/1861/32 1932/1860/32
f 1697/1862/32 1932/1860/32 1933/1863/32
f 1696/1864/32 1697/1862/32 1933/1863/32
f 1696/1864/32 1933/1863/32 1934/1865/32
f 1695/1866/32 1696/1864/32 1934/1865/32
f 1694/1867/32 1695/1866/32 1934/1865/32
f 1694/1867/32 1934/1865/32 1935/1868/32
f 1693/1869/31 1694/1867/31 1935/1868/31
f 1692/1870/32 1693/1869/32 1935/1868/32
f 1692/1870/31 1935/1868/31 1936/1871/31
f 1691/1872/32 1692/1870/32 1936/1871/32
f 1690/1873/32 1691/1872/32 1936/1871/32
f 1690/1873/32 1936/1871/32 1937/1874/32
f 1689/1875/32 1690/1873/32 1937/1874/32
f 1688/1876/31 1689/1875/31 1937/1874/31
f 1687/1877/32 1688/1876/32 1937/1874/32
f 1687/1877/32 1937/1874/32 1938/1878/32
f 1686/1879/32 1687/1877/32 1938/1878/32
f 1685/1880/31 1686/1879/31 1938/1878/31
f 1684/1881/32 1685/1880/32 1938/1878/32
f 1684/1881/32 1938/1878/32 1939/1882/32
f 1683/1883/31 1684/1881/31 1939/1882/31
f 1682/1884/32 1683/1883/32 1939/1882/32
f 1681/1885/31 1682/1884/31 1939/1882/31
f 1680/1886/32 1681/1885/32 1939/1882/32
f 1680/1886/32 1939/1882/32 1940/1887/32
f 1679/1888/32 1680/1886/32 1940/1887/32
f 1678/1889/32 1679/1888/32 1940/1887/32
f 1677/1890/32 1678/1889/32 1940/1887/32
f 1677/1890/32 1940/1887/32 1941/1891/32
f 1676/1892/32 1677/1890/32 1941/1891/32
f 1675/1893/31 1676/1892/31 1941/1891/31
f 1674/1894/32 1675/1893/32 1941/1891/32
f 1673/1895/32 1674/1894/32 1941/1891/32
f 1673/1895/32 1941/1891/32 1942/1896/32
f 1672/1897/31 1673/1895/31 1942/1896/31
f 1671/1898/32 1672/1897/32 1942/1896/32
f 1670/1899/32 1671/1898/32 1942/1896/32
f 1669/1900/31 1670/1899/31 1942/1896/31
f 1669/1900/32 1942/1896/32 1943/1901/32
f 1668/1902/32 1669/1900/32 1943/1901/32
f 1667/1903/32 1668/1902/32 1943/1901/32
f 1666/1904/32 1667/1903/32 1943/1901/32
f 1665/1905/31 1666/1904/31 1943/1901/31
f 1665/1905/32 1943/1901/32 1944/1906/32
f 1664/1907/32 1665/1905/32 1944/1906/32
f 1663/1908/32 1664/1907/32 1944/1906/32
f 1662/1909/32 1663/1908/32 1944/1906/32
f 1662/1909/32 1944/1906/32 1945/1910/32
f 1661/1911/32 1662/1909/32 1945/1910/32
f 1660/1912/32 1661/1911/32 1945/1910/32
f 1659/1913/32 1660/1912/32 1945/1910/32
f 1659/1913/32 1945/1910/32 1946/1914/32
f 1658/1915/32 1659/1913/32 1946/1914/32
f 1657/1916/32 1658/1915/32 1946/1914/32
f 1656/1917/32 1657/1916/32 1946/1914/32
f 1656/1917/32 1946/1914/32 1947/1918/32
f 1655/1919/32 1656/1917/32 1947/1918/32
f 1654/1920/32 1655/1919/32 1947/1918/32
f 1653/1921/32 1654/1920/32 1947/1918/32
f 1653/1921/32 1947/1918/32 1948/1922/32
f 1652/1923/31 1653/1921/31 1948/1922/31
f 1651/1924/32 1652/1923/32 1948/1922/32
f 1650/1925/32 1651/1924/32 1948/1922/32
f 1650/1925/32 1948/1922/32 1949/1926/32
f 1649/1927/32 1650/1925/32 1949/1926/32
f 1648/1928/32 1649/1927/32 1949/1926/32
f 1648/1928/32 1949/1926/32 1950/1929/32
f 1647/1930/32 1648/1928/32 1950/1929/32
f 1646/1931/32 1647/1930/32 1950/1929/32
f 1646/1931/32 1950/1929/32 1951/1932/32
f 1645/1933/32 1646/1931/32 1951/1932/32
f 1644/1934/32 1645/1933/32 1951/1932/32
f 1643/1935/32 1644/1934/32 1951/1932/32
f 1643/1935/32 1951/1932/32 1952/1936/32
f 1642/1937/32 1643/1935/32 1952/1936/32
f 1641/1938/32 1642/1937/32 1952/1936/32
f 1641/1938/32 1952/1936/32 1953/1939/32
f 1640/1940/32 1641/1938/32 1953/1939/32
f 1639/1941/32 1640/1940/32 1953/1939/32
f 1639/1941/32 1953/1939/32 1954/1942/32
f 1638/1943/32 1639/1941/32 1954/1942/32
f 1637/1944/32 1638/1943/32 1954/1942/32
f 1637/1944/32 1954/1942/32 1955/1945/32
f 1636/1946/32 1637/1944/32 1955/1945/32
f 1635/1947/32 1636/1946/32 1955/1945/32
f 1635/1947/32 1955/1945/32 1956/1948/32
f 1634/1949/32 1635/1947/32 1956/1948/32
f 1633/1950/32 1634/1949/32 1956/1948/32
f 1633/1950/32 1956/1948/32 1957/1951/32
f 1632/1952/32 1633/1950/32 1957/1951/32
f 1631/1953/32 1632/1952/32 1957/1951/32
f 1631/1953/32 1957/1951/32 1958/1954/32
f 1630/1955/32 1631/1953/32 1958/1954/32
f 1629/1956/32 1630/1955/32 1958/1954/32
f 1629/1956/32 1958/1954/32 1959/1957/32
f 1628/1958/32 1629/1956/32 1959/1957/32
f 1627/1959/32 1628/1958/32 1959/1957/32
f 1627/1959/32 1959/1957/32 1960/1960/32
f 2108/1961/32 1627/1959/32 1960/1960/32
f 2107/1962/32 2108/1961/32 1960/1960/32
f 2107/1962/32 1960/1960/32 1961/1963/32
f 2106/1964/32 2107/1962/32 1961/1963/32
f 2105/1965/32 2106/1964/32 1961/1963/32
f 2104/1966/32 2105/1965/32 1961/1963/32
f 2104/1966/32 1961/1963/32 1962/1967/32
f 2103/1968/32 2104/1966/32 1962/1967/32
f 2102/1969/31 2103/1968/31 1962/1967/31
f 2102/1969/32 1962/1967/32 1963/1970/32
f 2101/1971/32 2102/1969/32 1963/1970/32
f 2048/1972/32 2049/1973/32 2050/1974/32
f 2100/1975/32 2101/1971/32 1963/1970/32
f 2048/1972/32 2050/1974/32 2051/1976/32
f 2099/1977/32 2100/1975/32 1963/1970/32
f 2099/1977/32 1963/1970/32 1964/1978/32
f 2048/1972/32 2051/1976/32 2052/1979/32
f 2098/1980/32 2099/1977/32 1964/1978/32
f 2048/1972/32 2052/1979/32 2053/1981/32
f 2097/1982/32 2098/1980/32 1964/1978/32
f 2048/1972/32 2053/1981/32 2054/1983/32
f 2097/1982/32 1964/1978/32 1965/1984/32
f 2096/1985/32 2097/1982/32 1965/1984/32
f 2048/1972/32 2054/1983/32 2055/1986/32
f 2095/1987/32 2096/1985/32 1965/1984/32
f 2048/1972/32 2055/1986/32 2056/1988/32
f 2094/1989/32 2095/1987/32 1965/1984/32
f 2048/1972/32 2056/1988/32 2057/1990/32
f 2094/1989/32 1965/1984/32 1966/1991/32
f 2093/1992/31 2094/1989/31 1966/1991/31
f 2048/1972/32 2057/1990/32 2058/1993/32
f 2092/1994/32 2093/1992/32 1966/1991/32
f 2091/1995/31 2092/1994/31 1966/1991/31
f 2048/1972/32 2058/1993/32 2059/1996/32
f 2090/1997/32 2091/1995/32 1966/1991/32
f 2048/1972/32 2059/1996/32 2060/1998/32
f 2090/1997/32 1966/1991/32 1967/1999/32
f 2089/2000/32 2090/1997/32 1967/1999/32
f 2048/1972/32 2060/1998/32 2061/2001/32
f 2088/2002/32 2089/2000/32 1967/1999/32
f 2048/1972/32 2061/2001/32 2062/2003/32
f 2087/2004/32 2088/2002/32 1967/1999/32
f 2086/2005/32 2087/2004/32 1967/1999/32
f 2048/1972/32 2062/2003/32 2063/2006/32
f 2086/2005/32 1967/1999/32 1968/2007/32
f 2085/2008/31 2086/2005/31 1968/2007/31
f 2048/1972/32 2063/2006/32 2064/2009/32
f 2084/2010/31 2085/2008/31 1968/2007/31
f 2048/1972/32 2064/2009/32 2065/2011/32
f 2083/2012/32 2084/2010/32 1968/2007/32
f 2048/1972/32 2065/2011/32 2066/2013/32
f 2082/2014/31 2083/2012/31 1968/2007/31
f 2081/2015/32 2082/2014/32 1968/2007/32
f 2048/1972/32 2066/2013/32 2067/2016/32
f 2081/2015/32 1968/2007/32 1969/2017/32
f 2080/2018/31 2081/2015/31 1969/2017/31
f 2048/1972/32 2067/2016/32 2068/2019/32
f 2079/2020/32 2080/2018/32 1969/2017/32
f 2048/1972/32 2068/2019/32 2069/2021/32
f 2078/2022/32 2079/2020/32 1969/2017/32
f 2048/1972/32 2069/2021/32 2070/2023/32
f 2077/2024/32 2078/2022/32 1969/2017/32
f 2076/2025/28 2077/2024/28 1969/2017/28
f 2048/1972/32 2070/2023/32 2071/2026/32
f 2075/2027/31 2076/2025/31 1969/2017/31
f 2048/1972/32 2071/2026/32 2072/2028/32
f 2074/2029/43 2075/2027/43 1969/2017/43
f 2048/1972/32 2072/2028/32 2073/2030/32
f 2073/2030/31 2074/2029/31 1969/2017/31
f 2048/1972/32 2073/2030/32 1969/2017/32
f 2048/1972/32 1969/2017/32 1970/2031/32
f 2048/1972/32 1970/2031/32 1971/2032/32
f 2048/1972/32 1971/2032/32 1972/2033/32
f 2048/1972/32 1972/2033/32 1973/2034/32
f 2048/1972/32 1973/2034/32 1974/2035/32
f 2048/1972/32 1974/2035/32 1975/2036/32
f 2048/1972/32 1975/2036/32 1976/2037/32
f 2048/1972/32 1976/2037/32 1977/2038/32
f 2048/1972/32 1977/2038/32 1978/2039/32
f 2048/1972/32 1978/2039/32 1979/2040/32
f 2048/1972/32 1979/2040/32 1980/2041/32
f 2047/2042/32 2048/1972/32 1980/2041/32
f 2046/2043/31 2047/2042/31 1980/2041/31
f 2045/2044/32 2046/2043/32 1980/2041/32
f 2045/2044/32 1980/2041/32 1981/2045/32
f 2044/2046/32 2045/2044/32 1981/2045/32
f 2043/2047/32 2044/2046/32 1981/2045/32
f 2042/2048/31 2043/2047/31 1981/2045/31
f 2042/2048/32 1981/2045/32 1982/2049/32
f 2041/2050/32 2042/2048/32 1982/2049/32
f 2040/2051/32 2041/2050/32 1982/2049/32
f 2039/2052/32 2040/2051/32 1982/2049/32
f 2039/2052/32 1982/2049/32 1983/2053/32
f 2038/2054/32 2039/2052/32 1983/2053/32
f 2037/2055/32 2038/2054/32 1983/2053/32
f 2036/2056/31 2037/2055/31 1983/2053/31
f 2036/2056/32 1983/2053/32 1984/2057/32
f 2035/2058/32 2036/2056/32 1984/2057/32
f 2034/2059/32 2035/2058/32 1984/2057/32
f 2033/2060/31 2034/2059/31 1984/2057/31
f 2033/2060/32 1984/2057/32 1985/2061/32
f 2032/2062/32 2033/2060/32 1985/2061/32
f 2031/2063/32 2032/2062/32 1985/2061/32
f 2031/2063/32 1985/2061/32 1986/2064/32
f 2030/2065/31 2031/2063/31 1986/2064/31
f 2029/2066/32 2030/2065/32 1986/2064/32
f 2028/2067/32 2029/2066/32 1986/2064/32
f 2028/2067/32 1986/2064/32 1987/2068/32
f 2027/2069/32 2028/2067/32 1987/2068/32
f 2026/2070/32 2027/2069/32 1987/2068/32
f 2026/2070/32 1987/2068/32 1988/2071/32
f 2025/2072/32 2026/2070/32 1988/2071/32
f 2024/2073/32 2025/2072/32 1988/2071/32
f 2023/2074/31 2024/2073/31 1988/2071/31
f 2023/2074/32 1988/2071/32 1989/2075/32
f 2022/2076/32 2023/2074/32 1989/2075/32
f 2021/2077/32 2022/2076/32 1989/2075/32
f 2021/2077/31 1989/2075/31 1990/2078/31
f 2020/2079/32 2021/2077/32 1990/2078/32
f 2019/2080/32 2020/2079/32 1990/2078/32
f 2019/2080/32 1990/2078/32 1991/2081/32
f 2018/2082/31 2019/2080/31 1991/2081/31
f 2017/2083/32 2018/2082/32 1991/2081/32
f 2017/2083/32 1991/2081/32 1992/2084/32
f 2016/2085/31 2017/2083/31 1992/2084/31
f 2015/2086/32 2016/2085/32 1992/2084/32
f 2015/2086/32 1992/2084/32 1993/2087/32
f 2014/2088/32 2015/2086/32 1993/2087/32
f 2013/2089/32 2014/2088/32 1993/2087/32
f 2013/2089/32 1993/2087/32 1994/2090/32
f 2012/2091/32 2013/2089/32 1994/2090/32
f 2011/2092/32 2012/2091/32 1994/2090/32
f 2011/2092/31 1994/2090/31 1995/2093/31
f 2010/2094/32 2011/2092/32 1995/2093/32
f 2009/2095/32 2010/2094/32 1995/2093/32
f 2009/2095/32 1995/2093/32 1996/2096/32
f 2008/2097/32 2009/2095/32 1996/2096/32
f 2007/2098/32 2008/2097/32 1996/2096/32
f 2007/2098/32 1996/2096/32 1997/2099/32
f 2006/2100/31 2007/2098/31 1997/2099/31
f 2005/2101/31 2006/2100/31 1997/2099/31
f 2005/2101/32 1997/2099/32 1998/2102/32
f 2004/2103/32 2005/2101/32 1998/2102/32
f 2003/2104/31 2004/2103/31 1998/2102/31
f 2003/2104/31 1998/2102/31 1999/2105/31
f 2002/2106/44 2003/2104/44 1999/2105/44
f 2001/2107/30 2002/2106/30 1999/2105/30
f 2001/2107/43 1999/2105/43 2000/2108/43
f 2316/2109/32 2317/2110/32 2318/2111/32
f 2316/2109/32 2318/2111/32 2319/2112/32
f 2169/2113/32 2170/2114/32 2171/2115/32
f 2169/2113/32 2171/2115/32 2172/2116/32
f 2315/2117/32 2316/2109/32 2319/2112/32
f 2314/2118/32 2315/2117/32 2319/2112/32
f 2168/2119/32 2169/2113/32 2172/2116/32
f 2313/2120/31 2314/2118/31 2319/2112/31
f 2312/2121/32 2313/2120/32 2319/2112/32
f 2167/2122/32 2168/2119/32 2172/2116/32
f 2312/2121/32 2319/2112/32 2320/2123/32
f 2311/2124/31 2312/2121/31 2320/2123/31
f 2311/2124/32 2320/2123/32 2321/2125/32
f 2166/2126/32 2167/2122/32 2172/2116/32
f 2311/2124/32 2321/2125/32 2322/2127/32
f 2310/2128/32 2311/2124/32 2322/2127/32
f 2310/2128/32 2322/2127/32 2323/2129/32
f 2165/2130/32 2166/2126/32 2172/2116/32
f 2309/2131/32 2310/2128/32 2323/2129/32
f 2309/2131/32 2323/2129/32 2324/2132/32
f 2308/2133/32 2309/2131/32 2324/2132/32
f 2164/2134/32 2165/2130/32 2172/2116/32
f 2308/2133/32 2324/2132/32 2325/2135/32
f 2308/2133/32 2325/2135/32 2326/2136/32
f 2307/2137/32 2308/2133/32 2326/2136/32
f 2164/2134/32 2172/2116/32 2173/2138/32
f 2163/2139/32 2164/2134/32 2173/2138/32
f 2307/2137/32 2326/2136/32 2327/2140/32
f 2306/2141/32 2307/2137/32 2327/2140/32
f 2306/2141/32 2327/2140/32 2328/2142/32
f 2162/2143/32 2163/2139/32 2173/2138/32
f 2162/2143/32 2173/2138/32 2174/2144/32
f 2305/2145/32 2306/2141/32 2328/2142/32
f 2305/2145/32 2328/2142/32 2329/2146/32
f 2161/2147/32 2162/2143/32 2174/2144/32
f 2305/2145/31 2329/2146/31 2330/2148/31
f 2304/2149/32 2305/2145/32 2330/2148/32
f 2161/2147/32 2174/2144/32 2175/2150/32
f 2304/2149/32 2330/2148/32 2331/2151/32
f 2160/2152/32 2161/2147/32 2175/2150/32
f 2303/2153/32 2304/2149/32 2331/2151/32
f 2303/2153/32 2331/2151/32 2332/2154/32
f 2160/2152/32 2175/2150/32 2176/2155/32
f 2303/2153/32 2332/2154/32 2333/2156/32
f 2302/2157/32 2303/2153/32 2333/2156/32
f 2159/2158/32 2160/2152/32 2176/2155/32
f 2302/2157/31 2333/2156/31 2334/2159/31
f 2301/2160/32 2302/2157/32 2334/2159/32
f 2158/2161/32 2159/2158/32 2176/2155/32
f 2301/2160/32 2334/2159/32 2335/2162/32
f 2158/2161/32 2176/2155/32 2177/2163/32
f 2301/2160/32 2335/2162/32 2336/2164/32
f 2300/2165/32 2301/2160/32 2336/2164/32
f 2157/2166/32 2158/2161/32 2177/2163/32
f 2300/2165/31 2336/2164/31 2337/2167/31
f 2157/2166/32 2177/2163/32 2178/2168/32
f 2299/2169/32 2300/2165/32 2337/2167/32
f 2156/2170/32 2157/2166/32 2178/2168/32
f 2299/2169/32 2337/2167/32 2338/2171/32
f 2299/2169/31 2338/2171/31 2339/2172/31
f 2298/2173/32 2299/2169/32 2339/2172/32
f 2155/2174/32 2156/2170/32 2178/2168/32
f 2155/2174/32 2178/2168/32 2179/2175/32
f 2298/2173/32 2339/2172/32 2340/2176/32
f 2297/2177/31 2298/2173/31 2340/2176/31
f 2154/2178/32 2155/2174/32 2179/2175/32
f 2297/2177/32 2340/2176/32 2341/2179/32
f 2154/2178/32 2179/2175/32 2180/2180/32
f 2297/2177/32 2341/2179/32 2342/2181/32
f 2153/2182/32 2154/2178/32 2180/2180/32
f 2296/2183/32 2297/2177/32 2342/2181/32
f 2296/2183/32 2342/2181/32 2343/2184/32
f 2152/2185/32 2153/2182/32 2180/2180/32
f 2152/2185/32 2180/2180/32 2181/2186/32
f 2295/2187/32 2296/2183/32 2343/2184/32
f 2295/2187/32 2343/2184/32 2344/2188/32
f 2151/2189/32 2152/2185/32 2181/2186/32
f 2294/2190/32 2295/2187/32 2344/2188/32
f 2294/2190/32 2344/2188/32 2345/2191/32
f 2151/2189/32 2181/2186/32 2182/2192/32
f 2150/2193/32 2151/2189/32 2182/2192/32
f 2293/2194/31 2294/2190/31 2345/2191/31
f 2293/2194/32 2345/2191/32 2346/2195/32
f 2150/2193/32 2182/2192/32 2183/2196/32
f 2149/2197/32 2150/2193/32 2183/2196/32
f 2292/2198/32 2293/2194/32 2346/2195/32
f 2292/2198/32 2346/2195/32 2347/2199/32
f 2148/2200/32 2149/2197/32 2183/2196/32
f 2148/2200/32 2183/2196/32 2184/2201/32
f 2147/2202/32 2148/2200/32 2184/2201/32
f 2291/2203/32 2292/2198/32 2347/2199/32
f 2291/2203/32 2347/2199/32 2348/2204/32
f 2147/2202/32 2184/2201/32 2185/2205/32
f 2146/2206/32 2147/2202/32 2185/2205/32
f 2291/2203/32 2348/2204/32 2349/2207/32
f 2145/2208/32 2146/2206/32 2185/2205/32
f 2290/2209/32 2291/2203/32 2349/2207/32
f 2145/2208/32 2185/2205/32 2186/2210/32
f 2290/2209/32 2349/2207/32 2350/2211/32
f 2144/2212/32 2145/2208/32 2186/2210/32
f 2144/2212/32 2186/2210/32 2187/2213/32
f 2290/2209/32 2350/2211/32 2351/2214/32
f 2289/2215/32 2290/2209/32 2351/2214/32
f 2289/2215/32 2351/2214/32 2352/2216/32
f 2144/2212/32 2187/2213/32 2188/2217/32
f 2143/2218/32 2144/2212/32 2188/2217/32
f 2289/2215/32 2352/2216/32 2353/2219/32
f 2143/2218/32 2188/2217/32 2189/2220/32
f 2288/2221/32 2289/2215/32 2353/2219/32
f 2288/2221/32 2353/2219/32 2354/2222/32
f 2143/2218/32 2189/2220/32 2190/2223/32
f 2142/2224/32 2143/2218/32 2190/2223/32
f 2288/2221/32 2354/2222/32 2355/2225/32
f 2287/2226/32 2288/2221/32 2355/2225/32
f 2142/2224/32 2190/2223/32 2191/2227/32
f 2287/2226/32 2355/2225/32 2356/2228/32
f 2141/2229/32 2142/2224/32 2191/2227/32
f 2141/2229/32 2191/2227/32 2192/2230/32
f 2287/2226/32 2356/2228/32 2357/2231/32
f 2286/2232/32 2287/2226/32 2357/2231/32
f 2141/2229/32 2192/2230/32 2193/2233/32
f 2286/2232/32 2357/2231/32 2358/2234/32
f 2140/2235/32 2141/2229/32 2193/2233/32
f 2286/2232/32 2358/2234/32 2359/2236/32
f 2285/2237/32 2286/2232/32 2359/2236/32
f 2140/2235/32 2193/2233/32 2194/2238/32
f 2285/2237/32 2359/2236/32 2360/2239/32
f 2140/2235/32 2194/2238/32 2195/2240/32
f 2139/2241/32 2140/2235/32 2195/2240/32
f 2285/2237/32 2360/2239/32 2361/2242/32
f 2284/2243/32 2285/2237/32 2361/2242/32
f 2139/2241/32 2195/2240/32 2196/2244/32
f 2284/2243/31 2361/2242/31 2362/2245/31
f 2138/2246/32 2139/2241/32 2196/2244/32
f 2138/2246/32 2196/2244/32 2197/2247/32
f 2284/2243/32 2362/2245/32 2363/2248/32
f 2283/2249/32 2284/2243/32 2363/2248/32
f 2283/2249/32 2363/2248/32 2364/2250/32
f 2137/2251/32 2138/2246/32 2197/2247/32
f 2137/2251/32 2197/2247/32 2198/2252/32
f 2283/2249/32 2364/2250/32 2365/2253/32
f 2282/2254/32 2283/2249/32 2365/2253/32
f 2282/2254/32 2365/2253/32 2366/2255/32
f 2136/2256/32 2137/2251/32 2198/2252/32
f 2136/2256/32 2198/2252/32 2199/2257/32
f 2282/2254/32 2366/2255/32 2367/2258/32
f 2281/2259/32 2282/2254/32 2367/2258/32
f 2135/2260/32 2136/2256/32 2199/2257/32
f 2281/2259/31 2367/2258/31 2368/2261/31
f 2135/2260/32 2199/2257/32 2200/2262/32
f 2281/2259/32 2368/2261/32 2369/2263/32
f 2134/2264/32 2135/2260/32 2200/2262/32
f 2281/2259/32 2369/2263/32 2370/2265/32
f 2280/2266/32 2281/2259/32 2370/2265/32
f 2134/2264/32 2200/2262/32 2201/2267/32
f 2280/2266/32 2370/2265/32 2371/2268/32
f 2133/2269/32 2134/2264/32 2201/2267/32
f 2280/2266/32 2371/2268/32 2372/2270/32
f 2279/2271/32 2280/2266/32 2372/2270/32
f 2279/2271/32 2372/2270/32 2373/2272/32
f 2133/2269/32 2201/2267/32 2202/2273/32
f 2132/2274/32 2133/2269/32 2202/2273/32
f 2279/2271/31 2373/2272/31 2374/2275/31
f 2131/2276/32 2132/2274/32 2202/2273/32
f 2279/2271/32 2374/2275/32 2375/2277/32
f 2131/2276/32 2202/2273/32 2203/2278/32
f 2278/2279/32 2279/2271/32 2375/2277/32
f 2278/2279/32 2375/2277/32 2376/2280/32
f 2130/2281/32 2131/2276/32 2203/2278/32
f 2278/2279/32 2376/2280/32 2377/2282/32
f 2278/2279/32 2377/2282/32 2378/2283/32
f 2129/2284/32 2130/2281/32 2203/2278/32
f 2129/2284/32 2203/2278/32 2204/2285/32
f 2278/2279/31 2378/2283/31 2109/2286/31
f 2277/2287/32 2278/2279/32 2109/2286/32
f 2128/2288/31 2129/2284/31 2204/2285/31
f 2277/2287/32 2109/2286/32 2110/2289/32
f 2277/2287/31 2110/2289/31 2111/2290/31
f 2127/2291/32 2128/2288/32 2204/2285/32
f 2127/2291/32 2204/2285/32 2205/2292/32
f 2277/2287/31 2111/2290/31 2112/2293/31
f 2126/2294/32 2127/2291/32 2205/2292/32
f 2277/2287/32 2112/2293/32 2113/2295/32
f 2276/2296/32 2277/2287/32 2113/2295/32
f 2276/2296/32 2113/2295/32 2114/2297/32
f 2125/2298/32 2126/2294/32 2205/2292/32
f 2276/2296/32 2114/2297/32 2115/2299/32
f 2124/2300/32 2125/2298/32 2205/2292/32
f 2276/2296/31 2115/2299/31 2116/2301/31
f 2124/2300/32 2205/2292/32 2206/2302/32
f 2276/2296/32 2116/2301/32 2117/2303/32
f 2123/2304/32 2124/2300/32 2206/2302/32
f 2276/2296/32 2117/2303/32 2118/2305/32
f 2122/2306/32 2123/2304/32 2206/2302/32
f 2276/2296/32 2118/2305/32 2119/2307/32
f 2276/2296/32 2119/2307/32 2120/2308/32
f 2121/2309/43 2122/2306/43 2206/2302/43
f 2276/2296/29 2120/2308/29 2121/2309/29
f 2276/2296/32 2121/2309/32 2206/2302/32
f 2275/2310/32 2276/2296/32 2206/2302/32
f 2275/2310/32 2206/2302/32 2207/2311/32
f 2274/2312/32 2275/2310/32 2207/2311/32
f 2274/2312/32 2207/2311/32 2208/2313/32
f 2273/2314/32 2274/2312/32 2208/2313/32
f 2273/2314/32 2208/2313/32 2209/2315/32
f 2273/2314/32 2209/2315/32 2210/2316/32
f 2272/2317/32 2273/2314/32 2210/2316/32
f 2272/2317/32 2210/2316/32 2211/2318/32
f 2271/2319/32 2272/2317/32 2211/2318/32
f 2271/2319/32 2211/2318/32 2212/2320/32
f 2270/2321/32 2271/2319/32 2212/2320/32
f 2270/2321/32 2212/2320/32 2213/2322/32
f 2269/2323/32 2270/2321/32 2213/2322/32
f 2269/2323/32 2213/2322/32 2214/2324/32
f 2268/2325/32 2269/2323/32 2214/2324/32
f 2268/2325/32 2214/2324/32 2215/2326/32
f 2267/2327/32 2268/2325/32 2215/2326/32
f 2267/2327/32 2215/2326/32 2216/2328/32
f 2267/2327/32 2216/2328/32 2217/2329/32
f 2266/2330/32 2267/2327/32 2217/2329/32
f 2266/2330/32 2217/2329/32 2218/2331/32
f 2265/2332/32 2266/2330/32 2218/2331/32
f 2265/2332/32 2218/2331/32 2219/2333/32
f 2264/2334/32 2265/2332/32 2219/2333/32
f 2264/2334/32 2219/2333/32 2220/2335/32
f 2263/2336/32 2264/2334/32 2220/2335/32
f 2263/2336/32 2220/2335/32 2221/2337/32
f 2262/2338/32 2263/2336/32 2221/2337/32
f 2262/2338/32 2221/2337/32 2222/2339/32
f 2262/2338/32 2222/2339/32 2223/2340/32
f 2261/2341/32 2262/2338/32 2223/2340/32
f 2261/2341/32 2223/2340/32 2224/2342/32
f 2260/2343/32 2261/2341/32 2224/2342/32
f 2260/2343/32 2224/2342/32 2225/2344/32
f 2259/2345/32 2260/2343/32 2225/2344/32
f 2259/2345/32 2225/2344/32 2226/2346/32
f 2258/2347/32 2259/2345/32 2226/2346/32
f 2258/2347/32 2226/2346/32 2227/2348/32
f 2257/2349/32 2258/2347/32 2227/2348/32
f 2257/2349/32 2227/2348/32 2228/2350/32
f 2257/2349/32 2228/2350/32 2229/2351/32
f 2256/2352/32 2257/2349/32 2229/2351/32
f 2256/2352/32 2229/2351/32 2230/2353/32
f 2255/2354/32 2256/2352/32 2230/2353/32
f 2255/2354/32 2230/2353/32 2231/2355/32
f 2254/2356/32 2255/2354/32 2231/2355/32
f 2254/2356/32 2231/2355/32 2232/2357/32
f 2253/2358/32 2254/2356/32 2232/2357/32
f 2253/2358/32 2232/2357/32 2233/2359/32
f 2253/2358/32 2233/2359/32 2234/2360/32
f 2252/2361/31 2253/2358/31 2234/2360/31
f 2252/2361/32 2234/2360/32 2235/2362/32
f 2251/2363/32 2252/2361/32 2235/2362/32
f 2251/2363/32 2235/2362/32 2236/2364/32
f 2250/2365/32 2251/2363/32 2236/2364/32
f 2250/2365/32 2236/2364/32 2237/2366/32
f 2249/2367/31 2250/2365/31 2237/2366/31
f 2249/2367/32 2237/2366/32 2238/2368/32
f 2248/2369/32 2249/2367/32 2238/2368/32
f 2248/2369/31 2238/2368/31 2239/2370/31
f 2248/2369/32 2239/2370/32 2240/2371/32
f 2247/2372/32 2248/2369/32 2240/2371/32
f 2247/2372/32 2240/2371/32 2241/2373/32
f 2246/2374/32 2247/2372/32 2241/2373/32
f 2246/2374/32 2241/2373/32 2242/2375/32
f 2245/2376/32 2246/2374/32 2242/2375/32
f 2245/2376/31 2242/2375/31 2243/2377/31
f 2244/2378/32 2245/2376/32 2243/2377/32
f 2408/2379/32 2409/2380/32 2410/2381/32
f 2408/2379/32 2410/2381/32 2394/2382/32
f 2394/2382/32 2410/2381/32 2393/2383/32
f 2393/2383/32 2410/2381/32 2411/2384/32
f 2436/2385/32 2437/2386/32 2438/2387/32
f 2436/2385/32 2438/2387/32 2379/2388/32
f 2408/2379/32 2394/2382/32 2395/2389/32
f 2392/2390/32 2393/2383/32 2411/2384/32
f 2408/2379/32 2395/2389/32 2396/2391/32
f 2391/2392/32 2392/2390/32 2411/2384/32
f 2408/2379/32 2396/2391/32 2397/2393/32
f 2390/2394/32 2391/2392/32 2411/2384/32
f 2408/2379/32 2397/2393/32 2398/2395/32
f 2389/2396/32 2390/2394/32 2411/2384/32
f 2408/2379/32 2398/2395/32 2399/2397/32
f 2388/2398/32 2389/2396/32 2411/2384/32
f 2408/2379/32 2399/2397/32 2400/2399/32
f 2387/2400/32 2388/2398/32 2411/2384/32
f 2408/2379/32 2400/2399/32 2401/2401/32
f 2386/2402/32 2387/2400/32 2411/2384/32
f 2408/2379/32 2401/2401/32 2402/2403/32
f 2385/2404/32 2386/2402/32 2411/2384/32
f 2385/2404/32 2411/2384/32 2412/2405/32
f 2435/2406/32 2436/2385/32 2379/2388/32
f 2408/2379/32 2402/2403/32 2403/2407/32
f 2384/2408/32 2385/2404/32 2412/2405/32
f 2384/2408/32 2412/2405/32 2413/2409/32
f 2408/2379/32 2403/2407/32 2404/2410/32
f 2434/2411/32 2435/2406/32 2379/2388/32
f 2383/2412/32 2384/2408/32 2413/2409/32
f 2383/2412/32 2413/2409/32 2414/2413/32
f 2408/2379/32 2404/2410/32 2405/2414/32
f 2382/2415/32 2383/2412/32 2414/2413/32
f 2433/2416/32 2434/2411/32 2379/2388/32
f 2382/2415/32 2414/2413/32 2415/2417/32
f 2408/2379/32 2405/2414/32 2406/2418/32
f 2381/2419/32 2382/2415/32 2415/2417/32
f 2432/2420/32 2433/2416/32 2379/2388/32
f 2381/2419/32 2415/2417/32 2416/2421/32
f 2408/2379/32 2406/2418/32 2407/2422/32
f 2380/2423/32 2381/2419/32 2416/2421/32
f 2431/2424/32 2432/2420/32 2379/2388/32
f 2380/2423/32 2416/2421/32 2417/2425/32
f 2430/2426/32 2431/2424/32 2379/2388/32
f 2380/2423/32 2417/2425/32 2418/2427/32
f 2429/2428/32 2430/2426/32 2379/2388/32
f 2380/2423/32 2418/2427/32 2419/2429/32
f 2428/2430/32 2429/2428/32 2379/2388/32
f 2380/2423/32 2419/2429/32 2420/2431/32
f 2427/2432/32 2428/2430/32 2379/2388/32
f 2380/2423/32 2420/2431/32 2421/2433/32
f 2426/2434/32 2427/2432/32 2379/2388/32
f 2380/2423/32 2421/2433/32 2422/2435/32
f 2425/2436/32 2426/2434/32 2379/2388/32
f 2380/2423/32 2422/2435/32 2423/2437/32
f 2424/2438/32 2425/2436/32 2379/2388/32
f 2380/2423/32 2423/2437/32 2424/2438/32
f 2380/2423/32 2424/2438/32 2379/2388/32
f 2666/2439/45 2667/2440/45 2668/2441/45
f 2666/2439/32 2668/2441/32 2669/2442/32
f 2665/2443/31 2666/2439/31 2669/2442/31
f 2665/2443/28 2669/2442/28 2670/2444/28
f 2664/2445/32 2665/2443/32 2670/2444/32
f 2664/2445/28 2670/2444/28 2671/2446/28
f 2663/2447/31 2664/2445/31 2671/2446/31
f 2663/2447/32 2671/2446/32 2672/2448/32
f 2662/2449/31 2663/2447/31 2672/2448/31
f 2662/2449/32 2672/2448/32 2673/2450/32
f 2661/2451/32 2662/2449/32 2673/2450/32
f 2661/2451/32 2673/2450/32 2674/2452/32
f 2660/2453/32 2661/2451/32 2674/2452/32
f 2660/2453/31 2674/2452/31 2675/2454/31
f 2660/2453/32 2675/2454/32 2676/2455/32
f 2659/2456/31 2660/2453/31 2676/2455/31
f 2659/2456/31 2676/2455/31 2677/2457/31
f 2658/2458/32 2659/2456/32 2677/2457/32
f 2658/2458/32 2677/2457/32 2678/2459/32
f 2657/2460/32 2658/2458/32 2678/2459/32
f 2657/2460/32 2678/2459/32 2679/2461/32
f 2656/2462/32 2657/2460/32 2679/2461/32
f 2656/2462/32 2679/2461/32 2680/2463/32
f 2655/2464/32 2656/2462/32 2680/2463/32
f 2655/2464/32 2680/2463/32 2681/2465/32
f 2894/2466/31 2655/2464/31 2681/2465/31
f 2894/2466/32 2681/2465/32 2682/2467/32
f 2894/2466/32 2682/2467/32 2683/2468/32
f 2893/2469/32 2894/2466/32 2683/2468/32
f 2893/2469/32 2683/2468/32 2684/2470/32
f 2892/2471/32 2893/2469/32 2684/2470/32
f 2892/2471/32 2684/2470/32 2685/2472/32
f 2891/2473/32 2892/2471/32 2685/2472/32
f 2891/2473/32 2685/2472/32 2686/2474/32
f 2890/2475/32 2891/2473/32 2686/2474/32
f 2890/2475/32 2686/2474/32 2687/2476/32
f 2889/2477/32 2890/2475/32 2687/2476/32
f 2889/2477/32 2687/2476/32 2688/2478/32
f 2888/2479/32 2889/2477/32 2688/2478/32
f 2888/2479/32 2688/2478/32 2689/2480/32
f 2887/2481/32 2888/2479/32 2689/2480/32
f 2887/2481/32 2689/2480/32 2690/2482/32
f 2886/2483/32 2887/2481/32 2690/2482/32
f 2886/2483/32 2690/2482/32 2691/2484/32
f 2885/2485/32 2886/2483/32 2691/2484/32
f 2885/2485/32 2691/2484/32 2692/2486/32
f 2884/2487/32 2885/2485/32 2692/2486/32
f 2884/2487/32 2692/2486/32 2693/2488/32
f 2883/2489/32 2884/2487/32 2693/2488/32
f 2883/2489/32 2693/2488/32 2694/2490/32
f 2882/2491/32 2883/2489/32 2694/2490/32
f 2882/2491/32 2694/2490/32 2695/2492/32
f 2881/2493/32 2882/2491/32 2695/2492/32
f 2881/2493/32 2695/2492/32 2696/2494/32
f 2880/2495/32 2881/2493/32 2696/2494/32
f 2880/2495/32 2696/2494/32 2697/2496/32
f 2879/2497/32 2880/2495/32 2697/2496/32
f 2879/2497/28 2697/2496/28 2451/2498/28
f 2451/2498/32 2697/2496/32 2698/2499/32
f 2879/2497/46 2451/2498/46 2452/2500/46
f 2450/2501/47 2451/2498/47 2698/2499/47
f 2879/2497/32 2452/2500/32 2453/2502/32
f 2449/2503/31 2450/2501/31 2698/2499/31
f 2879/2497/32 2453/2502/32 2454/2504/32
f 2878/2505/32 2879/2497/32 2454/2504/32
f 2878/2505/31 2454/2504/31 2455/2506/31
f 2448/2507/32 2449/2503/32 2698/2499/32
f 2878/2505/31 2455/2506/31 2456/2508/31
f 2878/2505/32 2456/2508/32 2457/2509/32
f 2447/2510/32 2448/2507/32 2698/2499/32
f 2878/2505/32 2457/2509/32 2458/2511/32
f 2447/2510/32 2698/2499/32 2699/2512/32
f 2446/2513/32 2447/2510/32 2699/2512/32
f 2878/2505/32 2458/2511/32 2459/2514/32
f 2878/2505/32 2459/2514/32 2460/2515/32
f 2445/2516/32 2446/2513/32 2699/2512/32
f 2877/2517/32 2878/2505/32 2460/2515/32
f 2877/2517/32 2460/2515/32 2461/2518/32
f 2877/2517/32 2461/2518/32 2462/2519/32
f 2444/2520/32 2445/2516/32 2699/2512/32
f 2444/2520/32 2699/2512/32 2700/2521/32
f 2877/2517/32 2462/2519/32 2463/2522/32
f 2443/2523/32 2444/2520/32 2700/2521/32
f 2877/2517/32 2463/2522/32 2464/2524/32
f 2876/2525/32 2877/2517/32 2464/2524/32
f 2876/2525/32 2464/2524/32 2465/2526/32
f 2442/2527/32 2443/2523/32 2700/2521/32
f 2442/2527/32 2700/2521/32 2701/2528/32
f 2876/2525/32 2465/2526/32 2466/2529/32
f 2875/2530/32 2876/2525/32 2466/2529/32
f 2875/2530/32 2466/2529/32 2467/2531/32
f 2441/2532/32 2442/2527/32 2701/2528/32
f 2875/2530/32 2467/2531/32 2468/2533/32
f 2441/2532/32 2701/2528/32 2702/2534/32
f 2440/2535/32 2441/2532/32 2702/2534/32
f 2875/2530/32 2468/2533/32 2469/2536/32
f 2874/2537/32 2875/2530/32 2469/2536/32
f 2874/2537/32 2469/2536/32 2470/2538/32
f 2439/2539/32 2440/2535/32 2702/2534/32
f 2439/2539/32 2702/2534/32 2703/2540/32
f 2874/2537/32 2470/2538/32 2471/2541/32
f 2873/2542/32 2874/2537/32 2471/2541/32
f 2873/2542/32 2471/2541/32 2472/2543/32
f 2654/2544/32 2439/2539/32 2703/2540/32
f 2873/2542/32 2472/2543/32 2473/2545/32
f 2654/2544/32 2703/2540/32 2704/2546/32
f 2872/2547/32 2873/2542/32 2473/2545/32
f 2872/2547/32 2473/2545/32 2474/2548/32
f 2653/2549/32 2654/2544/32 2704/2546/32
f 2872/2547/32 2474/2548/32 2475/2550/32
f 2653/2549/32 2704/2546/32 2705/2551/32
f 2871/2552/32 2872/2547/32 2475/2550/32
f 2871/2552/32 2475/2550/32 2476/2553/32
f 2652/2554/32 2653/2549/32 2705/2551/32
f 2871/2552/32 2476/2553/32 2477/2555/32
f 2652/2554/32 2705/2551/32 2706/2556/32
f 2870/2557/32 2871/2552/32 2477/2555/32
f 2870/2557/32 2477/2555/32 2478/2558/32
f 2651/2559/32 2652/2554/32 2706/2556/32
f 2870/2557/32 2478/2558/32 2479/2560/32
f 2869/2561/32 2870/2557/32 2479/2560/32
f 2651/2559/32 2706/2556/32 2707/2562/32
f 2650/2563/32 2651/2559/32 2707/2562/32
f 2869/2561/31 2479/2560/31 2480/2564/31
f 2868/2565/32 2869/2561/32 2480/2564/32
f 2868/2565/32 2480/2564/32 2481/2566/32
f 2650/2563/32 2707/2562/32 2708/2567/32
f 2649/2568/32 2650/2563/32 2708/2567/32
f 2868/2565/32 2481/2566/32 2482/2569/32
f 2867/2570/32 2868/2565/32 2482/2569/32
f 2867/2570/32 2482/2569/32 2483/2571/32
f 2649/2568/32 2708/2567/32 2709/2572/32
f 2648/2573/32 2649/2568/32 2709/2572/32
f 2867/2570/32 2483/2571/32 2484/2574/32
f 2866/2575/32 2867/2570/32 2484/2574/32
f 2648/2573/32 2709/2572/32 2710/2576/32
f 2866/2575/32 2484/2574/32 2485/2577/32
f 2865/2578/32 2866/2575/32 2485/2577/32
f 2647/2579/32 2648/2573/32 2710/2576/32
f 2865/2578/32 2485/2577/32 2486/2580/32
f 2647/2579/32 2710/2576/32 2711/2581/32
f 2865/2578/32 2486/2580/32 2487/2582/32
f 2864/2583/32 2865/2578/32 2487/2582/32
f 2646/2584/32 2647/2579/32 2711/2581/32
f 2864/2583/32 2487/2582/32 2488/2585/32
f 2646/2584/32 2711/2581/32 2712/2586/32
f 2863/2587/32 2864/2583/32 2488/2585/32
f 2863/2587/32 2488/2585/32 2489/2588/32
f 2645/2589/32 2646/2584/32 2712/2586/32
f 2863/2587/32 2489/2588/32 2490/2590/32
f 2862/2591/32 2863/2587/32 2490/2590/32
f 2645/2589/32 2712/2586/32 2713/2592/32
f 2862/2591/32 2490/2590/32 2491/2593/32
f 2861/2594/32 2862/2591/32 2491/2593/32
f 2644/2595/32 2645/2589/32 2713/2592/32
f 2644/2595/32 2713/2592/32 2714/2596/32
f 2861/2594/32 2491/2593/32 2492/2597/32
f 2860/2598/32 2861/2594/32 2492/2597/32
f 2860/2598/32 2492/2597/32 2493/2599/32
f 2644/2595/32 2714/2596/32 2715/2600/32
f 2643/2601/32 2644/2595/32 2715/2600/32
f 2860/2598/32 2493/2599/32 2494/2602/32
f 2859/2603/32 2860/2598/32 2494/2602/32
f 2859/2603/32 2494/2602/32 2495/2604/32
f 2643/2601/32 2715/2600/32 2716/2605/32
f 2858/2606/32 2859/2603/32 2495/2604/32
f 2642/2607/32 2643/2601/32 2716/2605/32
f 2858/2606/32 2495/2604/32 2496/2608/32
f 2642/2607/32 2716/2605/32 2717/2609/32
f 2858/2606/32 2496/2608/32 2497/2610/32
f 2641/2611/32 2642/2607/32 2717/2609/32
f 2857/2612/32 2858/2606/32 2497/2610/32
f 2641/2611/32 2717/2609/32 2718/2613/32
f 2857/2612/32 2497/2610/32 2498/2614/32
f 2640/2615/32 2641/2611/32 2718/2613/32
f 2856/2616/32 2857/2612/32 2498/2614/32
f 2640/2615/32 2718/2613/32 2719/2617/32
f 2856/2616/32 2498/2614/32 2499/2618/32
f 2639/2619/32 2640/2615/32 2719/2617/32
f 2855/2620/32 2856/2616/32 2499/2618/32
f 2639/2619/32 2719/2617/32 2720/2621/32
f 2855/2620/32 2499/2618/32 2500/2622/32
f 2638/2623/32 2639/2619/32 2720/2621/32
f 2855/2620/32 2500/2622/32 2501/2624/32
f 2854/2625/32 2855/2620/32 2501/2624/32
f 2638/2623/32 2720/2621/32 2721/2626/32
f 2637/2627/32 2638/2623/32 2721/2626/32
f 2854/2625/32 2501/2624/32 2502/2628/32
f 2636/2629/32 2637/2627/32 2721/2626/32
f 2636/2629/32 2721/2626/32 2722/2630/32
f 2853/2631/32 2854/2625/32 2502/2628/32
f 2853/2631/32 2502/2628/32 2503/2632/32
f 2635/2633/32 2636/2629/32 2722/2630/32
f 2635/2633/32 2722/2630/32 2723/2634/32
f 2852/2635/32 2853/2631/32 2503/2632/32
f 2852/2635/32 2503/2632/32 2504/2636/32
f 2634/2637/32 2635/2633/32 2723/2634/32
f 2634/2637/32 2723/2634/32 2724/2638/32
f 2851/2639/32 2852/2635/32 2504/2636/32
f 2851/2639/32 2504/2636/32 2505/2640/32
f 2633/2641/32 2634/2637/32 2724/2638/32
f 2633/2641/32 2724/2638/32 2725/2642/32
f 2851/2639/32 2505/2640/32 2506/2643/32
f 2850/2644/32 2851/2639/32 2506/2643/32
f 2632/2645/32 2633/2641/32 2725/2642/32
f 2632/2645/32 2725/2642/32 2726/2646/32
f 2850/2644/32 2506/2643/32 2507/2647/32
f 2631/2648/32 2632/2645/32 2726/2646/32
f 2849/2649/32 2850/2644/32 2507/2647/32
f 2849/2649/32 2507/2647/32 2508/2650/32
f 2631/2648/32 2726/2646/32 2727/2651/32
f 2630/2652/32 2631/2648/32 2727/2651/32
f 2848/2653/32 2849/2649/32 2508/2650/32
f 2848/2653/32 2508/2650/32 2509/2654/32
f 2630/2652/32 2727/2651/32 2728/2655/32
f 2629/2656/32 2630/2652/32 2728/2655/32
f 2847/2657/32 2848/2653/32 2509/2654/32
f 2847/2657/32 2509/2654/32 2510/2658/32
f 2628/2659/32 2629/2656/32 2728/2655/32
f 2628/2659/32 2728/2655/32 2729/2660/32
f 2847/2657/32 2510/2658/32 2511/2661/32
f 2846/2662/32 2847/2657/32 2511/2661/32
f 2627/2663/32 2628/2659/32 2729/2660/32
f 2627/2663/32 2729/2660/32 2730/2664/32
f 2846/2662/32 2511/2661/32 2512/2665/32
f 2845/2666/32 2846/2662/32 2512/2665/32
f 2626/2667/32 2627/2663/32 2730/2664/32
f 2626/2667/32 2730/2664/32 2731/2668/32
f 2845/2666/32 2512/2665/32 2513/2669/32
f 2625/2670/32 2626/2667/32 2731/2668/32
f 2844/2671/32 2845/2666/32 2513/2669/32
f 2844/2671/32 2513/2669/32 2514/2672/32
f 2625/2670/32 2731/2668/32 2732/2673/32
f 2624/2674/32 2625/2670/32 2732/2673/32
f 2843/2675/32 2844/2671/32 2514/2672/32
f 2843/2675/32 2514/2672/32 2515/2676/32
f 2623/2677/32 2624/2674/32 2732/2673/32
f 2623/2677/32 2732/2673/32 2733/2678/32
f 2842/2679/32 2843/2675/32 2515/2676/32
f 2842/2679/32 2515/2676/32 2516/2680/32
f 2622/2681/32 2623/2677/32 2733/2678/32
f 2622/2681/32 2733/2678/32 2734/2682/32
f 2841/2683/32 2842/2679/32 2516/2680/32
f 2841/2683/32 2516/2680/32 2517/2684/32
f 2621/2685/32 2622/2681/32 2734/2682/32
f 2621/2685/32 2734/2682/32 2735/2686/32
f 2840/2687/32 2841/2683/32 2517/2684/32
f 2840/2687/32 2517/2684/32 2518/2688/32
f 2620/2689/32 2621/2685/32 2735/2686/32
f 2840/2687/32 2518/2688/32 2519/2690/32
f 2839/2691/32 2840/2687/32 2519/2690/32
f 2620/2689/32 2735/2686/32 2736/2692/32
f 2619/2693/32 2620/2689/32 2736/2692/32
f 2839/2691/32 2519/2690/32 2520/2694/32
f 2618/2695/32 2619/2693/32 2736/2692/32
f 2838/2696/32 2839/2691/32 2520/2694/32
f 2618/2695/32 2736/2692/32 2737/2697/32
f 2838/2696/32 2520/2694/32 2521/2698/32
f 2617/2699/32 2618/2695/32 2737/2697/32
f 2837/2700/32 2838/2696/32 2521/2698/32
f 2617/2699/32 2737/2697/32 2738/2701/32
f 2837/2700/32 2521/2698/32 2522/2702/32
f 2616/2703/32 2617/2699/32 2738/2701/32
f 2836/2704/32 2837/2700/32 2522/2702/32
f 2616/2703/32 2738/2701/32 2739/2705/32
f 2836/2704/32 2522/2702/32 2523/2706/32
f 2615/2707/32 2616/2703/32 2739/2705/32
f 2835/2708/32 2836/2704/32 2523/2706/32
f 2614/2709/32 2615/2707/32 2739/2705/32
f 2835/2708/32 2523/2706/32 2524/2710/32
f 2614/2709/32 2739/2705/32 2740/2711/32
f 2834/2712/32 2835/2708/32 2524/2710/32
f 2613/2713/32 2614/2709/32 2740/2711/32
f 2834/2712/32 2524/2710/32 2525/2714/32
f 2613/2713/32 2740/2711/32 2741/2715/32
f 2612/2716/32 2613/2713/32 2741/2715/32
f 2834/2712/32 2525/2714/32 2526/2717/32
f 2833/2718/32 2834/2712/32 2526/2717/32
f 2611/2719/32 2612/2716/32 2741/2715/32
f 2611/2719/32 2741/2715/32 2742/2720/32
f 2833/2718/32 2526/2717/32 2527/2721/32
f 2610/2722/32 2611/2719/32 2742/2720/32
f 2832/2723/32 2833/2718/32 2527/2721/32
f 2832/2723/32 2527/2721/32 2528/2724/32
f 2610/2722/32 2742/2720/32 2743/2725/32
f 2609/2726/32 2610/2722/32 2743/2725/32
f 2832/2723/32 2528/2724/32 2529/2727/32
f 2831/2728/32 2832/2723/32 2529/2727/32
f 2609/2726/32 2743/2725/32 2744/2729/32
f 2608/2730/32 2609/2726/32 2744/2729/32
f 2831/2728/32 2529/2727/32 2530/2731/32
f 2607/2732/32 2608/2730/32 2744/2729/32
f 2831/2728/32 2530/2731/32 2531/2733/32
f 2607/2732/32 2744/2729/32 2745/2734/32
f 2830/2735/32 2831/2728/32 2531/2733/32
f 2606/2736/32 2607/2732/32 2745/2734/32
f 2830/2735/32 2531/2733/32 2532/2737/32
f 2606/2736/32 2745/2734/32 2746/2738/32
f 2605/2739/32 2606/2736/32 2746/2738/32
f 2830/2735/32 2532/2737/32 2533/2740/32
f 2829/2741/32 2830/2735/32 2533/2740/32
f 2604/2742/32 2605/2739/32 2746/2738/32
f 2829/2741/32 2533/2740/32 2534/2743/32
f 2604/2742/32 2746/2738/32 2747/2744/32
f 2603/2745/32 2604/2742/32 2747/2744/32
f 2828/2746/32 2829/2741/32 2534/2743/32
f 2828/2746/32 2534/2743/32 2535/2747/32
f 2603/2745/32 2747/2744/32 2748/2748/32
f 2602/2749/32 2603/2745/32 2748/2748/32
f 2828/2746/32 2535/2747/32 2536/2750/32
f 2827/2751/32 2828/2746/32 2536/2750/32
f 2601/2752/32 2602/2749/32 2748/2748/32
f 2827/2751/32 2536/2750/32 2537/2753/32
f 2601/2752/32 2748/2748/32 2749/2754/32
f 2600/2755/32 2601/2752/32 2749/2754/32
f 2827/2751/32 2537/2753/32 2538/2756/32
f 2826/2757/32 2827/2751/32 2538/2756/32
f 2599/2758/31 2600/2755/31 2749/2754/31
f 2826/2757/32 2538/2756/32 2539/2759/32
f 2599/2758/32 2749/2754/32 2750/2760/32
f 2598/2761/32 2599/2758/32 2750/2760/32
f 2826/2757/32 2539/2759/32 2540/2762/32
f 2825/2763/32 2826/2757/32 2540/2762/32
f 2598/2761/32 2750/2760/32 2751/2764/32
f 2825/2763/32 2540/2762/32 2541/2765/32
f 2597/2766/32 2598/2761/32 2751/2764/32
f 2825/2763/31 2541/2765/31 2542/2767/31
f 2596/2768/32 2597/2766/32 2751/2764/32
f 2596/2768/32 2751/2764/32 2752/2769/32
f 2824/2770/32 2825/2763/32 2542/2767/32
f 2824/2770/32 2542/2767/32 2543/2771/32
f 2595/2772/32 2596/2768/32 2752/2769/32
f 2824/2770/32 2543/2771/32 2544/2773/32
f 2594/2774/32 2595/2772/32 2752/2769/32
f 2594/2774/32 2752/2769/32 2753/2775/32
f 2824/2770/32 2544/2773/32 2545/2776/32
f 2823/2777/32 2824/2770/32 2545/2776/32
f 2593/2778/32 2594/2774/32 2753/2775/32
f 2823/2777/32 2545/2776/32 2546/2779/32
f 2592/2780/32 2593/2778/32 2753/2775/32
f 2592/2780/32 2753/2775/32 2754/2781/32
f 2823/2777/32 2546/2779/32 2547/2782/32
f 2822/2783/32 2823/2777/32 2547/2782/32
f 2591/2784/32 2592/2780/32 2754/2781/32
f 2822/2783/32 2547/2782/32 2548/2785/32
f 2590/2786/32 2591/2784/32 2754/2781/32
f 2822/2783/32 2548/2785/32 2549/2787/32
f 2590/2786/32 2754/2781/32 2755/2788/32
f 2589/2789/32 2590/2786/32 2755/2788/32
f 2821/2790/32 2822/2783/32 2549/2787/32
f 2821/2790/31 2549/2787/31 2550/2791/31
f 2588/2792/32 2589/2789/32 2755/2788/32
f 2821/2790/32 2550/2791/32 2551/2793/32
f 2588/2792/32 2755/2788/32 2756/2794/32
f 2587/2795/32 2588/2792/32 2756/2794/32
f 2821/2790/32 2551/2793/32 2552/2796/32
f 2820/2797/32 2821/2790/32 2552/2796/32
f 2586/2798/32 2587/2795/32 2756/2794/32
f 2820/2797/32 2552/2796/32 2553/2799/32
f 2820/2797/32 2553/2799/32 2554/2800/32
f 2585/2801/32 2586/2798/32 2756/2794/32
f 2585/2801/32 2756/2794/32 2757/2802/32
f 2820/2797/32 2554/2800/32 2555/2803/32
f 2584/2804/32 2585/2801/32 2757/2802/32
f 2819/2805/32 2820/2797/32 2555/2803/32
f 2819/2805/32 2555/2803/32 2556/2806/32
f 2583/2807/32 2584/2804/32 2757/2802/32
f 2819/2805/31 2556/2806/31 2557/2808/31
f 2583/2807/32 2757/2802/32 2758/2809/32
f 2582/2810/32 2583/2807/32 2758/2809/32
f 2819/2805/32 2557/2808/32 2558/2811/32
f 2581/2812/32 2582/2810/32 2758/2809/32
f 2819/2805/31 2558/2811/31 2559/2813/31
f 2818/2814/32 2819/2805/32 2559/2813/32
f 2818/2814/32 2559/2813/32 2560/2815/32
f 2580/2816/32 2581/2812/32 2758/2809/32
f 2818/2814/32 2560/2815/32 2561/2817/32
f 2579/2818/32 2580/2816/32 2758/2809/32
f 2579/2818/32 2758/2809/32 2759/2819/32
f 2818/2814/32 2561/2817/32 2562/2820/32
f 2578/2821/32 2579/2818/32 2759/2819/32
f 2818/2814/32 2562/2820/32 2563/2822/32
f 2577/2823/32 2578/2821/32 2759/2819/32
f 2818/2814/31 2563/2822/31 2564/2824/31
f 2817/2825/32 2818/2814/32 2564/2824/32
f 2576/2826/32 2577/2823/32 2759/2819/32
f 2817/2825/32 2564/2824/32 2565/2827/32
f 2817/2825/32 2565/2827/32 2566/2828/32
f 2575/2829/32 2576/2826/32 2759/2819/32
f 2817/2825/32 2566/2828/32 2567/2830/32
f 2574/2831/32 2575/2829/32 2759/2819/32
f 2817/2825/31 2567/2830/31 2568/2832/31
f 2573/2833/28 2574/2831/28 2759/2819/28
f 2573/2833/32 2759/2819/32 2760/2834/32
f 2817/2825/32 2568/2832/32 2569/2835/32
f 2572/2836/32 2573/2833/32 2760/2834/32
f 2817/2825/31 2569/2835/31 2570/2837/31
f 2571/2838/31 2572/2836/31 2760/2834/31
f 2817/2825/43 2570/2837/43 2571/2838/43
f 2817/2825/32 2571/2838/32 2760/2834/32
f 2816/2839/32 2817/2825/32 2760/2834/32
f 2816/2839/32 2760/2834/32 2761/2840/32
f 2815/2841/32 2816/2839/32 2761/2840/32
f 2815/2841/32 2761/2840/32 2762/2842/32
f 2814/2843/32 2815/2841/32 2762/2842/32
f 2814/2843/32 2762/2842/32 2763/2844/32
f 2813/2845/32 2814/2843/32 2763/2844/32
f 2813/2845/32 2763/2844/32 2764/2846/32
f 2812/2847/32 2813/2845/32 2764/2846/32
f 2812/2847/32 2764/2846/32 2765/2848/32
f 2811/2849/32 2812/2847/32 2765/2848/32
f 2811/2849/32 2765/2848/32 2766/2850/32
f 2810/2851/32 2811/2849/32 2766/2850/32
f 2810/2851/32 2766/2850/32 2767/2852/32
f 2809/2853/32 2810/2851/32 2767/2852/32
f 2809/2853/32 2767/2852/32 2768/2854/32
f 2808/2855/32 2809/2853/32 2768/2854/32
f 2808/2855/32 2768/2854/32 2769/2856/32
f 2807/2857/32 2808/2855/32 2769/2856/32
f 2807/2857/32 2769/2856/32 2770/2858/32
f 2806/2859/32 2807/2857/32 2770/2858/32
f 2806/2859/32 2770/2858/32 2771/2860/32
f 2805/2861/32 2806/2859/32 2771/2860/32
f 2805/2861/32 2771/2860/32 2772/2862/32
f 2804/2863/32 2805/2861/32 2772/2862/32
f 2804/2863/32 2772/2862/32 2773/2864/32
f 2803/2865/32 2804/2863/32 2773/2864/32
f 2803/2865/32 2773/2864/32 2774/2866/32
f 2802/2867/32 2803/2865/32 2774/2866/32
f 2802/2867/32 2774/2866/32 2775/2868/32
f 2801/2869/32 2802/2867/32 2775/2868/32
f 2800/2870/32 2801/2869/32 2775/2868/32
f 2800/2870/32 2775/2868/32 2776/2871/32
f 2799/2872/32 2800/2870/32 2776/2871/32
f 2799/2872/32 2776/2871/32 2777/2873/32
f 2798/2874/32 2799/2872/32 2777/2873/32
f 2798/2874/32 2777/2873/32 2778/2875/32
f 2797/2876/32 2798/2874/32 2778/2875/32
f 2797/2876/32 2778/2875/32 2779/2877/32
f 2796/2878/32 2797/2876/32 2779/2877/32
f 2796/2878/32 2779/2877/32 2780/2879/32
f 2795/2880/32 2796/2878/32 2780/2879/32
f 2795/2880/32 2780/2879/32 2781/2881/32
f 2794/2882/32 2795/2880/32 2781/2881/32
f 2793/2883/32 2794/2882/32 2781/2881/32
f 2793/2883/32 2781/2881/32 2782/2884/32
f 2792/2885/32 2793/2883/32 2782/2884/32
f 2792/2885/32 2782/2884/32 2783/2886/32
f 2791/2887/32 2792/2885/32 2783/2886/32
f 2791/2887/31 2783/2886/31 2784/2888/31
f 2790/2889/32 2791/2887/32 2784/2888/32
f 2790/2889/32 2784/2888/32 2785/2890/32
f 2789/2891/28 2790/2889/28 2785/2890/28
f 2789/2891/32 2785/2890/32 2786/2892/32
f 2788/2893/32 2789/2891/32 2786/2892/32
f 2788/2893/43 2786/2892/43 2787/2894/43
f 3215/2895/32 3216/2896/32 2993/2897/32
f 2993/2897/32 3216/2896/32 3217/2898/32
f 2993/2897/32 3217/2898/32 3218/2899/32
f 2993/2897/32 3218/2899/32 3219/2900/32
f 2993/2897/32 3219/2900/32 3220/2901/32
f 2993/2897/32 3220/2901/32 3221/2902/32
f 2993/2897/32 3221/2902/32 3222/2903/32
f 2993/2897/32 3222/2903/32 3223/2904/32
f 2993/2897/32 3223/2904/32 3224/2905/32
f 2993/2897/32 3224/2905/32 3225/2906/32
f 2993/2897/32 3225/2906/32 3226/2907/32
f 2993/2897/32 3226/2907/32 3227/2908/32
f 2993/2897/32 3227/2908/32 3228/2909/32
f 2993/2897/32 3228/2909/32 3229/2910/32
f 2993/2897/31 3229/2910/31 3230/2911/31
f 2993/2897/32 3230/2911/32 3231/2912/32
f 2993/2897/32 3231/2912/32 3232/2913/32
f 2993/2897/32 3232/2913/32 3233/2914/32
f 2993/2897/32 3233/2914/32 3234/2915/32
f 2993/2897/31 3234/2915/31 3235/2916/31
f 2993/2897/32 3235/2916/32 3236/2917/32
f 2993/2897/32 3236/2917/32 3237/2918/32
f 2993/2897/31 3237/2918/31 3238/2919/31
f 2993/2897/32 3238/2919/32 3239/2920/32
f 2993/2897/32 3239/2920/32 3240/2921/32
f 2993/2897/31 3240/2921/31 3241/2922/31
f 2993/2897/32 3241/2922/32 3242/2923/32
f 2993/2897/32 3242/2923/32 3243/2924/32
f 2993/2897/32 3243/2924/32 3244/2925/32
f 2993/2897/32 3244/2925/32 3245/2926/32
f 2993/2897/32 3245/2926/32 3246/2927/32
f 2993/2897/32 3246/2927/32 3247/2928/32
f 2993/2897/32 3247/2928/32 3248/2929/32
f 2993/2897/32 3248/2929/32 3249/2930/32
f 2993/2897/32 3249/2930/32 3250/2931/32
f 2993/2897/32 3250/2931/32 3251/2932/32
f 2993/2897/32 3251/2932/32 3252/2933/32
f 2993/2897/32 3252/2933/32 3081/2934/32
f 2993/2897/32 3081/2934/32 3082/2935/32
f 2993/2897/32 3082/2935/32 3083/2936/32
f 2993/2897/32 3083/2936/32 3084/2937/32
f 2993/2897/32 3084/2937/32 3085/2938/32
f 2993/2897/43 3085/2938/43 2992/2939/43
f 2992/2939/48 3085/2938/48 2991/2940/48
f 2991/2940/49 3085/2938/49 2990/2941/49
f 2990/2941/28 3085/2938/28 2989/2942/28
f 2989/2942/32 3085/2938/32 3086/2943/32
f 3215/2895/32 2993/2897/32 2895/2944/32
f 2988/2945/39 2989/2942/39 3086/2943/39
f 2987/2946/50 2988/2945/50 3086/2943/50
f 2986/2947/31 2987/2946/31 3086/2943/31
f 2985/2948/29 2986/2947/29 3086/2943/29
f 2984/2949/31 2985/2948/31 3086/2943/31
f 2983/2950/32 2984/2949/32 3086/2943/32
f 2982/2951/30 2983/2950/30 3086/2943/30
f 2981/2952/32 2982/2951/32 3086/2943/32
f 2980/2953/51 2981/2952/51 3086/2943/51
f 2979/2954/28 2980/2953/28 3086/2943/28
f 2978/2955/43 2979/2954/43 3086/2943/43
f 2977/2956/32 2978/2955/32 3086/2943/32
f 2976/2957/28 2977/2956/28 3086/2943/28
f 2975/2958/32 2976/2957/32 3086/2943/32
f 2974/2959/32 2975/2958/32 3086/2943/32
f 2973/2960/31 2974/2959/31 3086/2943/31
f 2972/2961/32 2973/2960/32 3086/2943/32
f 2972/2961/32 3086/2943/32 3087/2962/32
f 2971/2963/28 2972/2961/28 3087/2962/28
f 2970/2964/31 2971/2963/31 3087/2962/31
f 2969/2965/28 2970/2964/28 3087/2962/28
f 2968/2966/32 2969/2965/32 3087/2962/32
f 2967/2967/32 2968/2966/32 3087/2962/32
f 2966/2968/31 2967/2967/31 3087/2962/31
f 2965/2969/32 2966/2968/32 3087/2962/32
f 2965/2969/32 3087/2962/32 3088/2970/32
f 2964/2971/32 2965/2969/32 3088/2970/32
f 2963/2972/32 2964/2971/32 3088/2970/32
f 2962/2973/31 2963/2972/31 3088/2970/31
f 2961/2974/32 2962/2973/32 3088/2970/32
f 2961/2974/32 3088/2970/32 3089/2975/32
f 2960/2976/31 2961/2974/31 3089/2975/31
f 2959/2977/32 2960/2976/32 3089/2975/32
f 2958/2978/32 2959/2977/32 3089/2975/32
f 2958/2978/32 3089/2975/32 3090/2979/32
f 2957/2980/32 2958/2978/32 3090/2979/32
f 2956/2981/32 2957/2980/32 3090/2979/32
f 2955/2982/32 2956/2981/32 3090/2979/32
f 2955/2982/32 3090/2979/32 3091/2983/32
f 2954/2984/32 2955/2982/32 3091/2983/32
f 2953/2985/32 2954/2984/32 3091/2983/32
f 2952/2986/32 2953/2985/32 3091/2983/32
f 2952/2986/32 3091/2983/32 3092/2987/32
f 2951/2988/32 2952/2986/32 3092/2987/32
f 2950/2989/32 2951/2988/32 3092/2987/32
f 2949/2990/32 2950/2989/32 3092/2987/32
f 2949/2990/32 3092/2987/32 3093/2991/32
f 2948/2992/32 2949/2990/32 3093/2991/32
f 2947/2993/32 2948/2992/32 3093/2991/32
f 2947/2993/32 3093/2991/32 3094/2994/32
f 2946/2995/31 2947/2993/31 3094/2994/31
f 2945/2996/32 2946/2995/32 3094/2994/32
f 2944/2997/32 2945/2996/32 3094/2994/32
f 2943/2998/32 2944/2997/32 3094/2994/32
f 2943/2998/32 3094/2994/32 3095/2999/32
f 2942/3000/32 2943/2998/32 3095/2999/32
f 2942/3000/32 3095/2999/32 3096/3001/32
f 2941/3002/32 2942/3000/32 3096/3001/32
f 2940/3003/32 2941/3002/32 3096/3001/32
f 2940/3003/32 3096/3001/32 3097/3004/32
f 2939/3005/32 2940/3003/32 3097/3004/32
f 2938/3006/32 2939/3005/32 3097/3004/32
f 2938/3006/32 3097/3004/32 3098/3007/32
f 2937/3008/32 2938/3006/32 3098/3007/32
f 2936/3009/32 2937/3008/32 3098/3007/32
f 2936/3009/32 3098/3007/32 3099/3010/32
f 2935/3011/32 2936/3009/32 3099/3010/32
f 2934/3012/32 2935/3011/32 3099/3010/32
f 2934/3012/32 3099/3010/32 3100/3013/32
f 2933/3014/32 2934/3012/32 3100/3013/32
f 2932/3015/32 2933/3014/32 3100/3013/32
f 2932/3015/32 3100/3013/32 3101/3016/32
f 2931/3017/32 2932/3015/32 3101/3016/32
f 2930/3018/32 2931/3017/32 3101/3016/32
f 2930/3018/32 3101/3016/32 3102/3019/32
f 2929/3020/32 2930/3018/32 3102/3019/32
f 2928/3021/32 2929/3020/32 3102/3019/32
f 2928/3021/32 3102/3019/32 3103/3022/32
f 2927/3023/32 2928/3021/32 3103/3022/32
f 2926/3024/32 2927/3023/32 3103/3022/32
f 2926/3024/32 3103/3022/32 3104/3025/32
f 2925/3026/32 2926/3024/32 3104/3025/32
f 2924/3027/32 2925/3026/32 3104/3025/32
f 2923/3028/32 2924/3027/32 3104/3025/32
f 2923/3028/32 3104/3025/32 3105/3029/32
f 2922/3030/32 2923/3028/32 3105/3029/32
f 2921/3031/31 2922/3030/31 3105/3029/31
f 2921/3031/32 3105/3029/32 3106/3032/32
f 2920/3033/32 2921/3031/32 3106/3032/32
f 2919/3034/31 2920/3033/31 3106/3032/31
f 2918/3035/32 2919/3034/32 3106/3032/32
f 2917/3036/32 2918/3035/32 3106/3032/32
f 2916/3037/32 2917/3036/32 3106/3032/32
f 2915/3038/32 2916/3037/32 3106/3032/32
f 2915/3038/32 3106/3032/32 3107/3039/32
f 2914/3040/32 2915/3038/32 3107/3039/32
f 2913/3041/32 2914/3040/32 3107/3039/32
f 2912/3042/31 2913/3041/31 3107/3039/31
f 2911/3043/28 2912/3042/28 3107/3039/28
f 2910/3044/43 2911/3043/43 3107/3039/43
f 2909/3045/28 2910/3044/28 3107/3039/28
f 2908/3046/31 2909/3045/31 3107/3039/31
f 2907/3047/30 2908/3046/30 3107/3039/30
f 2906/3048/31 2907/3047/31 3107/3039/31
f 2905/3049/31 2906/3048/31 3107/3039/31
f 2904/3050/30 2905/3049/30 3107/3039/30
f 2904/3050/32 3107/3039/32 3108/3051/32
f 2903/3052/28 2904/3050/28 3108/3051/28
f 2902/3053/43 2903/3052/43 3108/3051/43
f 2901/3054/32 2902/3053/32 3108/3051/32
f 2900/3055/31 2901/3054/31 3108/3051/31
f 2899/3056/43 2900/3055/43 3108/3051/43
f 2898/3057/32 2899/3056/32 3108/3051/32
f 2897/3058/30 2898/3057/30 3108/3051/30
f 2896/3059/44 2897/3058/44 3108/3051/44
f 3215/2895/32 2895/2944/32 2995/3060/32
f 2995/3060/32 2895/2944/32 2896/3059/32
f 2995/3060/32 2896/3059/32 3108/3051/32
f 2995/3060/32 3108/3051/32 3109/3061/32
f 2995/3060/32 3109/3061/32 3110/3062/32
f 2995/3060/32 3110/3062/32 3111/3063/32
f 2995/3060/32 3111/3063/32 3112/3064/32
f 2995/3060/32 3112/3064/32 3113/3065/32
f 2995/3060/31 3113/3065/31 3114/3066/31
f 2995/3060/32 3114/3066/32 3115/3067/32
f 2995/3060/31 3115/3067/31 3116/3068/31
f 2995/3060/32 3116/3068/32 3117/3069/32
f 2995/3060/31 3117/3069/31 3118/3070/31
f 2995/3060/32 3118/3070/32 3119/3071/32
f 2995/3060/32 3119/3071/32 3120/3072/32
f 2995/3060/32 3120/3072/32 3121/3073/32
f 2995/3060/32 3121/3073/32 3122/3074/32
f 2995/3060/31 3122/3074/31 3123/3075/31
f 2995/3060/32 3123/3075/32 3124/3076/32
f 2995/3060/32 3124/3076/32 3125/3077/32
f 2995/3060/32 3125/3077/32 3126/3078/32
f 2995/3060/32 3126/3078/32 3127/3079/32
f 2995/3060/32 3127/3079/32 3128/3080/32
f 2995/3060/32 3128/3080/32 3129/3081/32
f 2995/3060/32 3129/3081/32 3130/3082/32
f 2995/3060/31 3130/3082/31 3131/3083/31
f 2995/3060/32 3131/3083/32 3132/3084/32
f 2995/3060/32 3132/3084/32 3133/3085/32
f 2995/3060/32 3133/3085/32 3134/3086/32
f 2995/3060/32 3134/3086/32 3135/3087/32
f 2995/3060/32 3135/3087/32 3136/3088/32
f 2995/3060/32 3136/3088/32 3137/3089/32
f 2995/3060/32 3137/3089/32 3138/3090/32
f 2995/3060/32 3138/3090/32 3139/3091/32
f 2995/3060/32 3139/3091/32 3140/3092/32
f 2995/3060/32 3140/3092/32 3141/3093/32
f 2995/3060/31 3141/3093/31 3142/3094/31
f 2995/3060/32 3142/3094/32 3143/3095/32
f 2995/3060/32 3143/3095/32 3144/3096/32
f 2995/3060/31 3144/3096/31 2994/3097/31
f 2994/3097/52 3144/3096/52 3080/3098/52
f 3080/3098/53 3144/3096/53 3079/3099/53
f 3079/3099/32 3144/3096/32 3145/3100/32
f 3215/2895/32 2995/3060/32 2996/3101/32
f 3078/3102/54 3079/3099/54 3145/3100/54
f 3077/3103/55 3078/3102/55 3145/3100/55
f 3076/3104/56 3077/3103/56 3145/3100/56
f 3075/3105/43 3076/3104/43 3145/3100/43
f 3074/3106/30 3075/3105/30 3145/3100/30
f 3073/3107/44 3074/3106/44 3145/3100/44
f 3072/3108/57 3073/3107/57 3145/3100/57
f 3071/3109/43 3072/3108/43 3145/3100/43
f 3070/3110/58 3071/3109/58 3145/3100/58
f 3069/3111/29 3070/3110/29 3145/3100/29
f 3068/3112/30 3069/3111/30 3145/3100/30
f 3067/3113/31 3068/3112/31 3145/3100/31
f 3066/3114/32 3067/3113/32 3145/3100/32
f 3066/3114/32 3145/3100/32 3146/3115/32
f 3065/3116/32 3066/3114/32 3146/3115/32
f 3064/3117/43 3065/3116/43 3146/3115/43
f 3063/3118/32 3064/3117/32 3146/3115/32
f 3062/3119/31 3063/3118/31 3146/3115/31
f 3061/3120/30 3062/3119/30 3146/3115/30
f 3060/3121/31 3061/3120/31 3146/3115/31
f 3059/3122/28 3060/3121/28 3146/3115/28
f 3059/3122/32 3146/3115/32 3147/3123/32
f 3058/3124/32 3059/3122/32 3147/3123/32
f 3057/3125/43 3058/3124/43 3147/3123/43
f 3056/3126/32 3057/3125/32 3147/3123/32
f 3056/3126/32 3147/3123/32 3148/3127/32
f 3055/3128/32 3056/3126/32 3148/3127/32
f 3054/3129/32 3055/3128/32 3148/3127/32
f 3054/3129/32 3148/3127/32 3149/3130/32
f 3053/3131/32 3054/3129/32 3149/3130/32
f 3052/3132/32 3053/3131/32 3149/3130/32
f 3052/3132/32 3149/3130/32 3150/3133/32
f 3051/3134/31 3052/3132/31 3150/3133/31
f 3050/3135/32 3051/3134/32 3150/3133/32
f 3050/3135/32 3150/3133/32 3151/3136/32
f 3049/3137/32 3050/3135/32 3151/3136/32
f 3049/3137/32 3151/3136/32 3152/3138/32
f 3048/3139/32 3049/3137/32 3152/3138/32
f 3047/3140/32 3048/3139/32 3152/3138/32
f 3047/3140/32 3152/3138/32 3153/3141/32
f 3046/3142/32 3047/3140/32 3153/3141/32
f 3046/3142/32 3153/3141/32 3154/3143/32
f 3045/3144/32 3046/3142/32 3154/3143/32
f 3045/3144/32 3154/3143/32 3155/3145/32
f 3044/3146/32 3045/3144/32 3155/3145/32
f 3044/3146/32 3155/3145/32 3156/3147/32
f 3043/3148/32 3044/3146/32 3156/3147/32
f 3042/3149/32 3043/3148/32 3156/3147/32
f 3042/3149/32 3156/3147/32 3157/3150/32
f 3041/3151/32 3042/3149/32 3157/3150/32
f 3041/3151/32 3157/3150/32 3158/3152/32
f 3040/3153/32 3041/3151/32 3158/3152/32
f 3040/3153/31 3158/3152/31 3159/3154/31
f 3039/3155/32 3040/3153/32 3159/3154/32
f 3039/3155/32 3159/3154/32 3160/3156/32
f 3038/3157/32 3039/3155/32 3160/3156/32
f 3038/3157/32 3160/3156/32 3161/3158/32
f 3037/3159/32 3038/3157/32 3161/3158/32
f 3037/3159/32 3161/3158/32 3162/3160/32
f 3036/3161/32 3037/3159/32 3162/3160/32
f 3036/3161/32 3162/3160/32 3163/3162/32
f 3035/3163/32 3036/3161/32 3163/3162/32
f 3035/3163/32 3163/3162/32 3164/3164/32
f 3034/3165/32 3035/3163/32 3164/3164/32
f 3033/3166/32 3034/3165/32 3164/3164/32
f 3033/3166/32 3164/3164/32 3165/3167/32
f 3032/3168/32 3033/3166/32 3165/3167/32
f 3032/3168/32 3165/3167/32 3166/3169/32
f 3032/3168/32 3166/3169/32 3167/3170/32
f 3031/3171/32 3032/3168/32 3167/3170/32
f 3030/3172/32 3031/3171/32 3167/3170/32
f 3030/3172/32 3167/3170/32 3168/3173/32
f 3029/3174/32 3030/3172/32 3168/3173/32
f 3028/3175/32 3029/3174/32 3168/3173/32
f 3028/3175/32 3168/3173/32 3169/3176/32
f 3027/3177/32 3028/3175/32 3169/3176/32
f 3026/3178/32 3027/3177/32 3169/3176/32
f 3026/3178/32 3169/3176/32 3170/3179/32
f 3025/3180/32 3026/3178/32 3170/3179/32
f 3024/3181/32 3025/3180/32 3170/3179/32
f 3023/3182/32 3024/3181/32 3170/3179/32
f 3023/3182/32 3170/3179/32 3171/3183/32
f 3022/3184/32 3023/3182/32 3171/3183/32
f 3021/3185/32 3022/3184/32 3171/3183/32
f 3021/3185/32 3171/3183/32 3172/3186/32
f 3020/3187/32 3021/3185/32 3172/3186/32
f 3019/3188/32 3020/3187/32 3172/3186/32
f 3019/3188/32 3172/3186/32 3173/3189/32
f 3018/3190/32 3019/3188/32 3173/3189/32
f 3017/3191/32 3018/3190/32 3173/3189/32
f 3017/3191/32 3173/3189/32 3174/3192/32
f 3016/3193/32 3017/3191/32 3174/3192/32
f 3015/3194/32 3016/3193/32 3174/3192/32
f 3014/3195/32 3015/3194/32 3174/3192/32
f 3014/3195/32 3174/3192/32 3175/3196/32
f 3013/3197/32 3014/3195/32 3175/3196/32
f 3012/3198/32 3013/3197/32 3175/3196/32
f 3012/3198/32 3175/3196/32 3176/3199/32
f 3011/3200/31 3012/3198/31 3176/3199/31
f 3010/3201/32 3011/3200/32 3176/3199/32
f 3009/3202/32 3010/3201/32 3176/3199/32
f 3009/3202/32 3176/3199/32 3177/3203/32
f 3008/3204/32 3009/3202/32 3177/3203/32
f 3007/3205/31 3008/3204/31 3177/3203/31
f 3006/3206/32 3007/3205/32 3177/3203/32
f 3005/3207/32 3006/3206/32 3177/3203/32
f 3005/3207/32 3177/3203/32 3178/3208/32
f 3004/3209/32 3005/3207/32 3178/3208/32
f 3003/3210/32 3004/3209/32 3178/3208/32
f 3002/3211/32 3003/3210/32 3178/3208/32
f 3001/3212/31 3002/3211/31 3178/3208/31
f 3000/3213/32 3001/3212/32 3178/3208/32
f 2999/3214/31 3000/3213/31 3178/3208/31
f 2998/3215/32 2999/3214/32 3178/3208/32
f 2997/3216/31 2998/3215/31 3178/3208/31
f 3215/2895/32 2996/3101/32 2997/3216/32
f 3215/2895/32 2997/3216/32 3178/3208/32
f 3215/2895/32 3178/3208/32 3179/3217/32
f 3215/2895/32 3179/3217/32 3180/3218/32
f 3215/2895/32 3180/3218/32 3181/3219/32
f 3215/2895/32 3181/3219/32 3182/3220/32
f 3215/2895/32 3182/3220/32 3183/3221/32
f 3215/2895/32 3183/3221/32 3184/3222/32
f 3215/2895/32 3184/3222/32 3185/3223/32
f 3215/2895/32 3185/3223/32 3186/3224/32
f 3215/2895/32 3186/3224/32 3187/3225/32
f 3215/2895/32 3187/3225/32 3188/3226/32
f 3215/2895/32 3188/3226/32 3189/3227/32
f 3215/2895/32 3189/3227/32 3190/3228/32
f 3215/2895/32 3190/3228/32 3191/3229/32
f 3215/2895/32 3191/3229/32 3192/3230/32
f 3215/2895/32 3192/3230/32 3193/3231/32
f 3215/2895/31 3193/3231/31 3194/3232/31
f 3215/2895/32 3194/3232/32 3195/3233/32
f 3215/2895/32 3195/3233/32 3196/3234/32
f 3215/2895/31 3196/3234/31 3197/3235/31
f 3215/2895/32 3197/3235/32 3198/3236/32
f 3215/2895/32 3198/3236/32 3199/3237/32
f 3215/2895/32 3199/3237/32 3200/3238/32
f 3215/2895/32 3200/3238/32 3201/3239/32
f 3215/2895/32 3201/3239/32 3202/3240/32
f 3215/2895/32 3202/3240/32 3203/3241/32
f 3215/2895/32 3203/3241/32 3204/3242/32
f 3215/2895/31 3204/3242/31 3205/3243/31
f 3215/2895/31 3205/3243/31 3206/3244/31
f 3215/2895/31 3206/3244/31 3207/3245/31
f 3215/2895/32 3207/3245/32 3208/3246/32
f 3215/2895/32 3208/3246/32 3209/3247/32
f 3215/2895/31 3209/3247/31 3210/3248/31
f 3215/2895/43 3210/3248/43 3211/3249/43
f 3215/2895/57 3211/3249/57 3212/3250/57
f 3215/2895/43 3212/3250/43 3213/3251/43
f 3215/2895/52 3213/3251/52 3214/3252/52
s 1
f 3256/3253/59 3253/3254/60 3254/3255/60
f 3258/3256/61 3255/3257/62 3256/3253/59
f 3260/3258/63 3257/3259/61 3258/3256/61
f 3262/3260/64 3259/3261/65 3260/3258/63
f 3264/3262/66 3261/3263/67 3262/3260/64
f 3266/3264/68 3263/3265/69 3264/3262/66
f 3268/3266/70 3265/3267/71 3266/3264/68
f 3270/3268/72 3267/3269/73 3268/3266/70
f 3272/3270/74 3269/3271/75 3270/3268/72
f 3274/3272/76 3271/3273/77 3272/3270/74
f 3276/3274/78 3273/3275/76 3274/3272/76
f 3278/3276/79 3275/3277/80 3276/3274/78
f 3280/3278/81 3277/3279/79 3278/3276/79
f 3282/3280/82 3279/3281/81 3280/3278/81
f 3284/3282/83 3281/3283/84 3282/3280/82
f 3286/3284/85 3283/3285/83 3284/3282/83
f 3288/3286/86 3285/3287/87 3286/3284/85
f 3290/3288/88 3287/3289/89 3288/3286/86
f 3292/3290/90 3289/3291/91 3290/3288/88
f 3294/3292/92 3291/3293/93 3292/3290/90
f 3296/3294/94 3293/3295/95 3294/3292/92
f 3298/3296/96 3295/3297/94 3296/3294/94
f 3300/3298/97 3297/3299/96 3298/3296/96
f 3302/3300/98 3299/3301/99 3300/3298/97
f 3304/3302/100 3301/3303/101 3302/3300/98
f 3306/3304/102 3303/3305/103 3304/3302/100
f 3308/3306/104 3305/3307/105 3306/3304/102
f 3310/3308/106 3307/3309/104 3308/3306/104
f 3312/3310/107 3309/3311/106 3310/3308/106
f 3314/3312/108 3311/3313/107 3312/3310/107
f 3316/3314/109 3313/3315/110 3314/3312/108
f 3318/3316/111 3315/3317/112 3316/3314/109
f 3320/3318/113 3317/3319/111 3318/3316/111
f 3322/3320/114 3319/3321/113 3320/3318/113
f 3324/3322/115 3321/3323/116 3322/3320/114
f 3326/3324/117 3323/3325/118 3324/3322/115
f 3328/3326/119 3325/3327/117 3326/3324/117
f 3330/3328/120 3327/3329/119 3328/3326/119
f 3332/3330/121 3329/3331/122 3330/3328/120
f 3334/3332/123 3331/3333/121 3332/3330/121
f 3336/3334/124 3333/3335/123 3334/3332/123
f 3338/3336/125 3335/3337/126 3336/3334/124
f 3340/3338/127 3337/3339/125 3338/3336/125
f 3342/3340/128 3339/3341/127 3340/3338/127
f 3344/3342/129 3341/3343/128 3342/3340/128
f 3346/3344/130 3343/3345/129 3344/3342/129
f 3348/3346/131 3345/3347/130 3346/3344/130
f 3350/3348/132 3347/3349/131 3348/3346/131
f 3352/3350/133 3349/3351/132 3350/3348/132
f 3354/3352/134 3351/3353/133 3352/3350/133
f 3356/3354/135 3353/3355/134 3354/3352/134
f 3358/3356/136 3355/3357/135 3356/3354/135
f 3360/3358/137 3357/3359/138 3358/3356/136
f 3362/3360/139 3359/3361/140 3360/3358/137
f 3364/3362/141 3361/3363/142 3362/3360/139
f 3366/3364/143 3363/3365/141 3364/3362/141
f 3368/3366/144 3365/3367/143 3366/3364/143
f 3370/3368/145 3367/3369/144 3368/3366/144
f 3372/3370/146 3369/3371/147 3370/3368/145
f 3374/3372/148 3371/3373/149 3372/3370/146
f 3376/3374/150 3373/3375/151 3374/3372/148
f 3378/3376/152 3375/3377/153 3376/3374/150
f 3380/3378/154 3377/3379/155 3378/3376/152
f 3382/3380/156 3379/3381/157 3380/3378/154
f 3384/3382/158 3381/3383/156 3382/3380/156
f 3386/3384/159 3383/3385/158 3384/3382/158
f 3388/3386/160 3385/3387/161 3386/3384/159
f 3390/3388/162 3387/3389/163 3388/3386/160
f 3392/3390/164 3389/3391/165 3390/3388/162
f 3394/3392/166 3391/3393/167 3392/3390/164
f 3396/3394/168 3393/3395/169 3394/3392/166
f 3398/3396/170 3395/3397/168 3396/3394/168
f 3400/3398/171 3397/3399/172 3398/3396/170
f 3402/3400/173 3399/3401/174 3400/3398/171
f 3404/3402/175 3401/3403/176 3402/3400/173
f 3406/3404/177 3403/3405/178 3404/3402/175
f 3408/3406/179 3405/3407/177 3406/3404/177
f 3410/3408/180 3407/3409/181 3408/3406/179
f 3412/3410/182 3409/3411/183 3410/3408/180
f 3414/3412/184 3411/3413/185 3412/3410/182
f 3416/3414/186 3413/3415/184 3414/3412/184
f 3418/3416/187 3415/3417/188 3416/3414/186
f 3420/3418/189 3417/3419/187 3418/3416/187
f 3422/3420/190 3419/3421/191 3420/3418/189
f 3424/3422/192 3421/3423/193 3422/3420/190
f 3426/3424/194 3423/3425/195 3424/3422/192
f 3428/3426/196 3425/3427/197 3426/3424/194
f 3430/3428/198 3427/3429/199 3428/3426/196
f 3432/3430/200 3429/3431/201 3430/3428/198
f 3434/3432/202 3431/3433/200 3432/3430/200
f 3436/3434/203 3433/3435/204 3434/3432/202
f 3438/3436/205 3435/3437/206 3436/3434/203
f 3440/3438/207 3437/3439/208 3438/3436/205
f 3442/3440/209 3439/3441/210 3440/3438/207
f 3444/3442/211 3441/3443/212 3442/3440/209
f 3446/3444/213 3443/3445/214 3444/3442/211
f 3448/3446/215 3445/3447/216 3446/3444/213
f 3450/3448/217 3447/3449/215 3448/3446/215
f 3254/3255/60 3449/3450/217 3450/3448/217
f 3454/3451/218 3451/3452/219 3452/3453/219
f 3456/3454/220 3453/3455/218 3454/3451/218
f 3458/3456/221 3455/3457/220 3456/3454/220
f 3460/3458/222 3457/3459/221 3458/3456/221
f 3462/3460/223 3459/3461/222 3460/3458/222
f 3464/3462/224 3461/3463/223 3462/3460/223
f 3466/3464/225 3463/3465/224 3464/3462/224
f 3468/3466/226 3465/3467/225 3466/3464/225
f 3470/3468/227 3467/3469/226 3468/3466/226
f 3472/3470/228 3469/3471/227 3470/3468/227
f 3474/3472/229 3471/3473/230 3472/3470/228
f 3476/3474/231 3473/3475/232 3474/3472/229
f 3478/3476/233 3475/3477/231 3476/3474/231
f 3480/3478/234 3477/3479/233 3478/3476/233
f 3482/3480/235 3479/3481/234 3480/3478/234
f 3484/3482/236 3481/3483/235 3482/3480/235
f 3486/3484/237 3483/3485/236 3484/3482/236
f 3488/3486/238 3485/3487/239 3486/3484/237
f 3490/3488/240 3487/3489/241 3488/3486/238
f 3492/3490/242 3489/3491/240 3490/3488/240
f 3494/3492/243 3491/3493/244 3492/3490/242
f 3496/3494/245 3493/3495/246 3494/3492/243
f 3498/3496/247 3495/3497/248 3496/3494/245
f 3500/3498/249 3497/3499/250 3498/3496/247
f 3502/3500/251 3499/3501/249 3500/3498/249
f 3504/3502/252 3501/3503/253 3502/3500/251
f 3506/3504/254 3503/3505/252 3504/3502/252
f 3508/3506/255 3505/3507/254 3506/3504/254
f 3510/3508/121 3507/3509/256 3508/3506/255
f 3512/3510/257 3509/3511/258 3510/3508/121
f 3514/3512/259 3511/3513/260 3512/3510/257
f 3516/3514/261 3513/3515/262 3514/3512/259
f 3518/3516/263 3515/3517/264 3516/3514/261
f 3520/3518/265 3517/3519/263 3518/3516/263
f 3522/3520/266 3519/3521/265 3520/3518/265
f 3524/3522/267 3521/3523/266 3522/3520/266
f 3526/3524/268 3523/3525/267 3524/3522/267
f 3528/3526/269 3525/3527/268 3526/3524/268
f 3530/3528/270 3527/3529/269 3528/3526/269
f 3532/3530/271 3529/3531/270 3530/3528/270
f 3534/3532/272 3531/3533/271 3532/3530/271
f 3536/3534/273 3533/3535/272 3534/3532/272
f 3538/3536/274 3535/3537/273 3536/3534/273
f 3540/3538/275 3537/3539/276 3538/3536/274
f 3542/3540/277 3539/3541/275 3540/3538/275
f 3544/3542/278 3541/3543/279 3542/3540/277
f 3546/3544/280 3543/3545/278 3544/3542/278
f 3548/3546/281 3545/3547/280 3546/3544/280
f 3550/3548/282 3547/3549/281 3548/3546/281
f 3552/3550/283 3549/3551/282 3550/3548/282
f 3554/3552/284 3551/3553/283 3552/3550/283
f 3556/3554/285 3553/3555/286 3554/3552/284
f 3558/3556/287 3555/3557/285 3556/3554/285
f 3560/3558/288 3557/3559/287 3558/3556/287
f 3562/3560/289 3559/3561/288 3560/3558/288
f 3564/3562/290 3561/3563/289 3562/3560/289
f 3566/3564/291 3563/3565/290 3564/3562/290
f 3568/3566/292 3565/3567/293 3566/3564/291
f 3570/3568/294 3567/3569/292 3568/3566/292
f 3572/3570/295 3569/3571/296 3570/3568/294
f 3574/3572/297 3571/3573/298 3572/3570/295
f 3576/3574/299 3573/3575/300 3574/3572/297
f 3578/3576/301 3575/3577/302 3576/3574/299
f 3580/3578/303 3577/3579/304 3578/3576/301
f 3582/3580/305 3579/3581/306 3580/3578/303
f 3584/3582/307 3581/3583/308 3582/3580/305
f 3586/3584/309 3583/3585/310 3584/3582/307
f 3588/3586/311 3585/3587/312 3586/3584/309
f 3590/3588/313 3587/3589/314 3588/3586/311
f 3592/3590/315 3589/3591/313 3590/3588/313
f 3594/3592/316 3591/3593/187 3592/3590/315
f 3596/3594/317 3593/3595/316 3594/3592/316
f 3598/3596/318 3595/3597/319 3596/3594/317
f 3600/3598/320 3597/3599/321 3598/3596/318
f 3602/3600/322 3599/3601/323 3600/3598/320
f 3604/3602/324 3601/3603/198 3602/3600/322
f 3606/3604/325 3603/3605/326 3604/3602/324
f 3608/3606/327 3605/3607/328 3606/3604/325
f 3610/3608/329 3607/3609/327 3608/3606/327
f 3612/3610/330 3609/3611/331 3610/3608/329
f 3614/3612/210 3611/3613/332 3612/3610/330
f 3616/3614/333 3613/3615/334 3614/3612/210
f 3618/3616/335 3615/3617/336 3616/3614/333
f 3620/3618/337 3617/3619/338 3618/3616/335
f 3622/3620/339 3619/3621/340 3620/3618/337
f 3624/3622/341 3621/3623/342 3622/3620/339
f 3452/3453/219 3623/3624/343 3624/3622/341
f 3628/3625/344 3625/3626/345 3626/3627/346
f 3630/3628/347 3627/3629/348 3628/3625/344
f 3632/3630/349 3629/3631/347 3630/3628/347
f 3634/3632/350 3631/3633/349 3632/3630/349
f 3636/3634/351 3633/3635/350 3634/3632/350
f 3638/3636/352 3635/3637/351 3636/3634/351
f 3640/3638/353 3637/3639/352 3638/3636/352
f 3642/3640/354 3639/3641/353 3640/3638/353
f 3644/3642/355 3641/3643/354 3642/3640/354
f 3646/3644/356 3643/3645/355 3644/3642/355
f 3648/3646/357 3645/3647/356 3646/3644/356
f 3650/3648/358 3647/3649/357 3648/3646/357
f 3652/3650/359 3649/3651/358 3650/3648/358
f 3654/3652/360 3651/3653/359 3652/3650/359
f 3656/3654/361 3653/3655/360 3654/3652/360
f 3658/3656/362 3655/3657/361 3656/3654/361
f 3660/3658/363 3657/3659/362 3658/3656/362
f 3662/3660/364 3659/3661/363 3660/3658/363
f 3664/3662/365 3661/3663/364 3662/3660/364
f 3666/3664/366 3663/3665/365 3664/3662/365
f 3668/3666/367 3665/3667/366 3666/3664/366
f 3670/3668/368 3667/3669/367 3668/3666/367
f 3672/3670/369 3669/3671/368 3670/3668/368
f 3674/3672/370 3671/3673/369 3672/3670/369
f 3676/3674/371 3673/3675/370 3674/3672/370
f 3678/3676/372 3675/3677/373 3676/3674/371
f 3680/3678/374 3677/3679/375 3678/3676/372
f 3682/3680/376 3679/3681/374 3680/3678/374
f 3684/3682/377 3681/3683/378 3682/3680/376
f 3686/3684/379 3683/3685/377 3684/3682/377
f 3688/3686/380 3685/3687/379 3686/3684/379
f 3690/3688/381 3687/3689/380 3688/3686/380
f 3692/3690/382 3689/3691/381 3690/3688/381
f 3694/3692/383 3691/3693/382 3692/3690/382
f 3696/3694/384 3693/3695/383 3694/3692/383
f 3698/3696/385 3695/3697/384 3696/3694/384
f 3700/3698/386 3697/3699/387 3698/3696/385
f 3702/3700/388 3699/3701/386 3700/3698/386
f 3704/3702/389 3701/3703/390 3702/3700/388
f 3706/3704/391 3703/3705/392 3704/3702/389
f 3708/3706/393 3705/3707/394 3706/3704/391
f 3710/3708/395 3707/3709/396 3708/3706/393
f 3712/3710/397 3709/3711/395 3710/3708/395
f 3714/3712/398 3711/3713/397 3712/3710/397
f 3716/3714/399 3713/3715/400 3714/3712/398
f 3718/3716/401 3715/3717/402 3716/3714/399
f 3720/3718/403 3717/3719/404 3718/3716/401
f 3722/3720/405 3719/3721/406 3720/3718/403
f 3724/3722/407 3721/3723/408 3722/3720/405
f 3726/3724/409 3723/3725/410 3724/3722/407
f 3728/3726/411 3725/3727/409 3726/3724/409
f 3730/3728/412 3727/3729/413 3728/3726/411
f 3732/3730/414 3729/3731/412 3730/3728/412
f 3734/3732/415 3731/3733/416 3732/3730/414
f 3736/3734/417 3733/3735/418 3734/3732/415
f 3738/3736/419 3735/3737/420 3736/3734/417
f 3740/3738/421 3737/3739/422 3738/3736/419
f 3742/3740/423 3739/3741/424 3740/3738/421
f 3744/3742/425 3741/3743/426 3742/3740/423
f 3746/3744/427 3743/3745/425 3744/3742/425
f 3748/3746/428 3745/3747/429 3746/3744/427
f 3750/3748/430 3747/3749/431 3748/3746/428
f 3752/3750/432 3749/3751/433 3750/3748/430
f 3754/3752/434 3751/3753/435 3752/3750/432
f 3756/3754/436 3753/3755/437 3754/3752/434
f 3758/3756/438 3755/3757/436 3756/3754/436
f 3760/3758/439 3757/3759/440 3758/3756/438
f 3762/3760/441 3759/3761/442 3760/3758/439
f 3764/3762/443 3761/3763/441 3762/3760/441
f 3766/3764/444 3763/3765/445 3764/3762/443
f 3768/3766/446 3765/3767/447 3766/3764/444
f 3770/3768/448 3767/3769/449 3768/3766/446
f 3772/3770/450 3769/3771/451 3770/3768/448
f 3774/3772/452 3771/3773/453 3772/3770/450
f 3776/3774/454 3773/3775/452 3774/3772/452
f 3778/3776/455 3775/3777/454 3776/3774/454
f 3780/3778/456 3777/3779/455 3778/3776/455
f 3782/3780/457 3779/3781/456 3780/3778/456
f 3784/3782/458 3781/3783/459 3782/3780/457
f 3786/3784/460 3783/3785/458 3784/3782/458
f 3788/3786/461 3785/3787/460 3786/3784/460
f 3790/3788/462 3787/3789/463 3788/3786/461
f 3792/3790/464 3789/3791/462 3790/3788/462
f 3794/3792/465 3791/3793/464 3792/3790/464
f 3796/3794/466 3793/3795/465 3794/3792/465
f 3798/3796/467 3795/3797/466 3796/3794/466
f 3800/3798/468 3797/3799/467 3798/3796/467
f 3802/3800/469 3799/3801/468 3800/3798/468
f 3804/3802/470 3801/3803/469 3802/3800/469
f 3806/3804/471 3803/3805/470 3804/3802/470
f 3808/3806/472 3805/3807/471 3806/3804/471
f 3810/3808/473 3807/3809/472 3808/3806/472
f 3812/3810/474 3809/3811/473 3810/3808/473
f 3814/3812/475 3811/3813/474 3812/3810/474
f 3816/3814/476 3813/3815/475 3814/3812/475
f 3818/3816/477 3815/3817/476 3816/3814/476
f 3820/3818/478 3817/3819/477 3818/3816/477
f 3822/3820/479 3819/3821/478 3820/3818/478
f 3824/3822/480 3821/3823/479 3822/3820/479
f 3826/3824/481 3823/3825/480 3824/3822/480
f 3828/3826/482 3825/3827/481 3826/3824/481
f 3830/3828/483 3827/3829/482 3828/3826/482
f 3832/3830/484 3829/3831/483 3830/3828/483
f 3834/3832/485 3831/3833/484 3832/3830/484
f 3836/3834/486 3833/3835/487 3834/3832/485
f 3838/3836/488 3835/3837/489 3836/3834/486
f 3840/3838/490 3837/3839/491 3838/3836/488
f 3842/3840/492 3839/3841/490 3840/3838/490
f 3844/3842/493 3841/3843/492 3842/3840/492
f 3846/3844/494 3843/3845/495 3844/3842/493
f 3848/3846/496 3845/3847/494 3846/3844/494
f 3850/3848/497 3847/3849/496 3848/3846/496
f 3852/3850/498 3849/3851/499 3850/3848/497
f 3854/3852/500 3851/3853/501 3852/3850/498
f 3856/3854/502 3853/3855/500 3854/3852/500
f 3858/3856/503 3855/3857/502 3856/3854/502
f 3860/3858/504 3857/3859/505 3858/3856/503
f 3862/3860/506 3859/3861/504 3860/3858/504
f 3864/3862/507 3861/3863/508 3862/3860/506
f 3866/3864/509 3863/3865/510 3864/3862/507
f 3868/3866/511 3865/3867/512 3866/3864/509
f 3870/3868/513 3867/3869/514 3868/3866/511
f 3872/3870/515 3869/3871/513 3870/3868/513
f 3874/3872/516 3871/3873/515 3872/3870/515
f 3876/3874/517 3873/3875/516 3874/3872/516
f 3878/3876/518 3875/3877/517 3876/3874/517
f 3880/3878/519 3877/3879/518 3878/3876/518
f 3882/3880/520 3879/3881/519 3880/3878/519
f 3884/3882/521 3881/3883/520 3882/3880/520
f 3886/3884/522 3883/3885/521 3884/3882/521
f 3888/3886/523 3885/3887/524 3886/3884/522
f 3890/3888/525 3887/3889/523 3888/3886/523
f 3892/3890/526 3889/3891/525 3890/3888/525
f 3894/3892/527 3891/3893/526 3892/3890/526
f 3896/3894/528 3893/3895/529 3894/3892/527
f 3898/3896/530 3895/3897/528 3896/3894/528
f 3900/3898/531 3897/3899/530 3898/3896/530
f 3902/3900/532 3899/3901/531 3900/3898/531
f 3904/3902/533 3901/3903/532 3902/3900/532
f 3906/3904/534 3903/3905/535 3904/3902/533
f 3908/3906/536 3905/3907/534 3906/3904/534
f 3910/3908/537 3907/3909/536 3908/3906/536
f 3912/3910/538 3909/3911/539 3910/3908/537
f 3914/3912/540 3911/3913/538 3912/3910/538
f 3916/3914/541 3913/3915/542 3914/3912/540
f 3918/3916/543 3915/3917/544 3916/3914/541
f 3920/3918/545 3917/3919/543 3918/3916/543
f 3922/3920/546 3919/3921/547 3920/3918/545
f 3924/3922/548 3921/3923/549 3922/3920/546
f 3926/3924/550 3923/3925/548 3924/3922/548
f 3928/3926/551 3925/3927/552 3926/3924/550
f 3930/3928/553 3927/3929/554 3928/3926/551
f 3932/3930/555 3929/3931/556 3930/3928/553
f 3934/3932/557 3931/3933/558 3932/3930/555
f 3936/3934/559 3933/3935/557 3934/3932/557
f 3938/3936/560 3935/3937/559 3936/3934/559
f 3940/3938/561 3937/3939/560 3938/3936/560
f 3942/3940/562 3939/3941/561 3940/3938/561
f 3944/3942/563 3941/3943/564 3942/3940/562
f 3946/3944/565 3943/3945/566 3944/3942/563
f 3948/3946/567 3945/3947/568 3946/3944/565
f 3950/3948/569 3947/3949/567 3948/3946/567
f 3952/3950/570 3949/3951/571 3950/3948/569
f 3954/3952/572 3951/3953/573 3952/3950/570
f 3956/3954/574 3953/3955/572 3954/3952/572
f 3958/3956/575 3955/3957/576 3956/3954/574
f 3960/3958/577 3957/3959/578 3958/3956/575
f 3962/3960/579 3959/3961/580 3960/3958/577
f 3964/3962/581 3961/3963/579 3962/3960/579
f 3966/3964/582 3963/3965/581 3964/3962/581
f 3968/3966/583 3965/3967/582 3966/3964/582
f 3626/3627/346 3967/3968/584 3968/3966/583
f 3972/3969/585 3969/3970/586 3970/3971/587
f 3974/3972/588 3971/3973/589 3972/3969/585
f 3976/3974/590 3973/3975/588 3974/3972/588
f 3978/3976/591 3975/3977/590 3976/3974/590
f 3980/3978/592 3977/3979/593 3978/3976/591
f 3982/3980/594 3979/3981/592 3980/3978/592
f 3984/3982/595 3981/3983/596 3982/3980/594
f 3986/3984/597 3983/3985/595 3984/3982/595
f 3988/3986/598 3985/3987/597 3986/3984/597
f 3990/3988/599 3987/3989/600 3988/3986/598
f 3992/3990/601 3989/3991/599 3990/3988/599
f 3994/3992/602 3991/3993/601 3992/3990/601
f 3996/3994/603 3993/3995/602 3994/3992/602
f 3998/3996/604 3995/3997/603 3996/3994/603
f 4000/3998/605 3997/3999/604 3998/3996/604
f 4002/4000/606 3999/4001/605 4000/3998/605
f 4004/4002/607 4001/4003/608 4002/4000/606
f 4006/4004/609 4003/4005/610 4004/4002/607
f 4008/4006/611 4005/4007/609 4006/4004/609
f 4010/4008/612 4007/4009/613 4008/4006/611
f 4012/4010/614 4009/4011/615 4010/4008/612
f 4014/4012/616 4011/4013/614 4012/4010/614
f 4016/4014/617 4013/4015/616 4014/4012/616
f 4018/4016/618 4015/4017/617 4016/4014/617
f 4020/4018/619 4017/4019/620 4018/4016/618
f 4022/4020/621 4019/4021/619 4020/4018/619
f 4024/4022/622 4021/4023/621 4022/4020/621
f 4026/4024/623 4023/4025/622 4024/4022/622
f 4028/4026/624 4025/4027/625 4026/4024/623
f 4030/4028/626 4027/4029/624 4028/4026/624
f 4032/4030/627 4029/4031/628 4030/4028/626
f 4034/4032/629 4031/4033/630 4032/4030/627
f 4036/4034/631 4033/4035/629 4034/4032/629
f 4038/4036/632 4035/4037/631 4036/4034/631
f 4040/4038/633 4037/4039/632 4038/4036/632
f 4042/4040/634 4039/4041/633 4040/4038/633
f 4044/4042/635 4041/4043/634 4042/4040/634
f 4046/4044/636 4043/4045/635 4044/4042/635
f 4048/4046/637 4045/4047/636 4046/4044/636
f 4050/4048/638 4047/4049/639 4048/4046/637
f 4052/4050/640 4049/4051/641 4050/4048/638
f 4054/4052/642 4051/4053/640 4052/4050/640
f 4056/4054/643 4053/4055/642 4054/4052/642
f 4058/4056/644 4055/4057/643 4056/4054/643
f 4060/4058/645 4057/4059/644 4058/4056/644
f 4062/4060/646 4059/4061/647 4060/4058/645
f 4064/4062/648 4061/4063/649 4062/4060/646
f 4066/4064/650 4063/4065/648 4064/4062/648
f 4068/4066/651 4065/4067/650 4066/4064/650
f 4070/4068/652 4067/4069/653 4068/4066/651
f 4072/4070/654 4069/4071/655 4070/4068/652
f 4074/4072/656 4071/4073/654 4072/4070/654
f 4076/4074/657 4073/4075/658 4074/4072/656
f 4078/4076/659 4075/4077/657 4076/4074/657
f 4080/4078/660 4077/4079/661 4078/4076/659
f 4082/4080/662 4079/4081/663 4080/4078/660
f 4084/4082/664 4081/4083/662 4082/4080/662
f 4086/4084/665 4083/4085/664 4084/4082/664
f 4088/4086/666 4085/4087/667 4086/4084/665
f 4090/4088/668 4087/4089/666 4088/4086/666
f 4092/4090/669 4089/4091/668 4090/4088/668
f 4094/4092/670 4091/4093/669 4092/4090/669
f 4096/4094/671 4093/4095/670 4094/4092/670
f 4098/4096/672 4095/4097/671 4096/4094/671
f 4100/4098/673 4097/4099/672 4098/4096/672
f 4102/4100/674 4099/4101/673 4100/4098/673
f 4104/4102/675 4101/4103/674 4102/4100/674
f 4106/4104/676 4103/4105/675 4104/4102/675
f 4108/4106/677 4105/4107/676 4106/4104/676
f 4110/4108/678 4107/4109/677 4108/4106/677
f 4112/4110/679 4109/4111/678 4110/4108/678
f 4114/4112/680 4111/4113/679 4112/4110/679
f 4116/4114/681 4113/4115/682 4114/4112/680
f 4118/4116/683 4115/4117/681 4116/4114/681
f 4120/4118/684 4117/4119/683 4118/4116/683
f 4122/4120/685 4119/4121/684 4120/4118/684
f 4124/4122/686 4121/4123/685 4122/4120/685
f 4126/4124/687 4123/4125/686 4124/4122/686
f 4128/4126/688 4125/4127/687 4126/4124/687
f 4130/4128/689 4127/4129/688 4128/4126/688
f 4132/4130/690 4129/4131/689 4130/4128/689
f 4134/4132/691 4131/4133/690 4132/4130/690
f 4136/4134/692 4133/4135/691 4134/4132/691
f 4138/4136/693 4135/4137/692 4136/4134/692
f 4140/4138/694 4137/4139/693 4138/4136/693
f 4142/4140/695 4139/4141/694 4140/4138/694
f 4144/4142/696 4141/4143/695 4142/4140/695
f 4146/4144/697 4143/4145/696 4144/4142/696
f 4148/4146/698 4145/4147/697 4146/4144/697
f 4150/4148/699 4147/4149/698 4148/4146/698
f 4152/4150/700 4149/4151/699 4150/4148/699
f 4154/4152/701 4151/4153/702 4152/4150/700
f 4156/4154/703 4153/4155/704 4154/4152/701
f 4158/4156/705 4155/4157/703 4156/4154/703
f 4160/4158/706 4157/4159/705 4158/4156/705
f 4162/4160/707 4159/4161/708 4160/4158/706
f 4164/4162/709 4161/4163/707 4162/4160/707
f 4166/4164/710 4163/4165/709 4164/4162/709
f 4168/4166/711 4165/4167/710 4166/4164/710
f 4170/4168/712 4167/4169/711 4168/4166/711
f 4172/4170/713 4169/4171/712 4170/4168/712
f 4174/4172/714 4171/4173/713 4172/4170/713
f 4176/4174/715 4173/4175/714 4174/4172/714
f 4178/4176/716 4175/4177/715 4176/4174/715
f 4180/4178/717 4177/4179/716 4178/4176/716
f 4182/4180/718 4179/4181/719 4180/4178/717
f 4184/4182/720 4181/4183/721 4182/4180/718
f 4186/4184/722 4183/4185/723 4184/4182/720
f 4188/4186/724 4185/4187/725 4186/4184/722
f 4190/4188/726 4187/4189/724 4188/4186/724
f 4192/4190/727 4189/4191/726 4190/4188/726
f 4194/4192/728 4191/4193/729 4192/4190/727
f 4196/4194/730 4193/4195/731 4194/4192/728
f 4198/4196/732 4195/4197/733 4196/4194/730
f 4200/4198/734 4197/4199/732 4198/4196/732
f 4202/4200/735 4199/4201/736 4200/4198/734
f 4204/4202/737 4201/4203/735 4202/4200/735
f 4206/4204/738 4203/4205/737 4204/4202/737
f 4208/4206/739 4205/4207/738 4206/4204/738
f 4210/4208/740 4207/4209/741 4208/4206/739
f 4212/4210/742 4209/4211/743 4210/4208/740
f 4214/4212/744 4211/4213/745 4212/4210/742
f 4216/4214/746 4213/4215/747 4214/4212/744
f 4218/4216/748 4215/4217/749 4216/4214/746
f 4220/4218/750 4217/4219/751 4218/4216/748
f 4222/4220/752 4219/4221/753 4220/4218/750
f 4224/4222/754 4221/4223/755 4222/4220/752
f 4226/4224/756 4223/4225/754 4224/4222/754
f 4228/4226/757 4225/4227/756 4226/4224/756
f 4230/4228/758 4227/4229/759 4228/4226/757
f 4232/4230/760 4229/4231/758 4230/4228/758
f 4234/4232/761 4231/4233/760 4232/4230/760
f 4236/4234/762 4233/4235/763 4234/4232/761
f 4238/4236/764 4235/4237/762 4236/4234/762
f 4240/4238/765 4237/4239/764 4238/4236/764
f 4242/4240/766 4239/4241/765 4240/4238/765
f 4244/4242/767 4241/4243/766 4242/4240/766
f 4246/4244/768 4243/4245/769 4244/4242/767
f 4248/4246/770 4245/4247/771 4246/4244/768
f 4250/4248/772 4247/4249/773 4248/4246/770
f 4252/4250/774 4249/4251/775 4250/4248/772
f 4254/4252/776 4251/4253/774 4252/4250/774
f 4256/4254/777 4253/4255/776 4254/4252/776
f 4258/4256/778 4255/4257/777 4256/4254/777
f 4260/4258/779 4257/4259/778 4258/4256/778
f 4262/4260/780 4259/4261/779 4260/4258/779
f 4264/4262/781 4261/4263/780 4262/4260/780
f 4266/4264/782 4263/4265/781 4264/4262/781
f 4268/4266/783 4265/4267/782 4266/4264/782
f 4270/4268/784 4267/4269/783 4268/4266/783
f 4272/4270/785 4269/4271/784 4270/4268/784
f 4274/4272/786 4271/4273/787 4272/4270/785
f 4276/4274/788 4273/4275/789 4274/4272/786
f 4278/4276/790 4275/4277/788 4276/4274/788
f 4280/4278/791 4277/4279/790 4278/4276/790
f 4282/4280/792 4279/4281/793 4280/4278/791
f 4284/4282/794 4281/4283/792 4282/4280/792
f 4286/4284/795 4283/4285/794 4284/4282/794
f 4288/4286/796 4285/4287/797 4286/4284/795
f 4290/4288/798 4287/4289/799 4288/4286/796
f 4292/4290/800 4289/4291/798 4290/4288/798
f 4294/4292/801 4291/4293/800 4292/4290/800
f 4296/4294/802 4293/4295/801 4294/4292/801
f 4298/4296/803 4295/4297/802 4296/4294/802
f 4300/4298/804 4297/4299/803 4298/4296/803
f 4302/4300/805 4299/4301/804 4300/4298/804
f 4304/4302/806 4301/4303/805 4302/4300/805
f 4306/4304/807 4303/4305/806 4304/4302/806
f 4308/4306/808 4305/4307/807 4306/4304/807
f 4310/4308/809 4307/4309/808 4308/4306/808
f 4312/4310/810 4309/4311/811 4310/4308/809
f 4314/4312/812 4311/4313/810 4312/4310/810
f 4316/4314/813 4313/4315/814 4314/4312/812
f 4318/4316/815 4315/4317/813 4316/4314/813
f 4320/4318/816 4317/4319/815 4318/4316/815
f 4322/4320/817 4319/4321/816 4320/4318/816
f 4324/4322/818 4321/4323/817 4322/4320/817
f 4326/4324/819 4323/4325/820 4324/4322/818
f 4328/4326/821 4325/4327/819 4326/4324/819
f 4330/4328/822 4327/4329/821 4328/4326/821
f 4332/4330/823 4329/4331/822 4330/4328/822
f 4334/4332/824 4331/4333/825 4332/4330/823
f 4336/4334/826 4333/4335/824 4334/4332/824
f 4338/4336/827 4335/4337/826 4336/4334/826
f 4340/4338/828 4337/4339/827 4338/4336/827
f 4342/4340/829 4339/4341/830 4340/4338/828
f 4344/4342/831 4341/4343/829 4342/4340/829
f 4346/4344/832 4343/4345/831 4344/4342/831
f 4348/4346/833 4345/4347/832 4346/4344/832
f 4350/4348/834 4347/4349/833 4348/4346/833
f 4352/4350/835 4349/4351/834 4350/4348/834
f 4354/4352/836 4351/4353/835 4352/4350/835
f 4356/4354/837 4353/4355/838 4354/4352/836
f 4358/4356/839 4355/4357/837 4356/4354/837
f 4360/4358/840 4357/4359/839 4358/4356/839
f 4362/4360/841 4359/4361/840 4360/4358/840
f 4364/4362/842 4361/4363/841 4362/4360/841
f 4366/4364/843 4363/4365/844 4364/4362/842
f 4368/4366/845 4365/4367/843 4366/4364/843
f 4370/4368/846 4367/4369/845 4368/4366/845
f 4372/4370/847 4369/4371/846 4370/4368/846
f 4374/4372/848 4371/4373/847 4372/4370/847
f 4376/4374/849 4373/4375/848 4374/4372/848
f 4378/4376/850 4375/4377/849 4376/4374/849
f 4380/4378/851 4377/4379/850 4378/4376/850
f 4382/4380/852 4379/4381/851 4380/4378/851
f 4384/4382/853 4381/4383/852 4382/4380/852
f 4386/4384/854 4383/4385/853 4384/4382/853
f 4388/4386/855 4385/4387/854 4386/4384/854
f 4390/4388/856 4387/4389/855 4388/4386/855
f 4392/4390/857 4389/4391/856 4390/4388/856
f 4394/4392/858 4391/4393/857 4392/4390/857
f 4396/4394/859 4393/4395/858 4394/4392/858
f 4398/4396/860 4395/4397/859 4396/4394/859
f 4400/4398/861 4397/4399/860 4398/4396/860
f 3970/3971/587 4399/4400/862 4400/4398/861
f 4404/4401/863 4401/4402/864 4402/4403/864
f 4406/4404/865 4403/4405/863 4404/4401/863
f 4408/4406/866 4405/4407/865 4406/4404/865
f 4410/4408/867 4407/4409/866 4408/4406/866
f 4412/4410/868 4409/4411/867 4410/4408/867
f 4414/4412/869 4411/4413/868 4412/4410/868
f 4416/4414/870 4413/4415/869 4414/4412/869
f 4418/4416/871 4415/4417/870 4416/4414/870
f 4420/4418/872 4417/4419/871 4418/4416/871
f 4422/4420/873 4419/4421/872 4420/4418/872
f 4424/4422/874 4421/4423/873 4422/4420/873
f 4426/4424/875 4423/4425/874 4424/4422/874
f 4428/4426/876 4425/4427/877 4426/4424/875
f 4430/4428/878 4427/4429/876 4428/4426/876
f 4432/4430/879 4429/4431/878 4430/4428/878
f 4434/4432/880 4431/4433/879 4432/4430/879
f 4436/4434/881 4433/4435/882 4434/4432/880
f 4438/4436/883 4435/4437/884 4436/4434/881
f 4440/4438/885 4437/4439/883 4438/4436/883
f 4442/4440/886 4439/4441/887 4440/4438/885
f 4444/4442/888 4441/4443/889 4442/4440/886
f 4446/4444/890 4443/4445/891 4444/4442/888
f 4448/4446/892 4445/4447/893 4446/4444/890
f 4450/4448/894 4447/4449/892 4448/4446/892
f 4452/4450/895 4449/4451/894 4450/4448/894
f 4454/4452/896 4451/4453/895 4452/4450/895
f 4456/4454/897 4453/4455/896 4454/4452/896
f 4458/4456/898 4455/4457/899 4456/4454/897
f 4460/4458/900 4457/4459/898 4458/4456/898
f 4462/4460/901 4459/4461/902 4460/4458/900
f 4464/4462/903 4461/4463/901 4462/4460/901
f 4466/4464/904 4463/4465/903 4464/4462/903
f 4468/4466/905 4465/4467/906 4466/4464/904
f 4470/4468/907 4467/4469/905 4468/4466/905
f 4472/4470/908 4469/4471/909 4470/4468/907
f 4474/4472/910 4471/4473/908 4472/4470/908
f 4476/4474/911 4473/4475/910 4474/4472/910
f 4478/4476/912 4475/4477/913 4476/4474/911
f 4480/4478/914 4477/4479/912 4478/4476/912
f 4482/4480/915 4479/4481/914 4480/4478/914
f 4484/4482/916 4481/4483/915 4482/4480/915
f 4486/4484/917 4483/4485/916 4484/4482/916
f 4488/4486/918 4485/4487/917 4486/4484/917
f 4490/4488/919 4487/4489/918 4488/4486/918
f 4492/4490/920 4489/4491/919 4490/4488/919
f 4494/4492/921 4491/4493/920 4492/4490/920
f 4496/4494/922 4493/4495/921 4494/4492/921
f 4498/4496/923 4495/4497/922 4496/4494/922
f 4500/4498/924 4497/4499/923 4498/4496/923
f 4502/4500/925 4499/4501/926 4500/4498/924
f 4504/4502/927 4501/4503/925 4502/4500/925
f 4506/4504/928 4503/4505/927 4504/4502/927
f 4508/4506/929 4505/4507/928 4506/4504/928
f 4510/4508/930 4507/4509/929 4508/4506/929
f 4512/4510/931 4509/4511/930 4510/4508/930
f 4514/4512/932 4511/4513/931 4512/4510/931
f 4516/4514/933 4513/4515/932 4514/4512/932
f 4518/4516/934 4515/4517/933 4516/4514/933
f 4520/4518/935 4517/4519/934 4518/4516/934
f 4522/4520/936 4519/4521/935 4520/4518/935
f 4524/4522/937 4521/4523/936 4522/4520/936
f 4526/4524/938 4523/4525/937 4524/4522/937
f 4528/4526/939 4525/4527/938 4526/4524/938
f 4530/4528/940 4527/4529/939 4528/4526/939
f 4532/4530/941 4529/4531/940 4530/4528/940
f 4534/4532/942 4531/4533/941 4532/4530/941
f 4536/4534/943 4533/4535/942 4534/4532/942
f 4538/4536/944 4535/4537/943 4536/4534/943
f 4540/4538/945 4537/4539/944 4538/4536/944
f 4542/4540/946 4539/4541/945 4540/4538/945
f 4544/4542/947 4541/4543/946 4542/4540/946
f 4546/4544/948 4543/4545/947 4544/4542/947
f 4548/4546/949 4545/4547/948 4546/4544/948
f 4550/4548/950 4547/4549/949 4548/4546/949
f 4552/4550/951 4549/4551/950 4550/4548/950
f 4554/4552/952 4551/4553/951 4552/4550/951
f 4556/4554/953 4553/4555/954 4554/4552/952
f 4558/4556/955 4555/4557/953 4556/4554/953
f 4560/4558/956 4557/4559/955 4558/4556/955
f 4562/4560/957 4559/4561/956 4560/4558/956
f 4564/4562/958 4561/4563/957 4562/4560/957
f 4566/4564/959 4563/4565/958 4564/4562/958
f 4568/4566/960 4565/4567/959 4566/4564/959
f 4570/4568/961 4567/4569/960 4568/4566/960
f 4572/4570/962 4569/4571/961 4570/4568/961
f 4574/4572/963 4571/4573/964 4572/4570/962
f 4576/4574/965 4573/4575/963 4574/4572/963
f 4578/4576/966 4575/4577/965 4576/4574/965
f 4580/4578/967 4577/4579/966 4578/4576/966
f 4582/4580/968 4579/4581/969 4580/4578/967
f 4584/4582/970 4581/4583/968 4582/4580/968
f 4586/4584/971 4583/4585/970 4584/4582/970
f 4588/4586/972 4585/4587/971 4586/4584/971
f 4590/4588/973 4587/4589/974 4588/4586/972
f 4592/4590/975 4589/4591/973 4590/4588/973
f 4594/4592/976 4591/4593/977 4592/4590/975
f 4596/4594/978 4593/4595/979 4594/4592/976
f 4598/4596/980 4595/4597/981 4596/4594/978
f 4600/4598/982 4597/4599/980 4598/4596/980
f 4602/4600/983 4599/4601/982 4600/4598/982
f 4604/4602/984 4601/4603/983 4602/4600/983
f 4606/4604/985 4603/4605/984 4604/4602/984
f 4608/4606/986 4605/4607/985 4606/4604/985
f 4610/4608/987 4607/4609/986 4608/4606/986
f 4612/4610/988 4609/4611/987 4610/4608/987
f 4614/4612/989 4611/4613/990 4612/4610/988
f 4616/4614/991 4613/4615/989 4614/4612/989
f 4618/4616/992 4615/4617/991 4616/4614/991
f 4620/4618/993 4617/4619/992 4618/4616/992
f 4622/4620/994 4619/4621/993 4620/4618/993
f 4624/4622/995 4621/4623/994 4622/4620/994
f 4626/4624/380 4623/4625/996 4624/4622/995
f 4628/4626/997 4625/4627/380 4626/4624/380
f 4630/4628/998 4627/4629/997 4628/4626/997
f 4632/4630/999 4629/4631/1000 4630/4628/998
f 4634/4632/1001 4631/4633/999 4632/4630/999
f 4636/4634/1002 4633/4635/1001 4634/4632/1001
f 4638/4636/1003 4635/4637/1002 4636/4634/1002
f 4640/4638/1004 4637/4639/1003 4638/4636/1003
f 4642/4640/1005 4639/4641/1004 4640/4638/1004
f 4644/4642/1006 4641/4643/1005 4642/4640/1005
f 4646/4644/1007 4643/4645/1006 4644/4642/1006
f 4648/4646/1008 4645/4647/1007 4646/4644/1007
f 4650/4648/1009 4647/4649/1008 4648/4646/1008
f 4652/4650/1010 4649/4651/1009 4650/4648/1009
f 4654/4652/1011 4651/4653/1010 4652/4650/1010
f 4656/4654/1012 4653/4655/1011 4654/4652/1011
f 4658/4656/1013 4655/4657/1012 4656/4654/1012
f 4660/4658/1014 4657/4659/1013 4658/4656/1013
f 4662/4660/1015 4659/4661/1014 4660/4658/1014
f 4664/4662/1016 4661/4663/1017 4662/4660/1015
f 4666/4664/1018 4663/4665/1016 4664/4662/1016
f 4668/4666/335 4665/4667/1018 4666/4664/1018
f 4670/4668/1019 4667/4669/335 4668/4666/335
f 4672/4670/1020 4669/4671/1019 4670/4668/1019
f 4674/4672/1021 4671/4673/1020 4672/4670/1020
f 4676/4674/1022 4673/4675/1023 4674/4672/1021
f 4678/4676/1024 4675/4677/1025 4676/4674/1022
f 4680/4678/1026 4677/4679/1024 4678/4676/1024
f 4682/4680/1027 4679/4681/1026 4680/4678/1026
f 4684/4682/1028 4681/4683/1027 4682/4680/1027
f 4686/4684/1029 4683/4685/1030 4684/4682/1028
f 4688/4686/1031 4685/4687/1032 4686/4684/1029
f 4690/4688/1033 4687/4689/1031 4688/4686/1031
f 4692/4690/1034 4689/4691/1035 4690/4688/1033
f 4694/4692/1036 4691/4693/1034 4692/4690/1034
f 4696/4694/1037 4693/4695/1036 4694/4692/1036
f 4698/4696/1038 4695/4697/1039 4696/4694/1037
f 4700/4698/1040 4697/4699/1041 4698/4696/1038
f 4702/4700/1042 4699/4701/1040 4700/4698/1040
f 4704/4702/1043 4701/4703/1042 4702/4700/1042
f 4706/4704/1044 4703/4705/1043 4704/4702/1043
f 4708/4706/1045 4705/4707/1044 4706/4704/1044
f 4710/4708/1046 4707/4709/1045 4708/4706/1045
f 4712/4710/1047 4709/4711/1046 4710/4708/1046
f 4714/4712/1048 4711/4713/1049 4712/4710/1047
f 4716/4714/1050 4713/4715/1048 4714/4712/1048
f 4718/4716/1051 4715/4717/1052 4716/4714/1050
f 4720/4718/1053 4717/4719/1051 4718/4716/1051
f 4722/4720/1054 4719/4721/1053 4720/4718/1053
f 4724/4722/1055 4721/4723/1054 4722/4720/1054
f 4726/4724/1056 4723/4725/1055 4724/4722/1055
f 4728/4726/1057 4725/4727/1056 4726/4724/1056
f 4730/4728/1058 4727/4729/1057 4728/4726/1057
f 4732/4730/1059 4729/4731/1060 4730/4728/1058
f 4734/4732/1061 4731/4733/1059 4732/4730/1059
f 4736/4734/1062 4733/4735/1061 4734/4732/1061
f 4738/4736/1063 4735/4737/1062 4736/4734/1062
f 4740/4738/1064 4737/4739/1063 4738/4736/1063
f 4742/4740/1065 4739/4741/1066 4740/4738/1064
f 4744/4742/1067 4741/4743/1065 4742/4740/1065
f 4746/4744/1068 4743/4745/1067 4744/4742/1067
f 4748/4746/1069 4745/4747/1068 4746/4744/1068
f 4750/4748/1070 4747/4749/1069 4748/4746/1069
f 4752/4750/1071 4749/4751/1070 4750/4748/1070
f 4754/4752/1072 4751/4753/1071 4752/4750/1071
f 4756/4754/1073 4753/4755/1072 4754/4752/1072
f 4758/4756/1074 4755/4757/1073 4756/4754/1073
f 4760/4758/1075 4757/4759/1074 4758/4756/1074
f 4762/4760/1076 4759/4761/1075 4760/4758/1075
f 4764/4762/1077 4761/4763/1076 4762/4760/1076
f 4766/4764/1078 4763/4765/1077 4764/4762/1077
f 4768/4766/269 4765/4767/1078 4766/4764/1078
f 4770/4768/1079 4767/4769/269 4768/4766/269
f 4772/4770/1080 4769/4771/1079 4770/4768/1079
f 4774/4772/1081 4771/4773/1080 4772/4770/1080
f 4776/4774/1082 4773/4775/1081 4774/4772/1081
f 4778/4776/1083 4775/4777/1082 4776/4774/1082
f 4780/4778/1084 4777/4779/1085 4778/4776/1083
f 4782/4780/1086 4779/4781/1084 4780/4778/1084
f 4784/4782/1087 4781/4783/1086 4782/4780/1086
f 4786/4784/1088 4783/4785/1087 4784/4782/1087
f 4788/4786/1089 4785/4787/1088 4786/4784/1088
f 4790/4788/1090 4787/4789/1089 4788/4786/1089
f 4792/4790/1091 4789/4791/1090 4790/4788/1090
f 4794/4792/1092 4791/4793/1091 4792/4790/1091
f 4796/4794/1093 4793/4795/1092 4794/4792/1092
f 4798/4796/1094 4795/4797/1093 4796/4794/1093
f 4800/4798/1095 4797/4799/1094 4798/4796/1094
f 4802/4800/1096 4799/4801/1095 4800/4798/1095
f 4804/4802/1097 4801/4803/1096 4802/4800/1096
f 4806/4804/1098 4803/4805/1097 4804/4802/1097
f 4808/4806/1099 4805/4807/1098 4806/4804/1098
f 4810/4808/1100 4807/4809/1099 4808/4806/1099
f 4812/4810/1101 4809/4811/1100 4810/4808/1100
f 4814/4812/1102 4811/4813/1103 4812/4810/1101
f 4816/4814/1104 4813/4815/1105 4814/4812/1102
f 4818/4816/1106 4815/4817/1104 4816/4814/1104
f 4820/4818/1107 4817/4819/1108 4818/4816/1106
f 4822/4820/1109 4819/4821/1110 4820/4818/1107
f 4824/4822/1111 4821/4823/1109 4822/4820/1109
f 4826/4824/1112 4823/4825/1111 4824/4822/1111
f 4828/4826/1113 4825/4827/1112 4826/4824/1112
f 4830/4828/1114 4827/4829/1115 4828/4826/1113
f 4832/4830/1116 4829/4831/1114 4830/4828/1114
f 4834/4832/1117 4831/4833/1118 4832/4830/1116
f 4836/4834/1119 4833/4835/1120 4834/4832/1117
f 4838/4836/1121 4835/4837/1122 4836/4834/1119
f 4840/4838/1123 4837/4839/1121 4838/4836/1121
f 4842/4840/1124 4839/4841/1123 4840/4838/1123
f 4844/4842/1125 4841/4843/1126 4842/4840/1124
f 4846/4844/1127 4843/4845/1125 4844/4842/1125
f 4848/4846/1128 4845/4847/1127 4846/4844/1127
f 4850/4848/1129 4847/4849/1130 4848/4846/1128
f 4852/4850/1131 4849/4851/1129 4850/4848/1129
f 4854/4852/1132 4851/4853/1131 4852/4850/1131
f 4856/4854/1133 4853/4855/1132 4854/4852/1132
f 4858/4856/1134 4855/4857/1135 4856/4854/1133
f 4860/4858/1136 4857/4859/1137 4858/4856/1134
f 4862/4860/1138 4859/4861/1136 4860/4858/1136
f 4864/4862/1139 4861/4863/1138 4862/4860/1138
f 4866/4864/1140 4863/4865/1141 4864/4862/1139
f 4868/4866/1142 4865/4867/1140 4866/4864/1140
f 4870/4868/1143 4867/4869/1142 4868/4866/1142
f 4872/4870/1144 4869/4871/1143 4870/4868/1143
f 4874/4872/1145 4871/4873/1144 4872/4870/1144
f 4876/4874/1146 4873/4875/1145 4874/4872/1145
f 4878/4876/1147 4875/4877/1146 4876/4874/1146
f 4880/4878/1148 4877/4879/1149 4878/4876/1147
f 4402/4403/864 4879/4880/1148 4880/4878/1148
f 4884/4881/1150 4881/4882/1151 4882/4883/1151
f 4886/4884/1152 4883/4885/1150 4884/4881/1150
f 4888/4886/1153 4885/4887/1152 4886/4884/1152
f 4890/4888/1154 4887/4889/1153 4888/4886/1153
f 4892/4890/1155 4889/4891/1154 4890/4888/1154
f 4894/4892/1156 4891/4893/1157 4892/4890/1155
f 4896/4894/1158 4893/4895/1156 4894/4892/1156
f 4898/4896/1159 4895/4897/1158 4896/4894/1158
f 4900/4898/1160 4897/4899/1159 4898/4896/1159
f 4902/4900/1161 4899/4901/1160 4900/4898/1160
f 4904/4902/1162 4901/4903/1161 4902/4900/1161
f 4906/4904/1163 4903/4905/1162 4904/4902/1162
f 4908/4906/1164 4905/4907/1163 4906/4904/1163
f 4910/4908/1165 4907/4909/1164 4908/4906/1164
f 4912/4910/1166 4909/4911/1165 4910/4908/1165
f 4914/4912/1167 4911/4913/1166 4912/4910/1166
f 4916/4914/1168 4913/4915/1167 4914/4912/1167
f 4918/4916/1169 4915/4917/1168 4916/4914/1168
f 4920/4918/1170 4917/4919/1169 4918/4916/1169
f 4922/4920/1171 4919/4921/1170 4920/4918/1170
f 4924/4922/1172 4921/4923/1171 4922/4920/1171
f 4926/4924/1173 4923/4925/1172 4924/4922/1172
f 4928/4926/1174 4925/4927/1173 4926/4924/1173
f 4930/4928/1175 4927/4929/1174 4928/4926/1174
f 4932/4930/1176 4929/4931/1175 4930/4928/1175
f 4934/4932/1177 4931/4933/1176 4932/4930/1176
f 4936/4934/1178 4933/4935/1177 4934/4932/1177
f 4938/4936/1179 4935/4937/1178 4936/4934/1178
f 4940/4938/527 4937/4939/1179 4938/4936/1179
f 4942/4940/528 4939/4941/529 4940/4938/527
f 4944/4942/1180 4941/4943/528 4942/4940/528
f 4946/4944/1181 4943/4945/1180 4944/4942/1180
f 4948/4946/1182 4945/4947/1181 4946/4944/1181
f 4950/4948/1183 4947/4949/1182 4948/4946/1182
f 4952/4950/1184 4949/4951/1185 4950/4948/1183
f 4954/4952/1186 4951/4953/1184 4952/4950/1184
f 4956/4954/1187 4953/4955/1186 4954/4952/1186
f 4958/4956/1188 4955/4957/1187 4956/4954/1187
f 4960/4958/1189 4957/4959/1188 4958/4956/1188
f 4962/4960/1190 4959/4961/1189 4960/4958/1189
f 4964/4962/1191 4961/4963/1190 4962/4960/1190
f 4966/4964/1192 4963/4965/1191 4964/4962/1191
f 4968/4966/1193 4965/4967/1192 4966/4964/1192
f 4970/4968/1194 4967/4969/1193 4968/4966/1193
f 4972/4970/1195 4969/4971/1194 4970/4968/1194
f 4974/4972/1196 4971/4973/1195 4972/4970/1195
f 4976/4974/1197 4973/4975/1196 4974/4972/1196
f 4978/4976/1198 4975/4977/1197 4976/4974/1197
f 4980/4978/1199 4977/4979/1198 4978/4976/1198
f 4982/4980/1200 4979/4981/1199 4980/4978/1199
f 4984/4982/1201 4981/4983/1200 4982/4980/1200
f 4986/4984/1202 4983/4985/1201 4984/4982/1201
f 4988/4986/1203 4985/4987/1202 4986/4984/1202
f 4990/4988/1204 4987/4989/1203 4988/4986/1203
f 4992/4990/1205 4989/4991/1204 4990/4988/1204
f 4994/4992/1206 4991/4993/1205 4992/4990/1205
f 4996/4994/1207 4993/4995/1206 4994/4992/1206
f 4998/4996/1208 4995/4997/1207 4996/4994/1207
f 5000/4998/1209 4997/4999/1208 4998/4996/1208
f 4882/4883/1151 4999/5000/1210 5000/4998/1209
f 5004/5001/1211 5001/5002/1212 5002/5003/1213
f 5006/5004/1214 5003/5005/1215 5004/5001/1211
f 5008/5006/1216 5005/5007/1217 5006/5004/1214
f 5010/5008/1218 5007/5009/1216 5008/5006/1216
f 5012/5010/1219 5009/5011/1220 5010/5008/1218
f 5014/5012/1221 5011/5013/1222 5012/5010/1219
f 5016/5014/1223 5013/5015/1221 5014/5012/1221
f 5018/5016/1224 5015/5017/1225 5016/5014/1223
f 5020/5018/1226 5017/5019/1224 5018/5016/1224
f 5022/5020/1227 5019/5021/1226 5020/5018/1226
f 5024/5022/1228 5021/5023/1227 5022/5020/1227
f 5026/5024/1229 5023/5025/1230 5024/5022/1228
f 5028/5026/1231 5025/5027/1229 5026/5024/1229
f 5030/5028/1232 5027/5029/1233 5028/5026/1231
f 5032/5030/1234 5029/5031/1232 5030/5028/1232
f 5034/5032/1235 5031/5033/1234 5032/5030/1234
f 5036/5034/1236 5033/5035/1235 5034/5032/1235
f 5038/5036/1237 5035/5037/1236 5036/5034/1236
f 5040/5038/1238 5037/5039/1239 5038/5036/1237
f 5042/5040/1240 5039/5041/1241 5040/5038/1238
f 5044/5042/1242 5041/5043/1243 5042/5040/1240
f 5046/5044/1244 5043/5045/1242 5044/5042/1242
f 5048/5046/1245 5045/5047/1246 5046/5044/1244
f 5050/5048/1247 5047/5049/1248 5048/5046/1245
f 5052/5050/1249 5049/5051/1247 5050/5048/1247
f 5054/5052/1250 5051/5053/1251 5052/5050/1249
f 5056/5054/1252 5053/5055/1253 5054/5052/1250
f 5058/5056/1254 5055/5057/1255 5056/5054/1252
f 5060/5058/1256 5057/5059/1257 5058/5056/1254
f 5062/5060/1258 5059/5061/1256 5060/5058/1256
f 5064/5062/1259 5061/5063/1258 5062/5060/1258
f 5066/5064/1260 5063/5065/1259 5064/5062/1259
f 5068/5066/1261 5065/5067/1260 5066/5064/1260
f 5070/5068/1262 5067/5069/1261 5068/5066/1261
f 5072/5070/1263 5069/5071/1262 5070/5068/1262
f 5074/5072/1264 5071/5073/1263 5072/5070/1263
f 5076/5074/1265 5073/5075/1264 5074/5072/1264
f 5078/5076/1266 5075/5077/1265 5076/5074/1265
f 5080/5078/1267 5077/5079/1266 5078/5076/1266
f 5082/5080/1268 5079/5081/1269 5080/5078/1267
f 5084/5082/1270 5081/5083/1268 5082/5080/1268
f 5086/5084/1271 5083/5085/1270 5084/5082/1270
f 5088/5086/1272 5085/5087/1271 5086/5084/1271
f 5090/5088/1273 5087/5089/1272 5088/5086/1272
f 5092/5090/1274 5089/5091/1273 5090/5088/1273
f 5094/5092/1275 5091/5093/1276 5092/5090/1274
f 5096/5094/1277 5093/5095/1278 5094/5092/1275
f 5098/5096/1279 5095/5097/1277 5096/5094/1277
f 5100/5098/1280 5097/5099/1279 5098/5096/1279
f 5102/5100/1281 5099/5101/1280 5100/5098/1280
f 5104/5102/1282 5101/5103/1281 5102/5100/1281
f 5106/5104/1283 5103/5105/1284 5104/5102/1282
f 5108/5106/1285 5105/5107/1283 5106/5104/1283
f 5110/5108/1286 5107/5109/1285 5108/5106/1285
f 5112/5110/1287 5109/5111/1286 5110/5108/1286
f 5114/5112/1288 5111/5113/1287 5112/5110/1287
f 5116/5114/1289 5113/5115/1288 5114/5112/1288
f 5118/5116/1290 5115/5117/1289 5116/5114/1289
f 5120/5118/1291 5117/5119/1290 5118/5116/1290
f 5122/5120/1292 5119/5121/1291 5120/5118/1291
f 5124/5122/528 5121/5123/1292 5122/5120/1292
f 5126/5124/1293 5123/5125/528 5124/5122/528
f 5128/5126/1294 5125/5127/1293 5126/5124/1293
f 5130/5128/1295 5127/5129/1294 5128/5126/1294
f 5132/5130/1296 5129/5131/1295 5130/5128/1295
f 5134/5132/1297 5131/5133/1296 5132/5130/1296
f 5136/5134/1298 5133/5135/1297 5134/5132/1297
f 5138/5136/1299 5135/5137/1298 5136/5134/1298
f 5140/5138/1300 5137/5139/1299 5138/5136/1299
f 5142/5140/1301 5139/5141/1300 5140/5138/1300
f 5144/5142/1302 5141/5143/1301 5142/5140/1301
f 5146/5144/1303 5143/5145/1302 5144/5142/1302
f 5148/5146/1304 5145/5147/1303 5146/5144/1303
f 5150/5148/1305 5147/5149/1304 5148/5146/1304
f 5152/5150/1306 5149/5151/1305 5150/5148/1305
f 5154/5152/1307 5151/5153/1308 5152/5150/1306
f 5156/5154/1309 5153/5155/1307 5154/5152/1307
f 5158/5156/1310 5155/5157/1309 5156/5154/1309
f 5160/5158/1311 5157/5159/1310 5158/5156/1310
f 5162/5160/1312 5159/5161/1313 5160/5158/1311
f 5164/5162/1314 5161/5163/1315 5162/5160/1312
f 5166/5164/1316 5163/5165/1317 5164/5162/1314
f 5168/5166/1318 5165/5167/1316 5166/5164/1316
f 5170/5168/1319 5167/5169/1318 5168/5166/1318
f 5172/5170/1320 5169/5171/1319 5170/5168/1319
f 5174/5172/1321 5171/5173/1322 5172/5170/1320
f 5176/5174/1323 5173/5175/1324 5174/5172/1321
f 5178/5176/1325 5175/5177/1323 5176/5174/1323
f 5180/5178/1326 5177/5179/1325 5178/5176/1325
f 5182/5180/1327 5179/5181/1326 5180/5178/1326
f 5184/5182/1328 5181/5183/1327 5182/5180/1327
f 5186/5184/1329 5183/5185/1328 5184/5182/1328
f 5188/5186/1330 5185/5187/1331 5186/5184/1329
f 5190/5188/1332 5187/5189/1333 5188/5186/1330
f 5192/5190/1334 5189/5191/1335 5190/5188/1332
f 5194/5192/1336 5191/5193/1334 5192/5190/1334
f 5196/5194/1337 5193/5195/1336 5194/5192/1336
f 5198/5196/1338 5195/5197/1337 5196/5194/1337
f 5200/5198/1339 5197/5199/1338 5198/5196/1338
f 5202/5200/1340 5199/5201/1339 5200/5198/1339
f 5204/5202/1341 5201/5203/1342 5202/5200/1340
f 5206/5204/1343 5203/5205/1341 5204/5202/1341
f 5208/5206/1344 5205/5207/1343 5206/5204/1343
f 5210/5208/1345 5207/5209/1344 5208/5206/1344
f 5212/5210/1346 5209/5211/1347 5210/5208/1345
f 5214/5212/1348 5211/5213/1346 5212/5210/1346
f 5216/5214/1349 5213/5215/1348 5214/5212/1348
f 5218/5216/1350 5215/5217/1349 5216/5214/1349
f 5220/5218/1351 5217/5219/1350 5218/5216/1350
f 5222/5220/1352 5219/5221/1351 5220/5218/1351
f 5224/5222/1353 5221/5223/1354 5222/5220/1352
f 5226/5224/1355 5223/5225/1353 5224/5222/1353
f 5228/5226/1356 5225/5227/1355 5226/5224/1355
f 5230/5228/1357 5227/5229/1358 5228/5226/1356
f 5232/5230/1359 5229/5231/1357 5230/5228/1357
f 5234/5232/1360 5231/5233/1359 5232/5230/1359
f 5236/5234/1361 5233/5235/1360 5234/5232/1360
f 5238/5236/1362 5235/5237/1363 5236/5234/1361
f 5240/5238/1364 5237/5239/1362 5238/5236/1362
f 5242/5240/1365 5239/5241/1364 5240/5238/1364
f 5244/5242/1366 5241/5243/1367 5242/5240/1365
f 5246/5244/1368 5243/5245/1366 5244/5242/1366
f 5248/5246/1369 5245/5247/1368 5246/5244/1368
f 5250/5248/1370 5247/5249/1369 5248/5246/1369
f 5252/5250/1371 5249/5251/1372 5250/5248/1370
f 5254/5252/1373 5251/5253/1371 5252/5250/1371
f 5256/5254/1374 5253/5255/1373 5254/5252/1373
f 5258/5256/1375 5255/5257/1374 5256/5254/1374
f 5260/5258/1376 5257/5259/1377 5258/5256/1375
f 5262/5260/1378 5259/5261/1379 5260/5258/1376
f 5264/5262/1380 5261/5263/605 5262/5260/1378
f 5266/5264/1381 5263/5265/1382 5264/5262/1380
f 5268/5266/1383 5265/5267/1381 5266/5264/1381
f 5270/5268/1384 5267/5269/1385 5268/5266/1383
f 5272/5270/1386 5269/5271/1384 5270/5268/1384
f 5274/5272/1387 5271/5273/1386 5272/5270/1386
f 5276/5274/1388 5273/5275/1389 5274/5272/1387
f 5278/5276/204 5275/5277/1388 5276/5274/1388
f 5280/5278/1390 5277/5279/204 5278/5276/204
f 5282/5280/1391 5279/5281/1390 5280/5278/1390
f 5284/5282/1392 5281/5283/1391 5282/5280/1391
f 5286/5284/1393 5283/5285/1394 5284/5282/1392
f 5288/5286/1395 5285/5287/1393 5286/5284/1393
f 5290/5288/1396 5287/5289/1395 5288/5286/1395
f 5292/5290/595 5289/5291/1397 5290/5288/1396
f 5294/5292/1398 5291/5293/1399 5292/5290/595
f 5296/5294/1400 5293/5295/1398 5294/5292/1398
f 5298/5296/1401 5295/5297/1400 5296/5294/1400
f 5300/5298/1402 5297/5299/1401 5298/5296/1401
f 5302/5300/1403 5299/5301/1402 5300/5298/1402
f 5304/5302/1404 5301/5303/1405 5302/5300/1403
f 5306/5304/1406 5303/5305/1407 5304/5302/1404
f 5308/5306/1408 5305/5307/1406 5306/5304/1406
f 5310/5308/1409 5307/5309/1410 5308/5306/1408
f 5312/5310/1411 5309/5311/1409 5310/5308/1409
f 5314/5312/1412 5311/5313/1413 5312/5310/1411
f 5316/5314/1414 5313/5315/1415 5314/5312/1412
f 5318/5316/1416 5315/5317/1417 5316/5314/1414
f 5320/5318/1418 5317/5319/1416 5318/5316/1416
f 5322/5320/1419 5319/5321/1418 5320/5318/1418
f 5324/5322/1420 5321/5323/1419 5322/5320/1419
f 5326/5324/1421 5323/5325/1420 5324/5322/1420
f 5328/5326/1422 5325/5327/1421 5326/5324/1421
f 5330/5328/1423 5327/5329/1424 5328/5326/1422
f 5332/5330/1425 5329/5331/1423 5330/5328/1423
f 5334/5332/1426 5331/5333/1425 5332/5330/1425
f 5336/5334/1427 5333/5335/1428 5334/5332/1426
f 5338/5336/1429 5335/5337/1427 5336/5334/1427
f 5340/5338/1430 5337/5339/1431 5338/5336/1429
f 5342/5340/1432 5339/5341/1430 5340/5338/1430
f 5344/5342/1433 5341/5343/1434 5342/5340/1432
f 5346/5344/1435 5343/5345/1433 5344/5342/1433
f 5348/5346/1436 5345/5347/1435 5346/5344/1435
f 5350/5348/1437 5347/5349/1438 5348/5346/1436
f 5352/5350/1439 5349/5351/1437 5350/5348/1437
f 5354/5352/1440 5351/5353/1441 5352/5350/1439
f 5356/5354/1442 5353/5355/1440 5354/5352/1440
f 5358/5356/1443 5355/5357/1442 5356/5354/1442
f 5360/5358/1444 5357/5359/1443 5358/5356/1443
f 5362/5360/1445 5359/5361/1444 5360/5358/1444
f 5364/5362/1446 5361/5363/1445 5362/5360/1445
f 5366/5364/1447 5363/5365/1446 5364/5362/1446
f 5368/5366/1448 5365/5367/1449 5366/5364/1447
f 5370/5368/1450 5367/5369/1448 5368/5366/1448
f 5372/5370/1451 5369/5371/1450 5370/5368/1450
f 5374/5372/1452 5371/5373/1451 5372/5370/1451
f 5376/5374/1453 5373/5375/1452 5374/5372/1452
f 5378/5376/1454 5375/5377/1453 5376/5374/1453
f 5380/5378/1455 5377/5379/1454 5378/5376/1454
f 5382/5380/1456 5379/5381/1455 5380/5378/1455
f 5384/5382/1457 5381/5383/1456 5382/5380/1456
f 5386/5384/1458 5383/5385/1457 5384/5382/1457
f 5388/5386/1459 5385/5387/1458 5386/5384/1458
f 5390/5388/1460 5387/5389/1459 5388/5386/1459
f 5392/5390/1461 5389/5391/1460 5390/5388/1460
f 5394/5392/1462 5391/5393/1461 5392/5390/1461
f 5396/5394/1463 5393/5395/1462 5394/5392/1462
f 5398/5396/1464 5395/5397/1463 5396/5394/1463
f 5400/5398/1465 5397/5399/1464 5398/5396/1464
f 5402/5400/1466 5399/5401/1465 5400/5398/1465
f 5404/5402/1467 5401/5403/1468 5402/5400/1466
f 5406/5404/1469 5403/5405/1467 5404/5402/1467
f 5408/5406/1470 5405/5407/1471 5406/5404/1469
f 5410/5408/1472 5407/5409/1473 5408/5406/1470
f 5412/5410/1474 5409/5411/1472 5410/5408/1472
f 5414/5412/1475 5411/5413/1474 5412/5410/1474
f 5416/5414/1476 5413/5415/1475 5414/5412/1475
f 5418/5416/1477 5415/5417/1476 5416/5414/1476
f 5420/5418/1478 5417/5419/1477 5418/5416/1477
f 5422/5420/1479 5419/5421/1478 5420/5418/1478
f 5424/5422/1480 5421/5423/1481 5422/5420/1479
f 5426/5424/1482 5423/5425/1480 5424/5422/1480
f 5428/5426/1483 5425/5427/1482 5426/5424/1482
f 5430/5428/1484 5427/5429/1485 5428/5426/1483
f 5432/5430/1486 5429/5431/1484 5430/5428/1484
f 5434/5432/1487 5431/5433/1486 5432/5430/1486
f 5436/5434/1488 5433/5435/1489 5434/5432/1487
f 5438/5436/947 5435/5437/1488 5436/5434/1488
f 5440/5438/1490 5437/5439/947 5438/5436/947
f 5442/5440/1491 5439/5441/1492 5440/5438/1490
f 5444/5442/1493 5441/5443/1491 5442/5440/1491
f 5446/5444/1494 5443/5445/1493 5444/5442/1493
f 5448/5446/1495 5445/5447/1496 5446/5444/1494
f 5450/5448/1497 5447/5449/1495 5448/5446/1495
f 5452/5450/1498 5449/5451/1497 5450/5448/1497
f 5454/5452/1499 5451/5453/1498 5452/5450/1498
f 5456/5454/1500 5453/5455/1499 5454/5452/1499
f 5458/5456/1501 5455/5457/1500 5456/5454/1500
f 5460/5458/1502 5457/5459/1501 5458/5456/1501
f 5462/5460/1503 5459/5461/1502 5460/5458/1502
f 5464/5462/1504 5461/5463/1503 5462/5460/1503
f 5466/5464/1505 5463/5465/1504 5464/5462/1504
f 5468/5466/1506 5465/5467/1505 5466/5464/1505
f 5470/5468/1507 5467/5469/1506 5468/5466/1506
f 5472/5470/1508 5469/5471/1509 5470/5468/1507
f 5474/5472/1510 5471/5473/1508 5472/5470/1508
f 5476/5474/1511 5473/5475/1510 5474/5472/1510
f 5478/5476/1512 5475/5477/1511 5476/5474/1511
f 5480/5478/1513 5477/5479/1512 5478/5476/1512
f 5482/5480/1514 5479/5481/1513 5480/5478/1513
f 5484/5482/1515 5481/5483/1514 5482/5480/1514
f 5486/5484/1516 5483/5485/1515 5484/5482/1515
f 5488/5486/1517 5485/5487/1516 5486/5484/1516
f 5490/5488/1518 5487/5489/1517 5488/5486/1517
f 5492/5490/1519 5489/5491/1520 5490/5488/1518
f 5494/5492/1521 5491/5493/1522 5492/5490/1519
f 5496/5494/1523 5493/5495/1524 5494/5492/1521
f 5498/5496/1525 5495/5497/1523 5496/5494/1523
f 5500/5498/1526 5497/5499/1527 5498/5496/1525
f 5502/5500/1528 5499/5501/1529 5500/5498/1526
f 5504/5502/1530 5501/5503/1528 5502/5500/1528
f 5506/5504/1531 5503/5505/1530 5504/5502/1530
f 5508/5506/1532 5505/5507/1533 5506/5504/1531
f 5510/5508/1534 5507/5509/1532 5508/5506/1532
f 5512/5510/1535 5509/5511/1534 5510/5508/1534
f 5514/5512/1536 5511/5513/1535 5512/5510/1535
f 5516/5514/1537 5513/5515/1536 5514/5512/1536
f 5518/5516/1538 5515/5517/1537 5516/5514/1537
f 5520/5518/1539 5517/5519/1540 5518/5516/1538
f 5522/5520/1541 5519/5521/1542 5520/5518/1539
f 5524/5522/1543 5521/5523/1544 5522/5520/1541
f 5526/5524/1545 5523/5525/1546 5524/5522/1543
f 5528/5526/1547 5525/5527/907 5526/5524/1545
f 5530/5528/1548 5527/5529/1549 5528/5526/1547
f 5532/5530/1550 5529/5531/1551 5530/5528/1548
f 5534/5532/1552 5531/5533/1550 5532/5530/1550
f 5536/5534/1553 5533/5535/1554 5534/5532/1552
f 5538/5536/1555 5535/5537/1556 5536/5534/1553
f 5540/5538/1557 5537/5539/1558 5538/5536/1555
f 5002/5003/1213 5539/5540/1557 5540/5538/1557
f 5544/5541/1110 5541/5542/1559 5542/5543/1559
f 5546/5544/1560 5543/5545/1110 5544/5541/1110
f 5548/5546/1561 5545/5547/1562 5546/5544/1560
f 5550/5548/1563 5547/5549/1564 5548/5546/1561
f 5552/5550/1565 5549/5551/1563 5550/5548/1563
f 5554/5552/1566 5551/5553/1565 5552/5550/1565
f 5556/5554/1567 5553/5555/1566 5554/5552/1566
f 5558/5556/1568 5555/5557/1567 5556/5554/1567
f 5560/5558/1569 5557/5559/1568 5558/5556/1568
f 5562/5560/1570 5559/5561/1569 5560/5558/1569
f 5564/5562/1571 5561/5563/1570 5562/5560/1570
f 5566/5564/1572 5563/5565/1571 5564/5562/1571
f 5568/5566/1573 5565/5567/1572 5566/5564/1572
f 5570/5568/1574 5567/5569/1573 5568/5566/1573
f 5572/5570/1575 5569/5571/1574 5570/5568/1574
f 5574/5572/1576 5571/5573/1575 5572/5570/1575
f 5576/5574/1577 5573/5575/1578 5574/5572/1576
f 5578/5576/1579 5575/5577/1577 5576/5574/1577
f 5580/5578/1580 5577/5579/1581 5578/5576/1579
f 5582/5580/1582 5579/5581/1580 5580/5578/1580
f 5584/5582/1583 5581/5583/1584 5582/5580/1582
f 5586/5584/1585 5583/5585/1583 5584/5582/1583
f 5588/5586/1586 5585/5587/1585 5586/5584/1585
f 5590/5588/1587 5587/5589/1586 5588/5586/1586
f 5592/5590/1588 5589/5591/1587 5590/5588/1587
f 5594/5592/1589 5591/5593/1590 5592/5590/1588
f 5596/5594/1591 5593/5595/1592 5594/5592/1589
f 5598/5596/1593 5595/5597/1594 5596/5594/1591
f 5600/5598/1595 5597/5599/1596 5598/5596/1593
f 5602/5600/1597 5599/5601/1598 5600/5598/1595
f 5604/5602/1599 5601/5603/1600 5602/5600/1597
f 5606/5604/1601 5603/5605/1599 5604/5602/1599
f 5608/5606/1602 5605/5607/1601 5606/5604/1601
f 5610/5608/1603 5607/5609/1602 5608/5606/1602
f 5612/5610/1604 5609/5611/1605 5610/5608/1603
f 5614/5612/1606 5611/5613/1607 5612/5610/1604
f 5616/5614/1608 5613/5615/1609 5614/5612/1606
f 5618/5616/1610 5615/5617/1611 5616/5614/1608
f 5620/5618/1612 5617/5619/1613 5618/5616/1610
f 5622/5620/1614 5619/5621/1615 5620/5618/1612
f 5624/5622/1616 5621/5623/1617 5622/5620/1614
f 5626/5624/1618 5623/5625/1619 5624/5622/1616
f 5628/5626/1620 5625/5627/1618 5626/5624/1618
f 5630/5628/1621 5627/5629/1620 5628/5626/1620
f 5632/5630/1622 5629/5631/1621 5630/5628/1621
f 5634/5632/1623 5631/5633/1622 5632/5630/1622
f 5636/5634/1624 5633/5635/1623 5634/5632/1623
f 5638/5636/1625 5635/5637/1626 5636/5634/1624
f 5640/5638/1627 5637/5639/1628 5638/5636/1625
f 5642/5640/1629 5639/5641/1627 5640/5638/1627
f 5644/5642/1630 5641/5643/1631 5642/5640/1629
f 5646/5644/1632 5643/5645/1630 5644/5642/1630
f 5648/5646/1633 5645/5647/1634 5646/5644/1632
f 5650/5648/1635 5647/5649/1636 5648/5646/1633
f 5652/5650/1637 5649/5651/1638 5650/5648/1635
f 5654/5652/1639 5651/5653/1640 5652/5650/1637
f 5656/5654/1641 5653/5655/1642 5654/5652/1639
f 5658/5656/1643 5655/5657/1644 5656/5654/1641
f 5660/5658/1645 5657/5659/1643 5658/5656/1643
f 5662/5660/1646 5659/5661/1645 5660/5658/1645
f 5664/5662/1647 5661/5663/1646 5662/5660/1646
f 5666/5664/1648 5663/5665/1649 5664/5662/1647
f 5668/5666/1650 5665/5667/1651 5666/5664/1648
f 5670/5668/1652 5667/5669/1650 5668/5666/1650
f 5672/5670/1653 5669/5671/1654 5670/5668/1652
f 5674/5672/1655 5671/5673/1653 5672/5670/1653
f 5676/5674/1656 5673/5675/1657 5674/5672/1655
f 5678/5676/1658 5675/5677/1659 5676/5674/1656
f 5680/5678/1660 5677/5679/1658 5678/5676/1658
f 5682/5680/1661 5679/5681/1662 5680/5678/1660
f 5684/5682/1663 5681/5683/1661 5682/5680/1661
f 5686/5684/1664 5683/5685/1663 5684/5682/1663
f 5688/5686/1665 5685/5687/1664 5686/5684/1664
f 5690/5688/1666 5687/5689/1667 5688/5686/1665
f 5692/5690/1668 5689/5691/1669 5690/5688/1666
f 5694/5692/1670 5691/5693/1671 5692/5690/1668
f 5696/5694/1672 5693/5695/1673 5694/5692/1670
f 5698/5696/1674 5695/5697/1675 5696/5694/1672
f 5700/5698/1676 5697/5699/1677 5698/5696/1674
f 5702/5700/1678 5699/5701/1676 5700/5698/1676
f 5704/5702/1679 5701/5703/1678 5702/5700/1678
f 5706/5704/1680 5703/5705/1681 5704/5702/1679
f 5708/5706/1682 5705/5707/1683 5706/5704/1680
f 5710/5708/1684 5707/5709/1682 5708/5706/1682
f 5712/5710/1685 5709/5711/1684 5710/5708/1684
f 5714/5712/1686 5711/5713/1687 5712/5710/1685
f 5716/5714/1688 5713/5715/1689 5714/5712/1686
f 5718/5716/1690 5715/5717/1691 5716/5714/1688
f 5720/5718/1692 5717/5719/1693 5718/5716/1690
f 5722/5720/1694 5719/5721/1695 5720/5718/1692
f 5724/5722/1696 5721/5723/1694 5722/5720/1694
f 5726/5724/1697 5723/5725/1696 5724/5722/1696
f 5728/5726/1698 5725/5727/1699 5726/5724/1697
f 5730/5728/1700 5727/5729/1701 5728/5726/1698
f 5732/5730/1702 5729/5731/1703 5730/5728/1700
f 5734/5732/1704 5731/5733/1702 5732/5730/1702
f 5736/5734/1705 5733/5735/1706 5734/5732/1704
f 5738/5736/1707 5735/5737/1708 5736/5734/1705
f 5740/5738/1709 5737/5739/1707 5738/5736/1707
f 5742/5740/1710 5739/5741/1709 5740/5738/1709
f 5744/5742/1711 5741/5743/1710 5742/5740/1710
f 5746/5744/1712 5743/5745/1711 5744/5742/1711
f 5748/5746/1713 5745/5747/1712 5746/5744/1712
f 5750/5748/1714 5747/5749/1713 5748/5746/1713
f 5752/5750/1715 5749/5751/1714 5750/5748/1714
f 5754/5752/1716 5751/5753/1715 5752/5750/1715
f 5756/5754/1717 5753/5755/1716 5754/5752/1716
f 5758/5756/1718 5755/5757/1717 5756/5754/1717
f 5760/5758/1719 5757/5759/1718 5758/5756/1718
f 5762/5760/1720 5759/5761/1719 5760/5758/1719
f 5764/5762/1721 5761/5763/1720 5762/5760/1720
f 5766/5764/1722 5763/5765/1721 5764/5762/1721
f 5768/5766/1723 5765/5767/1722 5766/5764/1722
f 5770/5768/1724 5767/5769/1725 5768/5766/1723
f 5772/5770/1726 5769/5771/1724 5770/5768/1724
f 5774/5772/1727 5771/5773/1726 5772/5770/1726
f 5776/5774/1728 5773/5775/1727 5774/5772/1727
f 5778/5776/1729 5775/5777/1730 5776/5774/1728
f 5780/5778/1731 5777/5779/1729 5778/5776/1729
f 5782/5780/1732 5779/5781/1731 5780/5778/1731
f 5784/5782/1733 5781/5783/1732 5782/5780/1732
f 5786/5784/1734 5783/5785/1733 5784/5782/1733
f 5788/5786/1735 5785/5787/1734 5786/5784/1734
f 5790/5788/1736 5787/5789/1735 5788/5786/1735
f 5792/5790/1737 5789/5791/1736 5790/5788/1736
f 5794/5792/1738 5791/5793/1737 5792/5790/1737
f 5796/5794/1739 5793/5795/1738 5794/5792/1738
f 5798/5796/1740 5795/5797/1739 5796/5794/1739
f 5800/5798/1741 5797/5799/1740 5798/5796/1740
f 5802/5800/1742 5799/5801/1743 5800/5798/1741
f 5804/5802/1744 5801/5803/1742 5802/5800/1742
f 5806/5804/1745 5803/5805/1744 5804/5802/1744
f 5808/5806/1746 5805/5807/1747 5806/5804/1745
f 5810/5808/1748 5807/5809/1749 5808/5806/1746
f 5812/5810/1750 5809/5811/1748 5810/5808/1748
f 5814/5812/1751 5811/5813/1750 5812/5810/1750
f 5816/5814/1752 5813/5815/1753 5814/5812/1751
f 5818/5816/1754 5815/5817/1752 5816/5814/1752
f 5820/5818/1755 5817/5819/1754 5818/5816/1754
f 5822/5820/1756 5819/5821/1757 5820/5818/1755
f 5824/5822/1758 5821/5823/1756 5822/5820/1756
f 5826/5824/1759 5823/5825/1758 5824/5822/1758
f 5828/5826/1760 5825/5827/1761 5826/5824/1759
f 5830/5828/1762 5827/5829/1760 5828/5826/1760
f 5832/5830/1763 5829/5831/1762 5830/5828/1762
f 5834/5832/1764 5831/5833/1763 5832/5830/1763
f 5836/5834/1765 5833/5835/1764 5834/5832/1764
f 5838/5836/1766 5835/5837/1765 5836/5834/1765
f 5840/5838/1767 5837/5839/1768 5838/5836/1766
f 5842/5840/1769 5839/5841/1767 5840/5838/1767
f 5844/5842/1770 5841/5843/1769 5842/5840/1769
f 5846/5844/1771 5843/5845/1772 5844/5842/1770
f 5848/5846/1773 5845/5847/1771 5846/5844/1771
f 5850/5848/1774 5847/5849/1773 5848/5846/1773
f 5852/5850/1775 5849/5851/1776 5850/5848/1774
f 5854/5852/761 5851/5853/1775 5852/5850/1775
f 5856/5854/1777 5853/5855/761 5854/5852/761
f 5858/5856/1778 5855/5857/1779 5856/5854/1777
f 5860/5858/1780 5857/5859/1781 5858/5856/1778
f 5862/5860/1782 5859/5861/1783 5860/5858/1780
f 5864/5862/1784 5861/5863/1785 5862/5860/1782
f 5866/5864/1786 5863/5865/1784 5864/5862/1784
f 5868/5866/1787 5865/5867/1788 5866/5864/1786
f 5870/5868/1789 5867/5869/1787 5868/5866/1787
f 5872/5870/1790 5869/5871/1789 5870/5868/1789
f 5874/5872/1791 5871/5873/1790 5872/5870/1790
f 5876/5874/556 5873/5875/1791 5874/5872/1791
f 5878/5876/1792 5875/5877/553 5876/5874/556
f 5880/5878/1793 5877/5879/1792 5878/5876/1792
f 5882/5880/1794 5879/5881/1795 5880/5878/1793
f 5884/5882/1796 5881/5883/1794 5882/5880/1794
f 5886/5884/1797 5883/5885/1796 5884/5882/1796
f 5888/5886/1798 5885/5887/1799 5886/5884/1797
f 5890/5888/1800 5887/5889/1801 5888/5886/1798
f 5892/5890/1802 5889/5891/1800 5890/5888/1800
f 5894/5892/1803 5891/5893/1804 5892/5890/1802
f 5896/5894/1805 5893/5895/1806 5894/5892/1803
f 5898/5896/1807 5895/5897/1808 5896/5894/1805
f 5900/5898/1809 5897/5899/1807 5898/5896/1807
f 5902/5900/1810 5899/5901/1811 5900/5898/1809
f 5904/5902/1812 5901/5903/1810 5902/5900/1810
f 5906/5904/1813 5903/5905/1812 5904/5902/1812
f 5908/5906/1814 5905/5907/1813 5906/5904/1813
f 5910/5908/1815 5907/5909/1814 5908/5906/1814
f 5912/5910/1816 5909/5911/1815 5910/5908/1815
f 5914/5912/1817 5911/5913/1816 5912/5910/1816
f 5916/5914/1818 5913/5915/1819 5914/5912/1817
f 5918/5916/1820 5915/5917/1818 5916/5914/1818
f 5920/5918/1399 5917/5919/1820 5918/5916/1820
f 5922/5920/1821 5919/5921/1399 5920/5918/1399
f 5924/5922/1822 5921/5923/1823 5922/5920/1821
f 5926/5924/1824 5923/5925/1822 5924/5922/1822
f 5928/5926/1825 5925/5927/1824 5926/5924/1824
f 5930/5928/1826 5927/5929/1827 5928/5926/1825
f 5932/5930/1828 5929/5931/1826 5930/5928/1826
f 5934/5932/1829 5931/5933/1830 5932/5930/1828
f 5936/5934/1831 5933/5935/1829 5934/5932/1829
f 5938/5936/1832 5935/5937/1831 5936/5934/1831
f 5940/5938/1833 5937/5939/1832 5938/5936/1832
f 5942/5940/1834 5939/5941/1833 5940/5938/1833
f 5944/5942/1835 5941/5943/1836 5942/5940/1834
f 5946/5944/1837 5943/5945/1835 5944/5942/1835
f 5948/5946/1838 5945/5947/1839 5946/5944/1837
f 5950/5948/1840 5947/5949/1838 5948/5946/1838
f 5952/5950/1841 5949/5951/1842 5950/5948/1840
f 5954/5952/1843 5951/5953/1841 5952/5950/1841
f 5956/5954/1844 5953/5955/1845 5954/5952/1843
f 5958/5956/1846 5955/5957/1844 5956/5954/1844
f 5960/5958/1847 5957/5959/1846 5958/5956/1846
f 5962/5960/1848 5959/5961/1847 5960/5958/1847
f 5964/5962/1849 5961/5963/1850 5962/5960/1848
f 5966/5964/1851 5963/5965/1852 5964/5962/1849
f 5968/5966/1853 5965/5967/1851 5966/5964/1851
f 5970/5968/1854 5967/5969/1853 5968/5966/1853
f 5972/5970/1855 5969/5971/1856 5970/5968/1854
f 5974/5972/1857 5971/5973/1855 5972/5970/1855
f 5976/5974/1858 5973/5975/1859 5974/5972/1857
f 5978/5976/1860 5975/5977/1861 5976/5974/1858
f 5980/5978/1862 5977/5979/1863 5978/5976/1860
f 5982/5980/1864 5979/5981/1865 5980/5978/1862
f 5984/5982/1866 5981/5983/1867 5982/5980/1864
f 5986/5984/1868 5983/5985/1869 5984/5982/1866
f 5988/5986/1870 5985/5987/1871 5986/5984/1868
f 5990/5988/1872 5987/5989/1870 5988/5986/1870
f 5992/5990/1873 5989/5991/1872 5990/5988/1872
f 5994/5992/1874 5991/5993/1875 5992/5990/1873
f 5996/5994/1876 5993/5995/1874 5994/5992/1874
f 5998/5996/1877 5995/5997/1169 5996/5994/1876
f 6000/5998/1878 5997/5999/1877 5998/5996/1877
f 6002/6000/1879 5999/6001/1878 6000/5998/1878
f 6004/6002/1880 6001/6003/1879 6002/6000/1879
f 6006/6004/1881 6003/6005/1880 6004/6002/1880
f 6008/6006/1882 6005/6007/1881 6006/6004/1881
f 6010/6008/1883 6007/6009/1882 6008/6006/1882
f 6012/6010/1884 6009/6011/1883 6010/6008/1883
f 6014/6012/1885 6011/6013/1884 6012/6010/1884
f 6016/6014/1886 6013/6015/1887 6014/6012/1885
f 6018/6016/1888 6015/6017/1886 6016/6014/1886
f 6020/6018/1889 6017/6019/1888 6018/6016/1888
f 6022/6020/1890 6019/6021/1891 6020/6018/1889
f 6024/6022/1892 6021/6023/1893 6022/6020/1890
f 6026/6024/1894 6023/6025/1892 6024/6022/1892
f 6028/6026/1895 6025/6027/1896 6026/6024/1894
f 6030/6028/1897 6027/6029/348 6028/6026/1895
f 6032/6030/1898 6029/6031/1899 6030/6028/1897
f 6034/6032/1900 6031/6033/1901 6032/6030/1898
f 6036/6034/1902 6033/6035/1903 6034/6032/1900
f 6038/6036/1904 6035/6037/1902 6036/6034/1902
f 6040/6038/1905 6037/6039/1906 6038/6036/1904
f 6042/6040/1907 6039/6041/1908 6040/6038/1905
f 6044/6042/1909 6041/6043/1910 6042/6040/1907
f 6046/6044/1911 6043/6045/1912 6044/6042/1909
f 6048/6046/1913 6045/6047/1914 6046/6044/1911
f 6050/6048/1915 6047/6049/1916 6048/6046/1913
f 6052/6050/1917 6049/6051/1915 6050/6048/1915
f 6054/6052/1918 6051/6053/1919 6052/6050/1917
f 6056/6054/1920 6053/6055/1921 6054/6052/1918
f 6058/6056/1922 6055/6057/1923 6056/6054/1920
f 6060/6058/1924 6057/6059/1925 6058/6056/1922
f 6062/6060/1926 6059/6061/1924 6060/6058/1924
f 6064/6062/1927 6061/6063/1926 6062/6060/1926
f 6066/6064/1928 6063/6065/1929 6064/6062/1927
f 6068/6066/1930 6065/6067/1931 6066/6064/1928
f 6070/6068/1932 6067/6069/1933 6068/6066/1930
f 6072/6070/1934 6069/6071/1932 6070/6068/1932
f 6074/6072/1935 6071/6073/1934 6072/6070/1934
f 6076/6074/1936 6073/6075/1937 6074/6072/1935
f 6078/6076/1938 6075/6077/1939 6076/6074/1936
f 6080/6078/1940 6077/6079/1941 6078/6076/1938
f 6082/6080/1942 6079/6081/1940 6080/6078/1940
f 6084/6082/1943 6081/6083/1944 6082/6080/1942
f 6086/6084/1945 6083/6085/1946 6084/6082/1943
f 6088/6086/1947 6085/6087/1948 6086/6084/1945
f 6090/6088/1949 6087/6089/1947 6088/6086/1947
f 6092/6090/1950 6089/6091/1951 6090/6088/1949
f 6094/6092/1952 6091/6093/1953 6092/6090/1950
f 6096/6094/1954 6093/6095/1955 6094/6092/1952
f 6098/6096/1956 6095/6097/1956 6096/6094/1954
f 6100/6098/1957 6097/6099/1956 6098/6096/1956
f 6102/6100/1958 6099/6101/1959 6100/6098/1957
f 6104/6102/1960 6101/6103/1961 6102/6100/1958
f 6106/6104/1962 6103/6105/1960 6104/6102/1960
f 6108/6106/1963 6105/6107/1964 6106/6104/1962
f 6110/6108/1965 6107/6109/1963 6108/6106/1963
f 6112/6110/1966 6109/6111/1965 6110/6108/1965
f 6114/6112/1967 6111/6113/1968 6112/6110/1966
f 6116/6114/1969 6113/6115/1970 6114/6112/1967
f 6118/6116/1971 6115/6117/1972 6116/6114/1969
f 6120/6118/1973 6117/6119/1974 6118/6116/1971
f 6122/6120/1975 6119/6121/1976 6120/6118/1973
f 6124/6122/1977 6121/6123/1978 6122/6120/1975
f 6126/6124/1979 6123/6125/1980 6124/6122/1977
f 6128/6126/1981 6125/6127/1982 6126/6124/1979
f 6130/6128/1983 6127/6129/1981 6128/6126/1981
f 6132/6130/1984 6129/6131/1983 6130/6128/1983
f 6134/6132/1985 6131/6133/1984 6132/6130/1984
f 6136/6134/1986 6133/6135/1985 6134/6132/1985
f 6138/6136/1987 6135/6137/1988 6136/6134/1986
f 6140/6138/1989 6137/6139/1990 6138/6136/1987
f 6142/6140/1991 6139/6141/1992 6140/6138/1989
f 6144/6142/1993 6141/6143/1994 6142/6140/1991
f 6146/6144/1995 6143/6145/1993 6144/6142/1993
f 6148/6146/1996 6145/6147/1997 6146/6144/1995
f 6150/6148/1998 6147/6149/1996 6148/6146/1996
f 6152/6150/1999 6149/6151/2000 6150/6148/1998
f 6154/6152/2001 6151/6153/1999 6152/6150/1999
f 6156/6154/2002 6153/6155/2001 6154/6152/2001
f 6158/6156/2003 6155/6157/2004 6156/6154/2002
f 6160/6158/2005 6157/6159/2003 6158/6156/2003
f 6162/6160/2006 6159/6161/2007 6160/6158/2005
f 6164/6162/2008 6161/6163/2009 6162/6160/2006
f 6166/6164/2010 6163/6165/2008 6164/6162/2008
f 6168/6166/2011 6165/6167/2012 6166/6164/2010
f 6170/6168/2013 6167/6169/2011 6168/6166/2011
f 6172/6170/2014 6169/6171/2015 6170/6168/2013
f 6174/6172/2016 6171/6173/2014 6172/6170/2014
f 6176/6174/2017 6173/6175/2018 6174/6172/2016
f 6178/6176/2019 6175/6177/2017 6176/6174/2017
f 6180/6178/2020 6177/6179/2019 6178/6176/2019
f 6182/6180/2021 6179/6181/2020 6180/6178/2020
f 6184/6182/2022 6181/6183/2021 6182/6180/2021
f 6186/6184/2023 6183/6185/2024 6184/6182/2022
f 6188/6186/2025 6185/6187/2023 6186/6184/2023
f 6190/6188/2026 6187/6189/2027 6188/6186/2025
f 6192/6190/2028 6189/6191/2026 6190/6188/2026
f 6194/6192/2029 6191/6193/2028 6192/6190/2028
f 6196/6194/2030 6193/6195/2029 6194/6192/2029
f 6198/6196/2031 6195/6197/2030 6196/6194/2030
f 6200/6198/2032 6197/6199/2031 6198/6196/2031
f 6202/6200/2033 6199/6201/2032 6200/6198/2032
f 6204/6202/2034 6201/6203/2033 6202/6200/2033
f 6206/6204/2035 6203/6205/2034 6204/6202/2034
f 6208/6206/2036 6205/6207/2037 6206/6204/2035
f 6210/6208/2038 6207/6209/2036 6208/6206/2036
f 6212/6210/2039 6209/6211/2038 6210/6208/2038
f 6214/6212/2040 6211/6213/2039 6212/6210/2039
f 6216/6214/2041 6213/6215/2042 6214/6212/2040
f 6218/6216/2043 6215/6217/2041 6216/6214/2041
f 6220/6218/2044 6217/6219/2043 6218/6216/2043
f 6222/6220/2045 6219/6221/2044 6220/6218/2044
f 6224/6222/2046 6221/6223/2047 6222/6220/2045
f 6226/6224/2048 6223/6225/2049 6224/6222/2046
f 6228/6226/2050 6225/6227/2048 6226/6224/2048
f 6230/6228/2051 6227/6229/2050 6228/6226/2050
f 6232/6230/2052 6229/6231/2053 6230/6228/2051
f 6234/6232/2054 6231/6233/2052 6232/6230/2052
f 6236/6234/2055 6233/6235/2054 6234/6232/2054
f 6238/6236/2056 6235/6237/2055 6236/6234/2055
f 6240/6238/2057 6237/6239/2056 6238/6236/2056
f 6242/6240/2058 6239/6241/2057 6240/6238/2057
f 6244/6242/2059 6241/6243/2058 6242/6240/2058
f 6246/6244/2060 6243/6245/2061 6244/6242/2059
f 6248/6246/2062 6245/6247/2060 6246/6244/2060
f 6250/6248/2063 6247/6249/2062 6248/6246/2062
f 6252/6250/2064 6249/6251/2063 6250/6248/2063
f 6254/6252/2065 6251/6253/2064 6252/6250/2064
f 6256/6254/1004 6253/6255/2065 6254/6252/2065
f 6258/6256/2066 6255/6257/2067 6256/6254/1004
f 6260/6258/2068 6257/6259/2066 6258/6256/2066
f 6262/6260/2069 6259/6261/2068 6260/6258/2068
f 6264/6262/2070 6261/6263/2069 6262/6260/2069
f 6266/6264/2071 6263/6265/2070 6264/6262/2070
f 6268/6266/2072 6265/6267/2071 6266/6264/2071
f 6270/6268/2073 6267/6269/2074 6268/6266/2072
f 6272/6270/2075 6269/6271/2073 6270/6268/2073
f 6274/6272/2076 6271/6273/2075 6272/6270/2075
f 6276/6274/2077 6273/6275/2076 6274/6272/2076
f 6278/6276/2078 6275/6277/2079 6276/6274/2077
f 6280/6278/2080 6277/6279/2078 6278/6276/2078
f 6282/6280/2081 6279/6281/2082 6280/6278/2080
f 6284/6282/2083 6281/6283/2081 6282/6280/2081
f 6286/6284/2084 6283/6285/2083 6284/6282/2083
f 6288/6286/526 6285/6287/2084 6286/6284/2084
f 6290/6288/2085 6287/6289/2086 6288/6286/526
f 6292/6290/2087 6289/6291/2085 6290/6288/2085
f 6294/6292/2088 6291/6293/2087 6292/6290/2087
f 6296/6294/2089 6293/6295/2090 6294/6292/2088
f 6298/6296/2091 6295/6297/2089 6296/6294/2089
f 6300/6298/2092 6297/6299/2093 6298/6296/2091
f 6302/6300/2094 6299/6301/2095 6300/6298/2092
f 6304/6302/2096 6301/6303/2097 6302/6300/2094
f 6306/6304/2098 6303/6305/2096 6304/6302/2096
f 6308/6306/2099 6305/6307/2100 6306/6304/2098
f 6310/6308/2101 6307/6309/2099 6308/6306/2099
f 6312/6310/2102 6309/6311/2103 6310/6308/2101
f 6314/6312/2104 6311/6313/192 6312/6310/2102
f 6316/6314/2105 6313/6315/2104 6314/6312/2104
f 6318/6316/2106 6315/6317/2105 6316/6314/2105
f 6320/6318/2107 6317/6319/2108 6318/6316/2106
f 6322/6320/1026 6319/6321/2107 6320/6318/2107
f 6324/6322/2109 6321/6323/2110 6322/6320/1026
f 6326/6324/2111 6323/6325/2112 6324/6322/2109
f 6328/6326/2113 6325/6327/2111 6326/6324/2111
f 6330/6328/2114 6327/6329/2113 6328/6326/2113
f 6332/6330/2115 6329/6331/2116 6330/6328/2114
f 6334/6332/2117 6331/6333/2118 6332/6330/2115
f 6336/6334/2119 6333/6335/2120 6334/6332/2117
f 6338/6336/2121 6335/6337/2122 6336/6334/2119
f 6340/6338/2123 6337/6339/2121 6338/6336/2121
f 6342/6340/2124 6339/6341/2123 6340/6338/2123
f 6344/6342/2125 6341/6343/2124 6342/6340/2124
f 6346/6344/2126 6343/6345/1643 6344/6342/2125
f 6348/6346/2127 6345/6347/2126 6346/6344/2126
f 6350/6348/2128 6347/6349/2127 6348/6346/2127
f 6352/6350/2129 6349/6351/2130 6350/6348/2128
f 6354/6352/2131 6351/6353/2129 6352/6350/2129
f 6356/6354/2132 6353/6355/2131 6354/6352/2131
f 6358/6356/2133 6355/6357/2132 6356/6354/2132
f 6360/6358/2134 6357/6359/2133 6358/6356/2133
f 6362/6360/2135 6359/6361/2136 6360/6358/2134
f 6364/6362/2137 6361/6363/2138 6362/6360/2135
f 6366/6364/2139 6363/6365/2140 6364/6362/2137
f 6368/6366/2141 6365/6367/2139 6366/6364/2139
f 6370/6368/2142 6367/6369/2143 6368/6366/2141
f 6372/6370/1606 6369/6371/2144 6370/6368/2142
f 6374/6372/2145 6371/6373/1606 6372/6370/1606
f 6376/6374/2146 6373/6375/2145 6374/6372/2145
f 6378/6376/2147 6375/6377/2148 6376/6374/2146
f 6380/6378/2149 6377/6379/2150 6378/6376/2147
f 6382/6380/2151 6379/6381/2152 6380/6378/2149
f 6384/6382/2153 6381/6383/2154 6382/6380/2151
f 6386/6384/2155 6383/6385/2156 6384/6382/2153
f 6388/6386/2157 6385/6387/2158 6386/6384/2155
f 6390/6388/2159 6387/6389/2160 6388/6386/2157
f 6392/6390/2161 6389/6391/2162 6390/6388/2159
f 6394/6392/2163 6391/6393/2161 6392/6390/2161
f 6396/6394/2164 6393/6395/2165 6394/6392/2163
f 6398/6396/2166 6395/6397/2164 6396/6394/2164
f 6400/6398/2167 6397/6399/2166 6398/6396/2166
f 6402/6400/1963 6399/6401/2167 6400/6398/2167
f 6404/6402/2168 6401/6403/2169 6402/6400/1963
f 6406/6404/2170 6403/6405/2168 6404/6402/2168
f 6408/6406/2171 6405/6407/2172 6406/6404/2170
f 6410/6408/2173 6407/6409/2171 6408/6406/2171
f 6412/6410/2174 6409/6411/2173 6410/6408/2173
f 6414/6412/2175 6411/6413/2176 6412/6410/2174
f 6416/6414/2177 6413/6415/2175 6414/6412/2175
f 6418/6416/2178 6415/6417/2179 6416/6414/2177
f 6420/6418/2180 6417/6419/2181 6418/6416/2178
f 6422/6420/2182 6419/6421/2183 6420/6418/2180
f 6424/6422/2184 6421/6423/2182 6422/6420/2182
f 6426/6424/2185 6423/6425/2184 6424/6422/2184
f 6428/6426/2186 6425/6427/2185 6426/6424/2185
f 6430/6428/2187 6427/6429/2188 6428/6426/2186
f 6432/6430/2189 6429/6431/2187 6430/6428/2187
f 6434/6432/2190 6431/6433/2191 6432/6430/2189
f 6436/6434/2192 6433/6435/2190 6434/6432/2190
f 6438/6436/2193 6435/6437/2192 6436/6434/2192
f 6440/6438/2194 6437/6439/2195 6438/6436/2193
f 6442/6440/2196 6439/6441/2194 6440/6438/2194
f 6444/6442/2197 6441/6443/2198 6442/6440/2196
f 6446/6444/2199 6443/6445/2200 6444/6442/2197
f 6448/6446/2201 6445/6447/2202 6446/6444/2199
f 6450/6448/2203 6447/6449/2204 6448/6446/2201
f 6452/6450/2205 6449/6451/2203 6450/6448/2203
f 6454/6452/2206 6451/6453/2207 6452/6450/2205
f 6456/6454/2208 6453/6455/2206 6454/6452/2206
f 6458/6456/2209 6455/6457/2208 6456/6454/2208
f 6460/6458/2210 6457/6459/2209 6458/6456/2209
f 6462/6460/2211 6459/6461/2210 6460/6458/2210
f 6464/6462/2212 6461/6463/2213 6462/6460/2211
f 6466/6464/2214 6463/6465/2215 6464/6462/2212
f 6468/6466/2216 6465/6467/2217 6466/6464/2214
f 6470/6468/2218 6467/6469/2216 6468/6466/2216
f 6472/6470/2219 6469/6471/2220 6470/6468/2218
f 6474/6472/2221 6471/6473/2222 6472/6470/2219
f 6476/6474/2223 6473/6475/2224 6474/6472/2221
f 6478/6476/2225 6475/6477/2226 6476/6474/2223
f 6480/6478/2227 6477/6479/2225 6478/6476/2225
f 6482/6480/2228 6479/6481/2229 6480/6478/2227
f 6484/6482/2230 6481/6483/2231 6482/6480/2228
f 6486/6484/2232 6483/6485/2230 6484/6482/2230
f 6488/6486/2233 6485/6487/2234 6486/6484/2232
f 6490/6488/2235 6487/6489/2236 6488/6486/2233
f 6492/6490/2237 6489/6491/2238 6490/6488/2235
f 6494/6492/2239 6491/6493/2237 6492/6490/2237
f 6496/6494/2240 6493/6495/2239 6494/6492/2239
f 6498/6496/2241 6495/6497/2240 6496/6494/2240
f 6500/6498/2242 6497/6499/2243 6498/6496/2241
f 6502/6500/2244 6499/6501/2242 6500/6498/2242
f 6504/6502/2245 6501/6503/2244 6502/6500/2244
f 5542/5543/1559 6503/6504/2245 6504/6502/2245
f 3256/3253/59 3255/3257/62 3253/3254/60
f 3258/3256/61 3257/3259/61 3255/3257/62
f 3260/3258/63 3259/3261/65 3257/3259/61
f 3262/3260/64 3261/3263/67 3259/3261/65
f 3264/3262/66 3263/3265/69 3261/3263/67
f 3266/3264/68 3265/3267/71 3263/3265/69
f 3268/3266/70 3267/3269/73 3265/3267/71
f 3270/3268/72 3269/3271/75 3267/3269/73
f 3272/3270/74 3271/3273/77 3269/3271/75
f 3274/3272/76 3273/3275/76 3271/3273/77
f 3276/3274/78 3275/3277/80 3273/3275/76
f 3278/3276/79 3277/3279/79 3275/3277/80
f 3280/3278/81 3279/3281/81 3277/3279/79
f 3282/3280/82 3281/3283/84 3279/3281/81
f 3284/3282/83 3283/3285/83 3281/3283/84
f 3286/3284/85 3285/3287/87 3283/3285/83
f 3288/3286/86 3287/3289/89 3285/3287/87
f 3290/3288/88 3289/3291/91 3287/3289/89
f 3292/3290/90 3291/3293/93 3289/3291/91
f 3294/3292/92 3293/3295/95 3291/3293/93
f 3296/3294/94 3295/3297/94 3293/3295/95
f 3298/3296/96 3297/3299/96 3295/3297/94
f 3300/3298/97 3299/3301/99 3297/3299/96
f 3302/3300/98 3301/3303/101 3299/3301/99
f 3304/3302/100 3303/3305/103 3301/3303/101
f 3306/3304/102 3305/3307/105 3303/3305/103
f 3308/3306/104 3307/3309/104 3305/3307/105
f 3310/3308/106 3309/3311/106 3307/3309/104
f 3312/3310/107 3311/3313/107 3309/3311/106
f 3314/3312/108 3313/3315/110 3311/3313/107
f 3316/3314/109 3315/3317/112 3313/3315/110
f 3318/3316/111 3317/3319/111 3315/3317/112
f 3320/3318/113 3319/3321/113 3317/3319/111
f 3322/3320/114 3321/3323/116 3319/3321/113
f 3324/3322/115 3323/3325/118 3321/3323/116
f 3326/3324/117 3325/3327/117 3323/3325/118
f 3328/3326/119 3327/3329/119 3325/3327/117
f 3330/3328/120 3329/3331/122 3327/3329/119
f 3332/3330/121 3331/3333/121 3329/3331/122
f 3334/3332/123 3333/3335/123 3331/3333/121
f 3336/3334/124 3335/3337/126 3333/3335/123
f 3338/3336/125 3337/3339/125 3335/3337/126
f 3340/3338/127 3339/3341/127 3337/3339/125
f 3342/3340/128 3341/3343/128 3339/3341/127
f 3344/3342/129 3343/3345/129 3341/3343/128
f 3346/3344/130 3345/3347/130 3343/3345/129
f 3348/3346/131 3347/3349/131 3345/3347/130
f 3350/3348/132 3349/3351/132 3347/3349/131
f 3352/3350/133 3351/3353/133 3349/3351/132
f 3354/3352/134 3353/3355/134 3351/3353/133
f 3356/3354/135 3355/3357/135 3353/3355/134
f 3358/3356/136 3357/3359/138 3355/3357/135
f 3360/3358/137 3359/3361/140 3357/3359/138
f 3362/3360/139 3361/3363/142 3359/3361/140
f 3364/3362/141 3363/3365/141 3361/3363/142
f 3366/3364/143 3365/3367/143 3363/3365/141
f 3368/3366/144 3367/3369/144 3365/3367/143
f 3370/3368/145 3369/3371/147 3367/3369/144
f 3372/3370/146 3371/3373/149 3369/3371/147
f 3374/3372/148 3373/3375/151 3371/3373/149
f 3376/3374/150 3375/3377/153 3373/3375/151
f 3378/3376/152 3377/3379/155 3375/3377/153
f 3380/3378/154 3379/3381/157 3377/3379/155
f 3382/3380/156 3381/3383/156 3379/3381/157
f 3384/3382/158 3383/3385/158 3381/3383/156
f 3386/3384/159 3385/3387/161 3383/3385/158
f 3388/3386/160 3387/3389/163 3385/3387/161
f 3390/3388/162 3389/3391/165 3387/3389/163
f 3392/3390/164 3391/3393/167 3389/3391/165
f 3394/3392/166 3393/3395/169 3391/3393/167
f 3396/3394/168 3395/3397/168 3393/3395/169
f 3398/3396/170 3397/3399/172 3395/3397/168
f 3400/3398/171 3399/3401/174 3397/3399/172
f 3402/3400/173 3401/3403/176 3399/3401/174
f 3404/3402/175 3403/3405/178 3401/3403/176
f 3406/3404/177 3405/3407/177 3403/3405/178
f 3408/3406/179 3407/3409/181 3405/3407/177
f 3410/3408/180 3409/3411/183 3407/3409/181
f 3412/3410/182 3411/3413/185 3409/3411/183
f 3414/3412/184 3413/3415/184 3411/3413/185
f 3416/3414/186 3415/3417/188 3413/3415/184
f 3418/3416/187 3417/3419/187 3415/3417/188
f 3420/3418/189 3419/3421/191 3417/3419/187
f 3422/3420/190 3421/3423/193 3419/3421/191
f 3424/3422/192 3423/3425/195 3421/3423/193
f 3426/3424/194 3425/3427/197 3423/3425/195
f 3428/3426/196 3427/3429/199 3425/3427/197
f 3430/3428/198 3429/3431/201 3427/3429/199
f 3432/3430/200 3431/3433/200 3429/3431/201
f 3434/3432/202 3433/3435/204 3431/3433/200
f 3436/3434/203 3435/3437/206 3433/3435/204
f 3438/3436/205 3437/3439/208 3435/3437/206
f 3440/3438/207 3439/3441/210 3437/3439/208
f 3442/3440/209 3441/3443/212 3439/3441/210
f 3444/3442/211 3443/3445/214 3441/3443/212
f 3446/3444/213 3445/3447/216 3443/3445/214
f 3448/3446/215 3447/3449/215 3445/3447/216
f 3450/3448/217 3449/3450/217 3447/3449/215
f 3254/3255/60 3253/3254/60 3449/3450/217
f 3454/3451/218 3453/3455/218 3451/3452/219
f 3456/3454/220 3455/3457/220 3453/3455/218
f 3458/3456/221 3457/3459/221 3455/3457/220
f 3460/3458/222 3459/3461/222 3457/3459/221
f 3462/3460/223 3461/3463/223 3459/3461/222
f 3464/3462/224 3463/3465/224 3461/3463/223
f 3466/3464/225 3465/3467/225 3463/3465/224
f 3468/3466/226 3467/3469/226 3465/3467/225
f 3470/3468/227 3469/3471/227 3467/3469/226
f 3472/3470/228 3471/3473/230 3469/3471/227
f 3474/3472/229 3473/3475/232 3471/3473/230
f 3476/3474/231 3475/3477/231 3473/3475/232
f 3478/3476/233 3477/3479/233 3475/3477/231
f 3480/3478/234 3479/3481/234 3477/3479/233
f 3482/3480/235 3481/3483/235 3479/3481/234
f 3484/3482/236 3483/3485/236 3481/3483/235
f 3486/3484/237 3485/3487/239 3483/3485/236
f 3488/3486/238 3487/3489/241 3485/3487/239
f 3490/3488/240 3489/3491/240 3487/3489/241
f 3492/3490/242 3491/3493/244 3489/3491/240
f 3494/3492/243 3493/3495/246 3491/3493/244
f 3496/3494/245 3495/3497/248 3493/3495/246
f 3498/3496/247 3497/3499/250 3495/3497/248
f 3500/3498/249 3499/3501/249 3497/3499/250
f 3502/3500/251 3501/3503/253 3499/3501/249
f 3504/3502/252 3503/3505/252 3501/3503/253
f 3506/3504/254 3505/3507/254 3503/3505/252
f 3508/3506/255 3507/3509/256 3505/3507/254
f 3510/3508/121 3509/3511/258 3507/3509/256
f 3512/3510/257 3511/3513/260 3509/3511/258
f 3514/3512/259 3513/3515/262 3511/3513/260
f 3516/3514/261 3515/3517/264 3513/3515/262
f 3518/3516/263 3517/3519/263 3515/3517/264
f 3520/3518/265 3519/3521/265 3517/3519/263
f 3522/3520/266 3521/3523/266 3519/3521/265
f 3524/3522/267 3523/3525/267 3521/3523/266
f 3526/3524/268 3525/3527/268 3523/3525/267
f 3528/3526/269 3527/3529/269 3525/3527/268
f 3530/3528/270 3529/3531/270 3527/3529/269
f 3532/3530/271 3531/3533/271 3529/3531/270
f 3534/3532/272 3533/3535/272 3531/3533/271
f 3536/3534/273 3535/3537/273 3533/3535/272
f 3538/3536/274 3537/3539/276 3535/3537/273
f 3540/3538/275 3539/3541/275 3537/3539/276
f 3542/3540/277 3541/3543/279 3539/3541/275
f 3544/3542/278 3543/3545/278 3541/3543/279
f 3546/3544/280 3545/3547/280 3543/3545/278
f 3548/3546/281 3547/3549/281 3545/3547/280
f 3550/3548/282 3549/3551/282 3547/3549/281
f 3552/3550/283 3551/3553/283 3549/3551/282
f 3554/3552/284 3553/3555/286 3551/3553/283
f 3556/3554/285 3555/3557/285 3553/3555/286
f 3558/3556/287 3557/3559/287 3555/3557/285
f 3560/3558/288 3559/3561/288 3557/3559/287
f 3562/3560/289 3561/3563/289 3559/3561/288
f 3564/3562/290 3563/3565/290 3561/3563/289
f 3566/3564/291 3565/3567/293 3563/3565/290
f 3568/3566/292 3567/3569/292 3565/3567/293
f 3570/3568/294 3569/3571/296 3567/3569/292
f 3572/3570/295 3571/3573/298 3569/3571/296
f 3574/3572/297 3573/3575/300 3571/3573/298
f 3576/3574/299 3575/3577/302 3573/3575/300
f 3578/3576/301 3577/3579/304 3575/3577/302
f 3580/3578/303 3579/3581/306 3577/3579/304
f 3582/3580/305 3581/3583/308 3579/3581/306
f 3584/3582/307 3583/3585/310 3581/3583/308
f 3586/3584/309 3585/3587/312 3583/3585/310
f 3588/3586/311 3587/3589/314 3585/3587/312
f 3590/3588/313 3589/3591/313 3587/3589/314
f 3592/3590/315 3591/3593/187 3589/3591/313
f 3594/3592/316 3593/3595/316 3591/3593/187
f 3596/3594/317 3595/3597/319 3593/3595/316
f 3598/3596/318 3597/3599/321 3595/3597/319
f 3600/3598/320 3599/3601/323 3597/3599/321
f 3602/3600/322 3601/3603/198 3599/3601/323
f 3604/3602/324 3603/3605/326 3601/3603/198
f 3606/3604/325 3605/3607/328 3603/3605/326
f 3608/3606/327 3607/3609/327 3605/3607/328
f 3610/3608/329 3609/3611/331 3607/3609/327
f 3612/3610/330 3611/3613/332 3609/3611/331
f 3614/3612/210 3613/3615/334 3611/3613/332
f 3616/3614/333 3615/3617/336 3613/3615/334
f 3618/3616/335 3617/3619/338 3615/3617/336
f 3620/3618/337 3619/3621/340 3617/3619/338
f 3622/3620/339 3621/3623/342 3619/3621/340
f 3624/3622/341 3623/3624/343 3621/3623/342
f 3452/3453/219 3451/3452/219 3623/3624/343
f 3628/3625/344 3627/3629/348 3625/3626/345
f 3630/3628/347 3629/3631/347 3627/3629/348
f 3632/3630/349 3631/3633/349 3629/3631/347
f 3634/3632/350 3633/3635/350 3631/3633/349
f 3636/3634/351 3635/3637/351 3633/3635/350
f 3638/3636/352 3637/3639/352 3635/3637/351
f 3640/3638/353 3639/3641/353 3637/3639/352
f 3642/3640/354 3641/3643/354 3639/3641/353
f 3644/3642/355 3643/3645/355 3641/3643/354
f 3646/3644/356 3645/3647/356 3643/3645/355
f 3648/3646/357 3647/3649/357 3645/3647/356
f 3650/3648/358 3649/3651/358 3647/3649/357
f 3652/3650/359 3651/3653/359 3649/3651/358
f 3654/3652/360 3653/3655/360 3651/3653/359
f 3656/3654/361 3655/3657/361 3653/3655/360
f 3658/3656/362 3657/3659/362 3655/3657/361
f 3660/3658/363 3659/3661/363 3657/3659/362
f 3662/3660/364 3661/3663/364 3659/3661/363
f 3664/3662/365 3663/3665/365 3661/3663/364
f 3666/3664/366 3665/3667/366 3663/3665/365
f 3668/3666/367 3667/3669/367 3665/3667/366
f 3670/3668/368 3669/3671/368 3667/3669/367
f 3672/3670/369 3671/3673/369 3669/3671/368
f 3674/3672/370 3673/3675/370 3671/3673/369
f 3676/3674/371 3675/3677/373 3673/3675/370
f 3678/3676/372 3677/3679/375 3675/3677/373
f 3680/3678/374 3679/3681/374 3677/3679/375
f 3682/3680/376 3681/3683/378 3679/3681/374
f 3684/3682/377 3683/3685/377 3681/3683/378
f 3686/3684/379 3685/3687/379 3683/3685/377
f 3688/3686/380 3687/3689/380 3685/3687/379
f 3690/3688/381 3689/3691/381 3687/3689/380
f 3692/3690/382 3691/3693/382 3689/3691/381
f 3694/3692/383 3693/3695/383 3691/3693/382
f 3696/3694/384 3695/3697/384 3693/3695/383
f 3698/3696/385 3697/3699/387 3695/3697/384
f 3700/3698/386 3699/3701/386 3697/3699/387
f 3702/3700/388 3701/3703/390 3699/3701/386
f 3704/3702/389 3703/3705/392 3701/3703/390
f 3706/3704/391 3705/3707/394 3703/3705/392
f 3708/3706/393 3707/3709/396 3705/3707/394
f 3710/3708/395 3709/3711/395 3707/3709/396
f 3712/3710/397 3711/3713/397 3709/3711/395
f 3714/3712/398 3713/3715/400 3711/3713/397
f 3716/3714/399 3715/3717/402 3713/3715/400
f 3718/3716/401 3717/3719/404 3715/3717/402
f 3720/3718/403 3719/3721/406 3717/3719/404
f 3722/3720/405 3721/3723/408 3719/3721/406
f 3724/3722/407 3723/3725/410 3721/3723/408
f 3726/3724/409 3725/3727/409 3723/3725/410
f 3728/3726/411 3727/3729/413 3725/3727/409
f 3730/3728/412 3729/3731/412 3727/3729/413
f 3732/3730/414 3731/3733/416 3729/3731/412
f 3734/3732/415 3733/3735/418 3731/3733/416
f 3736/3734/417 3735/3737/420 3733/3735/418
f 3738/3736/419 3737/3739/422 3735/3737/420
f 3740/3738/421 3739/3741/424 3737/3739/422
f 3742/3740/423 3741/3743/426 3739/3741/424
f 3744/3742/425 3743/3745/425 3741/3743/426
f 3746/3744/427 3745/3747/429 3743/3745/425
f 3748/3746/428 3747/3749/431 3745/3747/429
f 3750/3748/430 3749/3751/433 3747/3749/431
f 3752/3750/432 3751/3753/435 3749/3751/433
f 3754/3752/434 3753/3755/437 3751/3753/435
f 3756/3754/436 3755/3757/436 3753/3755/437
f 3758/3756/438 3757/3759/440 3755/3757/436
f 3760/3758/439 3759/3761/442 3757/3759/440
f 3762/3760/441 3761/3763/441 3759/3761/442
f 3764/3762/443 3763/3765/445 3761/3763/441
f 3766/3764/444 3765/3767/447 3763/3765/445
f 3768/3766/446 3767/3769/449 3765/3767/447
f 3770/3768/448 3769/3771/451 3767/3769/449
f 3772/3770/450 3771/3773/453 3769/3771/451
f 3774/3772/452 3773/3775/452 3771/3773/453
f 3776/3774/454 3775/3777/454 3773/3775/452
f 3778/3776/455 3777/3779/455 3775/3777/454
f 3780/3778/456 3779/3781/456 3777/3779/455
f 3782/3780/457 3781/3783/459 3779/3781/456
f 3784/3782/458 3783/3785/458 3781/3783/459
f 3786/3784/460 3785/3787/460 3783/3785/458
f 3788/3786/461 3787/3789/463 3785/3787/460
f 3790/3788/462 3789/3791/462 3787/3789/463
f 3792/3790/464 3791/3793/464 3789/3791/462
f 3794/3792/465 3793/3795/465 3791/3793/464
f 3796/3794/466 3795/3797/466 3793/3795/465
f 3798/3796/467 3797/3799/467 3795/3797/466
f 3800/3798/468 3799/3801/468 3797/3799/467
f 3802/3800/469 3801/3803/469 3799/3801/468
f 3804/3802/470 3803/3805/470 3801/3803/469
f 3806/3804/471 3805/3807/471 3803/3805/470
f 3808/3806/472 3807/3809/472 3805/3807/471
f 3810/3808/473 3809/3811/473 3807/3809/472
f 3812/3810/474 3811/3813/474 3809/3811/473
f 3814/3812/475 3813/3815/475 3811/3813/474
f 3816/3814/476 3815/3817/476 3813/3815/475
f 3818/3816/477 3817/3819/477 3815/3817/476
f 3820/3818/478 3819/3821/478 3817/3819/477
f 3822/3820/479 3821/3823/479 3819/3821/478
f 3824/3822/480 3823/3825/480 3821/3823/479
f 3826/3824/481 3825/3827/481 3823/3825/480
f 3828/3826/482 3827/3829/482 3825/3827/481
f 3830/3828/483 3829/3831/483 3827/3829/482
f 3832/3830/484 3831/3833/484 3829/3831/483
f 3834/3832/485 3833/3835/487 3831/3833/484
f 3836/3834/486 3835/3837/489 3833/3835/487
f 3838/3836/488 3837/3839/491 3835/3837/489
f 3840/3838/490 3839/3841/490 3837/3839/491
f 3842/3840/492 3841/3843/492 3839/3841/490
f 3844/3842/493 3843/3845/495 3841/3843/492
f 3846/3844/494 3845/3847/494 3843/3845/495
f 3848/3846/496 3847/3849/496 3845/3847/494
f 3850/3848/497 3849/3851/499 3847/3849/496
f 3852/3850/498 3851/3853/501 3849/3851/499
f 3854/3852/500 3853/3855/500 3851/3853/501
f 3856/3854/502 3855/3857/502 3853/3855/500
f 3858/3856/503 3857/3859/505 3855/3857/502
f 3860/3858/504 3859/3861/504 3857/3859/505
f 3862/3860/506 3861/3863/508 3859/3861/504
f 3864/3862/507 3863/3865/510 3861/3863/508
f 3866/3864/509 3865/3867/512 3863/3865/510
f 3868/3866/511 3867/3869/514 3865/3867/512
f 3870/3868/513 3869/3871/513 3867/3869/514
f 3872/3870/515 3871/3873/515 3869/3871/513
f 3874/3872/516 3873/3875/516 3871/3873/515
f 3876/3874/517 3875/3877/517 3873/3875/516
f 3878/3876/518 3877/3879/518 3875/3877/517
f 3880/3878/519 3879/3881/519 3877/3879/518
f 3882/3880/520 3881/3883/520 3879/3881/519
f 3884/3882/521 3883/3885/521 3881/3883/520
f 3886/3884/522 3885/3887/524 3883/3885/521
f 3888/3886/523 3887/3889/523 3885/3887/524
f 3890/3888/525 3889/3891/525 3887/3889/523
f 3892/3890/526 3891/3893/526 3889/3891/525
f 3894/3892/527 3893/3895/529 3891/3893/526
f 3896/3894/528 3895/3897/528 3893/3895/529
f 3898/3896/530 3897/3899/530 3895/3897/528
f 3900/3898/531 3899/3901/531 3897/3899/530
f 3902/3900/532 3901/3903/532 3899/3901/531
f 3904/3902/533 3903/3905/535 3901/3903/532
f 3906/3904/534 3905/3907/534 3903/3905/535
f 3908/3906/536 3907/3909/536 3905/3907/534
f 3910/3908/537 3909/3911/539 3907/3909/536
f 3912/3910/538 3911/3913/538 3909/3911/539
f 3914/3912/540 3913/3915/542 3911/3913/538
f 3916/3914/541 3915/3917/544 3913/3915/542
f 3918/3916/543 3917/3919/543 3915/3917/544
f 3920/3918/545 3919/3921/547 3917/3919/543
f 3922/3920/546 3921/3923/549 3919/3921/547
f 3924/3922/548 3923/3925/548 3921/3923/549
f 3926/3924/550 3925/3927/552 3923/3925/548
f 3928/3926/551 3927/3929/554 3925/3927/552
f 3930/3928/553 3929/3931/556 3927/3929/554
f 3932/3930/555 3931/3933/558 3929/3931/556
f 3934/3932/557 3933/3935/557 3931/3933/558
f 3936/3934/559 3935/3937/559 3933/3935/557
f 3938/3936/560 3937/3939/560 3935/3937/559
f 3940/3938/561 3939/3941/561 3937/3939/560
f 3942/3940/562 3941/3943/564 3939/3941/561
f 3944/3942/563 3943/3945/566 3941/3943/564
f 3946/3944/565 3945/3947/568 3943/3945/566
f 3948/3946/567 3947/3949/567 3945/3947/568
f 3950/3948/569 3949/3951/571 3947/3949/567
f 3952/3950/570 3951/3953/573 3949/3951/571
f 3954/3952/572 3953/3955/572 3951/3953/573
f 3956/3954/574 3955/3957/576 3953/3955/572
f 3958/3956/575 3957/3959/578 3955/3957/576
f 3960/3958/577 3959/3961/580 3957/3959/578
f 3962/3960/579 3961/3963/579 3959/3961/580
f 3964/3962/581 3963/3965/581 3961/3963/579
f 3966/3964/582 3965/3967/582 3963/3965/581
f 3968/3966/583 3967/3968/584 3965/3967/582
f 3626/3627/346 3625/3626/345 3967/3968/584
f 3972/3969/585 3971/3973/589 3969/3970/586
f 3974/3972/588 3973/3975/588 3971/3973/589
f 3976/3974/590 3975/3977/590 3973/3975/588
f 3978/3976/591 3977/3979/593 3975/3977/590
f 3980/3978/592 3979/3981/592 3977/3979/593
f 3982/3980/594 3981/3983/596 3979/3981/592
f 3984/3982/595 3983/3985/595 3981/3983/596
f 3986/3984/597 3985/3987/597 3983/3985/595
f 3988/3986/598 3987/3989/600 3985/3987/597
f 3990/3988/599 3989/3991/599 3987/3989/600
f 3992/3990/601 3991/3993/601 3989/3991/599
f 3994/3992/602 3993/3995/602 3991/3993/601
f 3996/3994/603 3995/3997/603 3993/3995/602
f 3998/3996/604 3997/3999/604 3995/3997/603
f 4000/3998/605 3999/4001/605 3997/3999/604
f 4002/4000/606 4001/4003/608 3999/4001/605
f 4004/4002/607 4003/4005/610 4001/4003/608
f 4006/4004/609 4005/4007/609 4003/4005/610
f 4008/4006/611 4007/4009/613 4005/4007/609
f 4010/4008/612 4009/4011/615 4007/4009/613
f 4012/4010/614 4011/4013/614 4009/4011/615
f 4014/4012/616 4013/4015/616 4011/4013/614
f 4016/4014/617 4015/4017/617 4013/4015/616
f 4018/4016/618 4017/4019/620 4015/4017/617
f 4020/4018/619 4019/4021/619 4017/4019/620
f 4022/4020/621 4021/4023/621 4019/4021/619
f 4024/4022/622 4023/4025/622 4021/4023/621
f 4026/4024/623 4025/4027/625 4023/4025/622
f 4028/4026/624 4027/4029/624 4025/4027/625
f 4030/4028/626 4029/4031/628 4027/4029/624
f 4032/4030/627 4031/4033/630 4029/4031/628
f 4034/4032/629 4033/4035/629 4031/4033/630
f 4036/4034/631 4035/4037/631 4033/4035/629
f 4038/4036/632 4037/4039/632 4035/4037/631
f 4040/4038/633 4039/4041/633 4037/4039/632
f 4042/4040/634 4041/4043/634 4039/4041/633
f 4044/4042/635 4043/4045/635 4041/4043/634
f 4046/4044/636 4045/4047/636 4043/4045/635
f 4048/4046/637 4047/4049/639 4045/4047/636
f 4050/4048/638 4049/4051/641 4047/4049/639
f 4052/4050/640 4051/4053/640 4049/4051/641
f 4054/4052/642 4053/4055/642 4051/4053/640
f 4056/4054/643 4055/4057/643 4053/4055/642
f 4058/4056/644 4057/4059/644 4055/4057/643
f 4060/4058/645 4059/4061/647 4057/4059/644
f 4062/4060/646 4061/4063/649 4059/4061/647
f 4064/4062/648 4063/4065/648 4061/4063/649
f 4066/4064/650 4065/4067/650 4063/4065/648
f 4068/4066/651 4067/4069/653 4065/4067/650
f 4070/4068/652 4069/4071/655 4067/4069/653
f 4072/4070/654 4071/4073/654 4069/4071/655
f 4074/4072/656 4073/4075/658 4071/4073/654
f 4076/4074/657 4075/4077/657 4073/4075/658
f 4078/4076/659 4077/4079/661 4075/4077/657
f 4080/4078/660 4079/4081/663 4077/4079/661
f 4082/4080/662 4081/4083/662 4079/4081/663
f 4084/4082/664 4083/4085/664 4081/4083/662
f 4086/4084/665 4085/4087/667 4083/4085/664
f 4088/4086/666 4087/4089/666 4085/4087/667
f 4090/4088/668 4089/4091/668 4087/4089/666
f 4092/4090/669 4091/4093/669 4089/4091/668
f 4094/4092/670 4093/4095/670 4091/4093/669
f 4096/4094/671 4095/4097/671 4093/4095/670
f 4098/4096/672 4097/4099/672 4095/4097/671
f 4100/4098/673 4099/4101/673 4097/4099/672
f 4102/4100/674 4101/4103/674 4099/4101/673
f 4104/4102/675 4103/4105/675 4101/4103/674
f 4106/4104/676 4105/4107/676 4103/4105/675
f 4108/4106/677 4107/4109/677 4105/4107/676
f 4110/4108/678 4109/4111/678 4107/4109/677
f 4112/4110/679 4111/4113/679 4109/4111/678
f 4114/4112/680 4113/4115/682 4111/4113/679
f 4116/4114/681 4115/4117/681 4113/4115/682
f 4118/4116/683 4117/4119/683 4115/4117/681
f 4120/4118/684 4119/4121/684 4117/4119/683
f 4122/4120/685 4121/4123/685 4119/4121/684
f 4124/4122/686 4123/4125/686 4121/4123/685
f 4126/4124/687 4125/4127/687 4123/4125/686
f 4128/4126/688 4127/4129/688 4125/4127/687
f 4130/4128/689 4129/4131/689 4127/4129/688
f 4132/4130/690 4131/4133/690 4129/4131/689
f 4134/4132/691 4133/4135/691 4131/4133/690
f 4136/4134/692 4135/4137/692 4133/4135/691
f 4138/4136/693 4137/4139/693 4135/4137/692
f 4140/4138/694 4139/4141/694 4137/4139/693
f 4142/4140/695 4141/4143/695 4139/4141/694
f 4144/4142/696 4143/4145/696 4141/4143/695
f 4146/4144/697 4145/4147/697 4143/4145/696
f 4148/4146/698 4147/4149/698 4145/4147/697
f 4150/4148/699 4149/4151/699 4147/4149/698
f 4152/4150/700 4151/4153/702 4149/4151/699
f 4154/4152/701 4153/4155/704 4151/4153/702
f 4156/4154/703 4155/4157/703 4153/4155/704
f 4158/4156/705 4157/4159/705 4155/4157/703
f 4160/4158/706 4159/4161/708 4157/4159/705
f 4162/4160/707 4161/4163/707 4159/4161/708
f 4164/4162/709 4163/4165/709 4161/4163/707
f 4166/4164/710 4165/4167/710 4163/4165/709
f 4168/4166/711 4167/4169/711 4165/4167/710
f 4170/4168/712 4169/4171/712 4167/4169/711
f 4172/4170/713 4171/4173/713 4169/4171/712
f 4174/4172/714 4173/4175/714 4171/4173/713
f 4176/4174/715 4175/4177/715 4173/4175/714
f 4178/4176/716 4177/4179/716 4175/4177/715
f 4180/4178/717 4179/4181/719 4177/4179/716
f 4182/4180/718 4181/4183/721 4179/4181/719
f 4184/4182/720 4183/4185/723 4181/4183/721
f 4186/4184/722 4185/4187/725 4183/4185/723
f 4188/4186/724 4187/4189/724 4185/4187/725
f 4190/4188/726 4189/4191/726 4187/4189/724
f 4192/4190/727 4191/4193/729 4189/4191/726
f 4194/4192/728 4193/4195/731 4191/4193/729
f 4196/4194/730 4195/4197/733 4193/4195/731
f 4198/4196/732 4197/4199/732 4195/4197/733
f 4200/4198/734 4199/4201/736 4197/4199/732
f 4202/4200/735 4201/4203/735 4199/4201/736
f 4204/4202/737 4203/4205/737 4201/4203/735
f 4206/4204/738 4205/4207/738 4203/4205/737
f 4208/4206/739 4207/4209/741 4205/4207/738
f 4210/4208/740 4209/4211/743 4207/4209/741
f 4212/4210/742 4211/4213/745 4209/4211/743
f 4214/4212/744 4213/4215/747 4211/4213/745
f 4216/4214/746 4215/4217/749 4213/4215/747
f 4218/4216/748 4217/4219/751 4215/4217/749
f 4220/4218/750 4219/4221/753 4217/4219/751
f 4222/4220/752 4221/4223/755 4219/4221/753
f 4224/4222/754 4223/4225/754 4221/4223/755
f 4226/4224/756 4225/4227/756 4223/4225/754
f 4228/4226/757 4227/4229/759 4225/4227/756
f 4230/4228/758 4229/4231/758 4227/4229/759
f 4232/4230/760 4231/4233/760 4229/4231/758
f 4234/4232/761 4233/4235/763 4231/4233/760
f 4236/4234/762 4235/4237/762 4233/4235/763
f 4238/4236/764 4237/4239/764 4235/4237/762
f 4240/4238/765 4239/4241/765 4237/4239/764
f 4242/4240/766 4241/4243/766 4239/4241/765
f 4244/4242/767 4243/4245/769 4241/4243/766
f 4246/4244/768 4245/4247/771 4243/4245/769
f 4248/4246/770 4247/4249/773 4245/4247/771
f 4250/4248/772 4249/4251/775 4247/4249/773
f 4252/4250/774 4251/4253/774 4249/4251/775
f 4254/4252/776 4253/4255/776 4251/4253/774
f 4256/4254/777 4255/4257/777 4253/4255/776
f 4258/4256/778 4257/4259/778 4255/4257/777
f 4260/4258/779 4259/4261/779 4257/4259/778
f 4262/4260/780 4261/4263/780 4259/4261/779
f 4264/4262/781 4263/4265/781 4261/4263/780
f 4266/4264/782 4265/4267/782 4263/4265/781
f 4268/4266/783 4267/4269/783 4265/4267/782
f 4270/4268/784 4269/4271/784 4267/4269/783
f 4272/4270/785 4271/4273/787 4269/4271/784
f 4274/4272/786 4273/4275/789 4271/4273/787
f 4276/4274/788 4275/4277/788 4273/4275/789
f 4278/4276/790 4277/4279/790 4275/4277/788
f 4280/4278/791 4279/4281/793 4277/4279/790
f 4282/4280/792 4281/4283/792 4279/4281/793
f 4284/4282/794 4283/4285/794 4281/4283/792
f 4286/4284/795 4285/4287/797 4283/4285/794
f 4288/4286/796 4287/4289/799 4285/4287/797
f 4290/4288/798 4289/4291/798 4287/4289/799
f 4292/4290/800 4291/4293/800 4289/4291/798
f 4294/4292/801 4293/4295/801 4291/4293/800
f 4296/4294/802 4295/4297/802 4293/4295/801
f 4298/4296/803 4297/4299/803 4295/4297/802
f 4300/4298/804 4299/4301/804 4297/4299/803
f 4302/4300/805 4301/4303/805 4299/4301/804
f 4304/4302/806 4303/4305/806 4301/4303/805
f 4306/4304/807 4305/4307/807 4303/4305/806
f 4308/4306/808 4307/4309/808 4305/4307/807
f 4310/4308/809 4309/4311/811 4307/4309/808
f 4312/4310/810 4311/4313/810 4309/4311/811
f 4314/4312/812 4313/4315/814 4311/4313/810
f 4316/4314/813 4315/4317/813 4313/4315/814
f 4318/4316/815 4317/4319/815 4315/4317/813
f 4320/4318/816 4319/4321/816 4317/4319/815
f 4322/4320/817 4321/4323/817 4319/4321/816
f 4324/4322/818 4323/4325/820 4321/4323/817
f 4326/4324/819 4325/4327/819 4323/4325/820
f 4328/4326/821 4327/4329/821 4325/4327/819
f 4330/4328/822 4329/4331/822 4327/4329/821
f 4332/4330/823 4331/4333/825 4329/4331/822
f 4334/4332/824 4333/4335/824 4331/4333/825
f 4336/4334/826 4335/4337/826 4333/4335/824
f 4338/4336/827 4337/4339/827 4335/4337/826
f 4340/4338/828 4339/4341/830 4337/4339/827
f 4342/4340/829 4341/4343/829 4339/4341/830
f 4344/4342/831 4343/4345/831 4341/4343/829
f 4346/4344/832 4345/4347/832 4343/4345/831
f 4348/4346/833 4347/4349/833 4345/4347/832
f 4350/4348/834 4349/4351/834 4347/4349/833
f 4352/4350/835 4351/4353/835 4349/4351/834
f 4354/4352/836 4353/4355/838 4351/4353/835
f 4356/4354/837 4355/4357/837 4353/4355/838
f 4358/4356/839 4357/4359/839 4355/4357/837
f 4360/4358/840 4359/4361/840 4357/4359/839
f 4362/4360/841 4361/4363/841 4359/4361/840
f 4364/4362/842 4363/4365/844 4361/4363/841
f 4366/4364/843 4365/4367/843 4363/4365/844
f 4368/4366/845 4367/4369/845 4365/4367/843
f 4370/4368/846 4369/4371/846 4367/4369/845
f 4372/4370/847 4371/4373/847 4369/4371/846
f 4374/4372/848 4373/4375/848 4371/4373/847
f 4376/4374/849 4375/4377/849 4373/4375/848
f 4378/4376/850 4377/4379/850 4375/4377/849
f 4380/4378/851 4379/4381/851 4377/4379/850
f 4382/4380/852 4381/4383/852 4379/4381/851
f 4384/4382/853 4383/4385/853 4381/4383/852
f 4386/4384/854 4385/4387/854 4383/4385/853
f 4388/4386/855 4387/4389/855 4385/4387/854
f 4390/4388/856 4389/4391/856 4387/4389/855
f 4392/4390/857 4391/4393/857 4389/4391/856
f 4394/4392/858 4393/4395/858 4391/4393/857
f 4396/4394/859 4395/4397/859 4393/4395/858
f 4398/4396/860 4397/4399/860 4395/4397/859
f 4400/4398/861 4399/4400/862 4397/4399/860
f 3970/3971/587 3969/3970/586 4399/4400/862
f 4404/4401/863 4403/4405/863 4401/4402/864
f 4406/4404/865 4405/4407/865 4403/4405/863
f 4408/4406/866 4407/4409/866 4405/4407/865
f 4410/4408/867 4409/4411/867 4407/4409/866
f 4412/4410/868 4411/4413/868 4409/4411/867
f 4414/4412/869 4413/4415/869 4411/4413/868
f 4416/4414/870 4415/4417/870 4413/4415/869
f 4418/4416/871 4417/4419/871 4415/4417/870
f 4420/4418/872 4419/4421/872 4417/4419/871
f 4422/4420/873 4421/4423/873 4419/4421/872
f 4424/4422/874 4423/4425/874 4421/4423/873
f 4426/4424/875 4425/4427/877 4423/4425/874
f 4428/4426/876 4427/4429/876 4425/4427/877
f 4430/4428/878 4429/4431/878 4427/4429/876
f 4432/4430/879 4431/4433/879 4429/4431/878
f 4434/4432/880 4433/4435/882 4431/4433/879
f 4436/4434/881 4435/4437/884 4433/4435/882
f 4438/4436/883 4437/4439/883 4435/4437/884
f 4440/4438/885 4439/4441/887 4437/4439/883
f 4442/4440/886 4441/4443/889 4439/4441/887
f 4444/4442/888 4443/4445/891 4441/4443/889
f 4446/4444/890 4445/4447/893 4443/4445/891
f 4448/4446/892 4447/4449/892 4445/4447/893
f 4450/4448/894 4449/4451/894 4447/4449/892
f 4452/4450/895 4451/4453/895 4449/4451/894
f 4454/4452/896 4453/4455/896 4451/4453/895
f 4456/4454/897 4455/4457/899 4453/4455/896
f 4458/4456/898 4457/4459/898 4455/4457/899
f 4460/4458/900 4459/4461/902 4457/4459/898
f 4462/4460/901 4461/4463/901 4459/4461/902
f 4464/4462/903 4463/4465/903 4461/4463/901
f 4466/4464/904 4465/4467/906 4463/4465/903
f 4468/4466/905 4467/4469/905 4465/4467/906
f 4470/4468/907 4469/4471/909 4467/4469/905
f 4472/4470/908 4471/4473/908 4469/4471/909
f 4474/4472/910 4473/4475/910 4471/4473/908
f 4476/4474/911 4475/4477/913 4473/4475/910
f 4478/4476/912 4477/4479/912 4475/4477/913
f 4480/4478/914 4479/4481/914 4477/4479/912
f 4482/4480/915 4481/4483/915 4479/4481/914
f 4484/4482/916 4483/4485/916 4481/4483/915
f 4486/4484/917 4485/4487/917 4483/4485/916
f 4488/4486/918 4487/4489/918 4485/4487/917
f 4490/4488/919 4489/4491/919 4487/4489/918
f 4492/4490/920 4491/4493/920 4489/4491/919
f 4494/4492/921 4493/4495/921 4491/4493/920
f 4496/4494/922 4495/4497/922 4493/4495/921
f 4498/4496/923 4497/4499/923 4495/4497/922
f 4500/4498/924 4499/4501/926 4497/4499/923
f 4502/4500/925 4501/4503/925 4499/4501/926
f 4504/4502/927 4503/4505/927 4501/4503/925
f 4506/4504/928 4505/4507/928 4503/4505/927
f 4508/4506/929 4507/4509/929 4505/4507/928
f 4510/4508/930 4509/4511/930 4507/4509/929
f 4512/4510/931 4511/4513/931 4509/4511/930
f 4514/4512/932 4513/4515/932 4511/4513/931
f 4516/4514/933 4515/4517/933 4513/4515/932
f 4518/4516/934 4517/4519/934 4515/4517/933
f 4520/4518/935 4519/4521/935 4517/4519/934
f 4522/4520/936 4521/4523/936 4519/4521/935
f 4524/4522/937 4523/4525/937 4521/4523/936
f 4526/4524/938 4525/4527/938 4523/4525/937
f 4528/4526/939 4527/4529/939 4525/4527/938
f 4530/4528/940 4529/4531/940 4527/4529/939
f 4532/4530/941 4531/4533/941 4529/4531/940
f 4534/4532/942 4533/4535/942 4531/4533/941
f 4536/4534/943 4535/4537/943 4533/4535/942
f 4538/4536/944 4537/4539/944 4535/4537/943
f 4540/4538/945 4539/4541/945 4537/4539/944
f 4542/4540/946 4541/4543/946 4539/4541/945
f 4544/4542/947 4543/4545/947 4541/4543/946
f 4546/4544/948 4545/4547/948 4543/4545/947
f 4548/4546/949 4547/4549/949 4545/4547/948
f 4550/4548/950 4549/4551/950 4547/4549/949
f 4552/4550/951 4551/4553/951 4549/4551/950
f 4554/4552/952 4553/4555/954 4551/4553/951
f 4556/4554/953 4555/4557/953 4553/4555/954
f 4558/4556/955 4557/4559/955 4555/4557/953
f 4560/4558/956 4559/4561/956 4557/4559/955
f 4562/4560/957 4561/4563/957 4559/4561/956
f 4564/4562/958 4563/4565/958 4561/4563/957
f 4566/4564/959 4565/4567/959 4563/4565/958
f 4568/4566/960 4567/4569/960 4565/4567/959
f 4570/4568/961 4569/4571/961 4567/4569/960
f 4572/4570/962 4571/4573/964 4569/4571/961
f 4574/4572/963 4573/4575/963 4571/4573/964
f 4576/4574/965 4575/4577/965 4573/4575/963
f 4578/4576/966 4577/4579/966 4575/4577/965
f 4580/4578/967 4579/4581/969 4577/4579/966
f 4582/4580/968 4581/4583/968 4579/4581/969
f 4584/4582/970 4583/4585/970 4581/4583/968
f 4586/4584/971 4585/4587/971 4583/4585/970
f 4588/4586/972 4587/4589/974 4585/4587/971
f 4590/4588/973 4589/4591/973 4587/4589/974
f 4592/4590/975 4591/4593/977 4589/4591/973
f 4594/4592/976 4593/4595/979 4591/4593/977
f 4596/4594/978 4595/4597/981 4593/4595/979
f 4598/4596/980 4597/4599/980 4595/4597/981
f 4600/4598/982 4599/4601/982 4597/4599/980
f 4602/4600/983 4601/4603/983 4599/4601/982
f 4604/4602/984 4603/4605/984 4601/4603/983
f 4606/4604/985 4605/4607/985 4603/4605/984
f 4608/4606/986 4607/4609/986 4605/4607/985
f 4610/4608/987 4609/4611/987 4607/4609/986
f 4612/4610/988 4611/4613/990 4609/4611/987
f 4614/4612/989 4613/4615/989 4611/4613/990
f 4616/4614/991 4615/4617/991 4613/4615/989
f 4618/4616/992 4617/4619/992 4615/4617/991
f 4620/4618/993 4619/4621/993 4617/4619/992
f 4622/4620/994 4621/4623/994 4619/4621/993
f 4624/4622/995 4623/4625/996 4621/4623/994
f 4626/4624/380 4625/4627/380 4623/4625/996
f 4628/4626/997 4627/4629/997 4625/4627/380
f 4630/4628/998 4629/4631/1000 4627/4629/997
f 4632/4630/999 4631/4633/999 4629/4631/1000
f 4634/4632/1001 4633/4635/1001 4631/4633/999
f 4636/4634/1002 4635/4637/1002 4633/4635/1001
f 4638/4636/1003 4637/4639/1003 4635/4637/1002
f 4640/4638/1004 4639/4641/1004 4637/4639/1003
f 4642/4640/1005 4641/4643/1005 4639/4641/1004
f 4644/4642/1006 4643/4645/1006 4641/4643/1005
f 4646/4644/1007 4645/4647/1007 4643/4645/1006
f 4648/4646/1008 4647/4649/1008 4645/4647/1007
f 4650/4648/1009 4649/4651/1009 4647/4649/1008
f 4652/4650/1010 4651/4653/1010 4649/4651/1009
f 4654/4652/1011 4653/4655/1011 4651/4653/1010
f 4656/4654/1012 4655/4657/1012 4653/4655/1011
f 4658/4656/1013 4657/4659/1013 4655/4657/1012
f 4660/4658/1014 4659/4661/1014 4657/4659/1013
f 4662/4660/1015 4661/4663/1017 4659/4661/1014
f 4664/4662/1016 4663/4665/1016 4661/4663/1017
f 4666/4664/1018 4665/4667/1018 4663/4665/1016
f 4668/4666/335 4667/4669/335 4665/4667/1018
f 4670/4668/1019 4669/4671/1019 4667/4669/335
f 4672/4670/1020 4671/4673/1020 4669/4671/1019
f 4674/4672/1021 4673/4675/1023 4671/4673/1020
f 4676/4674/1022 4675/4677/1025 4673/4675/1023
f 4678/4676/1024 4677/4679/1024 4675/4677/1025
f 4680/4678/1026 4679/4681/1026 4677/4679/1024
f 4682/4680/1027 4681/4683/1027 4679/4681/1026
f 4684/4682/1028 4683/4685/1030 4681/4683/1027
f 4686/4684/1029 4685/4687/1032 4683/4685/1030
f 4688/4686/1031 4687/4689/1031 4685/4687/1032
f 4690/4688/1033 4689/4691/1035 4687/4689/1031
f 4692/4690/1034 4691/4693/1034 4689/4691/1035
f 4694/4692/1036 4693/4695/1036 4691/4693/1034
f 4696/4694/1037 4695/4697/1039 4693/4695/1036
f 4698/4696/1038 4697/4699/1041 4695/4697/1039
f 4700/4698/1040 4699/4701/1040 4697/4699/1041
f 4702/4700/1042 4701/4703/1042 4699/4701/1040
f 4704/4702/1043 4703/4705/1043 4701/4703/1042
f 4706/4704/1044 4705/4707/1044 4703/4705/1043
f 4708/4706/1045 4707/4709/1045 4705/4707/1044
f 4710/4708/1046 4709/4711/1046 4707/4709/1045
f 4712/4710/1047 4711/4713/1049 4709/4711/1046
f 4714/4712/1048 4713/4715/1048 4711/4713/1049
f 4716/4714/1050 4715/4717/1052 4713/4715/1048
f 4718/4716/1051 4717/4719/1051 4715/4717/1052
f 4720/4718/1053 4719/4721/1053 4717/4719/1051
f 4722/4720/1054 4721/4723/1054 4719/4721/1053
f 4724/4722/1055 4723/4725/1055 4721/4723/1054
f 4726/4724/1056 4725/4727/1056 4723/4725/1055
f 4728/4726/1057 4727/4729/1057 4725/4727/1056
f 4730/4728/1058 4729/4731/1060 4727/4729/1057
f 4732/4730/1059 4731/4733/1059 4729/4731/1060
f 4734/4732/1061 4733/4735/1061 4731/4733/1059
f 4736/4734/1062 4735/4737/1062 4733/4735/1061
f 4738/4736/1063 4737/4739/1063 4735/4737/1062
f 4740/4738/1064 4739/4741/1066 4737/4739/1063
f 4742/4740/1065 4741/4743/1065 4739/4741/1066
f 4744/4742/1067 4743/4745/1067 4741/4743/1065
f 4746/4744/1068 4745/4747/1068 4743/4745/1067
f 4748/4746/1069 4747/4749/1069 4745/4747/1068
f 4750/4748/1070 4749/4751/1070 4747/4749/1069
f 4752/4750/1071 4751/4753/1071 4749/4751/1070
f 4754/4752/1072 4753/4755/1072 4751/4753/1071
f 4756/4754/1073 4755/4757/1073 4753/4755/1072
f 4758/4756/1074 4757/4759/1074 4755/4757/1073
f 4760/4758/1075 4759/4761/1075 4757/4759/1074
f 4762/4760/1076 4761/4763/1076 4759/4761/1075
f 4764/4762/1077 4763/4765/1077 4761/4763/1076
f 4766/4764/1078 4765/4767/1078 4763/4765/1077
f 4768/4766/269 4767/4769/269 4765/4767/1078
f 4770/4768/1079 4769/4771/1079 4767/4769/269
f 4772/4770/1080 4771/4773/1080 4769/4771/1079
f 4774/4772/1081 4773/4775/1081 4771/4773/1080
f 4776/4774/1082 4775/4777/1082 4773/4775/1081
f 4778/4776/1083 4777/4779/1085 4775/4777/1082
f 4780/4778/1084 4779/4781/1084 4777/4779/1085
f 4782/4780/1086 4781/4783/1086 4779/4781/1084
f 4784/4782/1087 4783/4785/1087 4781/4783/1086
f 4786/4784/1088 4785/4787/1088 4783/4785/1087
f 4788/4786/1089 4787/4789/1089 4785/4787/1088
f 4790/4788/1090 4789/4791/1090 4787/4789/1089
f 4792/4790/1091 4791/4793/1091 4789/4791/1090
f 4794/4792/1092 4793/4795/1092 4791/4793/1091
f 4796/4794/1093 4795/4797/1093 4793/4795/1092
f 4798/4796/1094 4797/4799/1094 4795/4797/1093
f 4800/4798/1095 4799/4801/1095 4797/4799/1094
f 4802/4800/1096 4801/4803/1096 4799/4801/1095
f 4804/4802/1097 4803/4805/1097 4801/4803/1096
f 4806/4804/1098 4805/4807/1098 4803/4805/1097
f 4808/4806/1099 4807/4809/1099 4805/4807/1098
f 4810/4808/1100 4809/4811/1100 4807/4809/1099
f 4812/4810/1101 4811/4813/1103 4809/4811/1100
f 4814/4812/1102 4813/4815/1105 4811/4813/1103
f 4816/4814/1104 4815/4817/1104 4813/4815/1105
f 4818/4816/1106 4817/4819/1108 4815/4817/1104
f 4820/4818/1107 4819/4821/1110 4817/4819/1108
f 4822/4820/1109 4821/4823/1109 4819/4821/1110
f 4824/4822/1111 4823/4825/1111 4821/4823/1109
f 4826/4824/1112 4825/4827/1112 4823/4825/1111
f 4828/4826/1113 4827/4829/1115 4825/4827/1112
f 4830/4828/1114 4829/4831/1114 4827/4829/1115
f 4832/4830/1116 4831/4833/1118 4829/4831/1114
f 4834/4832/1117 4833/4835/1120 4831/4833/1118
f 4836/4834/1119 4835/4837/1122 4833/4835/1120
f 4838/4836/1121 4837/4839/1121 4835/4837/1122
f 4840/4838/1123 4839/4841/1123 4837/4839/1121
f 4842/4840/1124 4841/4843/1126 4839/4841/1123
f 4844/4842/1125 4843/4845/1125 4841/4843/1126
f 4846/4844/1127 4845/4847/1127 4843/4845/1125
f 4848/4846/1128 4847/4849/1130 4845/4847/1127
f 4850/4848/1129 4849/4851/1129 4847/4849/1130
f 4852/4850/1131 4851/4853/1131 4849/4851/1129
f 4854/4852/1132 4853/4855/1132 4851/4853/1131
f 4856/4854/1133 4855/4857/1135 4853/4855/1132
f 4858/4856/1134 4857/4859/1137 4855/4857/1135
f 4860/4858/1136 4859/4861/1136 4857/4859/1137
f 4862/4860/1138 4861/4863/1138 4859/4861/1136
f 4864/4862/1139 4863/4865/1141 4861/4863/1138
f 4866/4864/1140 4865/4867/1140 4863/4865/1141
f 4868/4866/1142 4867/4869/1142 4865/4867/1140
f 4870/4868/1143 4869/4871/1143 4867/4869/1142
f 4872/4870/1144 4871/4873/1144 4869/4871/1143
f 4874/4872/1145 4873/4875/1145 4871/4873/1144
f 4876/4874/1146 4875/4877/1146 4873/4875/1145
f 4878/4876/1147 4877/4879/1149 4875/4877/1146
f 4880/4878/1148 4879/4880/1148 4877/4879/1149
f 4402/4403/864 4401/4402/864 4879/4880/1148
f 4884/4881/1150 4883/4885/1150 4881/4882/1151
f 4886/4884/1152 4885/4887/1152 4883/4885/1150
f 4888/4886/1153 4887/4889/1153 4885/4887/1152
f 4890/4888/1154 4889/4891/1154 4887/4889/1153
f 4892/4890/1155 4891/4893/1157 4889/4891/1154
f 4894/4892/1156 4893/4895/1156 4891/4893/1157
f 4896/4894/1158 4895/4897/1158 4893/4895/1156
f 4898/4896/1159 4897/4899/1159 4895/4897/1158
f 4900/4898/1160 4899/4901/1160 4897/4899/1159
f 4902/4900/1161 4901/4903/1161 4899/4901/1160
f 4904/4902/1162 4903/4905/1162 4901/4903/1161
f 4906/4904/1163 4905/4907/1163 4903/4905/1162
f 4908/4906/1164 4907/4909/1164 4905/4907/1163
f 4910/4908/1165 4909/4911/1165 4907/4909/1164
f 4912/4910/1166 4911/4913/1166 4909/4911/1165
f 4914/4912/1167 4913/4915/1167 4911/4913/1166
f 4916/4914/1168 4915/4917/1168 4913/4915/1167
f 4918/4916/1169 4917/4919/1169 4915/4917/1168
f 4920/4918/1170 4919/4921/1170 4917/4919/1169
f 4922/4920/1171 4921/4923/1171 4919/4921/1170
f 4924/4922/1172 4923/4925/1172 4921/4923/1171
f 4926/4924/1173 4925/4927/1173 4923/4925/1172
f 4928/4926/1174 4927/4929/1174 4925/4927/1173
f 4930/4928/1175 4929/4931/1175 4927/4929/1174
f 4932/4930/1176 4931/4933/1176 4929/4931/1175
f 4934/4932/1177 4933/4935/1177 4931/4933/1176
f 4936/4934/1178 4935/4937/1178 4933/4935/1177
f 4938/4936/1179 4937/4939/1179 4935/4937/1178
f 4940/4938/527 4939/4941/529 4937/4939/1179
f 4942/4940/528 4941/4943/528 4939/4941/529
f 4944/4942/1180 4943/4945/1180 4941/4943/528
f 4946/4944/1181 4945/4947/1181 4943/4945/1180
f 4948/4946/1182 4947/4949/1182 4945/4947/1181
f 4950/4948/1183 4949/4951/1185 4947/4949/1182
f 4952/4950/1184 4951/4953/1184 4949/4951/1185
f 4954/4952/1186 4953/4955/1186 4951/4953/1184
f 4956/4954/1187 4955/4957/1187 4953/4955/1186
f 4958/4956/1188 4957/4959/1188 4955/4957/1187
f 4960/4958/1189 4959/4961/1189 4957/4959/1188
f 4962/4960/1190 4961/4963/1190 4959/4961/1189
f 4964/4962/1191 4963/4965/1191 4961/4963/1190
f 4966/4964/1192 4965/4967/1192 4963/4965/1191
f 4968/4966/1193 4967/4969/1193 4965/4967/1192
f 4970/4968/1194 4969/4971/1194 4967/4969/1193
f 4972/4970/1195 4971/4973/1195 4969/4971/1194
f 4974/4972/1196 4973/4975/1196 4971/4973/1195
f 4976/4974/1197 4975/4977/1197 4973/4975/1196
f 4978/4976/1198 4977/4979/1198 4975/4977/1197
f 4980/4978/1199 4979/4981/1199 4977/4979/1198
f 4982/4980/1200 4981/4983/1200 4979/4981/1199
f 4984/4982/1201 4983/4985/1201 4981/4983/1200
f 4986/4984/1202 4985/4987/1202 4983/4985/1201
f 4988/4986/1203 4987/4989/1203 4985/4987/1202
f 4990/4988/1204 4989/4991/1204 4987/4989/1203
f 4992/4990/1205 4991/4993/1205 4989/4991/1204
f 4994/4992/1206 4993/4995/1206 4991/4993/1205
f 4996/4994/1207 4995/4997/1207 4993/4995/1206
f 4998/4996/1208 4997/4999/1208 4995/4997/1207
f 5000/4998/1209 4999/5000/1210 4997/4999/1208
f 4882/4883/1151 4881/4882/1151 4999/5000/1210
f 5004/5001/1211 5003/5005/1215 5001/5002/1212
f 5006/5004/1214 5005/5007/1217 5003/5005/1215
f 5008/5006/1216 5007/5009/1216 5005/5007/1217
f 5010/5008/1218 5009/5011/1220 5007/5009/1216
f 5012/5010/1219 5011/5013/1222 5009/5011/1220
f 5014/5012/1221 5013/5015/1221 5011/5013/1222
f 5016/5014/1223 5015/5017/1225 5013/5015/1221
f 5018/5016/1224 5017/5019/1224 5015/5017/1225
f 5020/5018/1226 5019/5021/1226 5017/5019/1224
f 5022/5020/1227 5021/5023/1227 5019/5021/1226
f 5024/5022/1228 5023/5025/1230 5021/5023/1227
f 5026/5024/1229 5025/5027/1229 5023/5025/1230
f 5028/5026/1231 5027/5029/1233 5025/5027/1229
f 5030/5028/1232 5029/5031/1232 5027/5029/1233
f 5032/5030/1234 5031/5033/1234 5029/5031/1232
f 5034/5032/1235 5033/5035/1235 5031/5033/1234
f 5036/5034/1236 5035/5037/1236 5033/5035/1235
f 5038/5036/1237 5037/5039/1239 5035/5037/1236
f 5040/5038/1238 5039/5041/1241 5037/5039/1239
f 5042/5040/1240 5041/5043/1243 5039/5041/1241
f 5044/5042/1242 5043/5045/1242 5041/5043/1243
f 5046/5044/1244 5045/5047/1246 5043/5045/1242
f 5048/5046/1245 5047/5049/1248 5045/5047/1246
f 5050/5048/1247 5049/5051/1247 5047/5049/1248
f 5052/5050/1249 5051/5053/1251 5049/5051/1247
f 5054/5052/1250 5053/5055/1253 5051/5053/1251
f 5056/5054/1252 5055/5057/1255 5053/5055/1253
f 5058/5056/1254 5057/5059/1257 5055/5057/1255
f 5060/5058/1256 5059/5061/1256 5057/5059/1257
f 5062/5060/1258 5061/5063/1258 5059/5061/1256
f 5064/5062/1259 5063/5065/1259 5061/5063/1258
f 5066/5064/1260 5065/5067/1260 5063/5065/1259
f 5068/5066/1261 5067/5069/1261 5065/5067/1260
f 5070/5068/1262 5069/5071/1262 5067/5069/1261
f 5072/5070/1263 5071/5073/1263 5069/5071/1262
f 5074/5072/1264 5073/5075/1264 5071/5073/1263
f 5076/5074/1265 5075/5077/1265 5073/5075/1264
f 5078/5076/1266 5077/5079/1266 5075/5077/1265
f 5080/5078/1267 5079/5081/1269 5077/5079/1266
f 5082/5080/1268 5081/5083/1268 5079/5081/1269
f 5084/5082/1270 5083/5085/1270 5081/5083/1268
f 5086/5084/1271 5085/5087/1271 5083/5085/1270
f 5088/5086/1272 5087/5089/1272 5085/5087/1271
f 5090/5088/1273 5089/5091/1273 5087/5089/1272
f 5092/5090/1274 5091/5093/1276 5089/5091/1273
f 5094/5092/1275 5093/5095/1278 5091/5093/1276
f 5096/5094/1277 5095/5097/1277 5093/5095/1278
f 5098/5096/1279 5097/5099/1279 5095/5097/1277
f 5100/5098/1280 5099/5101/1280 5097/5099/1279
f 5102/5100/1281 5101/5103/1281 5099/5101/1280
f 5104/5102/1282 5103/5105/1284 5101/5103/1281
f 5106/5104/1283 5105/5107/1283 5103/5105/1284
f 5108/5106/1285 5107/5109/1285 5105/5107/1283
f 5110/5108/1286 5109/5111/1286 5107/5109/1285
f 5112/5110/1287 5111/5113/1287 5109/5111/1286
f 5114/5112/1288 5113/5115/1288 5111/5113/1287
f 5116/5114/1289 5115/5117/1289 5113/5115/1288
f 5118/5116/1290 5117/5119/1290 5115/5117/1289
f 5120/5118/1291 5119/5121/1291 5117/5119/1290
f 5122/5120/1292 5121/5123/1292 5119/5121/1291
f 5124/5122/528 5123/5125/528 5121/5123/1292
f 5126/5124/1293 5125/5127/1293 5123/5125/528
f 5128/5126/1294 5127/5129/1294 5125/5127/1293
f 5130/5128/1295 5129/5131/1295 5127/5129/1294
f 5132/5130/1296 5131/5133/1296 5129/5131/1295
f 5134/5132/1297 5133/5135/1297 5131/5133/1296
f 5136/5134/1298 5135/5137/1298 5133/5135/1297
f 5138/5136/1299 5137/5139/1299 5135/5137/1298
f 5140/5138/1300 5139/5141/1300 5137/5139/1299
f 5142/5140/1301 5141/5143/1301 5139/5141/1300
f 5144/5142/1302 5143/5145/1302 5141/5143/1301
f 5146/5144/1303 5145/5147/1303 5143/5145/1302
f 5148/5146/1304 5147/5149/1304 5145/5147/1303
f 5150/5148/1305 5149/5151/1305 5147/5149/1304
f 5152/5150/1306 5151/5153/1308 5149/5151/1305
f 5154/5152/1307 5153/5155/1307 5151/5153/1308
f 5156/5154/1309 5155/5157/1309 5153/5155/1307
f 5158/5156/1310 5157/5159/1310 5155/5157/1309
f 5160/5158/1311 5159/5161/1313 5157/5159/1310
f 5162/5160/1312 5161/5163/1315 5159/5161/1313
f 5164/5162/1314 5163/5165/1317 5161/5163/1315
f 5166/5164/1316 5165/5167/1316 5163/5165/1317
f 5168/5166/1318 5167/5169/1318 5165/5167/1316
f 5170/5168/1319 5169/5171/1319 5167/5169/1318
f 5172/5170/1320 5171/5173/1322 5169/5171/1319
f 5174/5172/1321 5173/5175/1324 5171/5173/1322
f 5176/5174/1323 5175/5177/1323 5173/5175/1324
f 5178/5176/1325 5177/5179/1325 5175/5177/1323
f 5180/5178/1326 5179/5181/1326 5177/5179/1325
f 5182/5180/1327 5181/5183/1327 5179/5181/1326
f 5184/5182/1328 5183/5185/1328 5181/5183/1327
f 5186/5184/1329 5185/5187/1331 5183/5185/1328
f 5188/5186/1330 5187/5189/1333 5185/5187/1331
f 5190/5188/1332 5189/5191/1335 5187/5189/1333
f 5192/5190/1334 5191/5193/1334 5189/5191/1335
f 5194/5192/1336 5193/5195/1336 5191/5193/1334
f 5196/5194/1337 5195/5197/1337 5193/5195/1336
f 5198/5196/1338 5197/5199/1338 5195/5197/1337
f 5200/5198/1339 5199/5201/1339 5197/5199/1338
f 5202/5200/1340 5201/5203/1342 5199/5201/1339
f 5204/5202/1341 5203/5205/1341 5201/5203/1342
f 5206/5204/1343 5205/5207/1343 5203/5205/1341
f 5208/5206/1344 5207/5209/1344 5205/5207/1343
f 5210/5208/1345 5209/5211/1347 5207/5209/1344
f 5212/5210/1346 5211/5213/1346 5209/5211/1347
f 5214/5212/1348 5213/5215/1348 5211/5213/1346
f 5216/5214/1349 5215/5217/1349 5213/5215/1348
f 5218/5216/1350 5217/5219/1350 5215/5217/1349
f 5220/5218/1351 5219/5221/1351 5217/5219/1350
f 5222/5220/1352 5221/5223/1354 5219/5221/1351
f 5224/5222/1353 5223/5225/1353 5221/5223/1354
f 5226/5224/1355 5225/5227/1355 5223/5225/1353
f 5228/5226/1356 5227/5229/1358 5225/5227/1355
f 5230/5228/1357 5229/5231/1357 5227/5229/1358
f 5232/5230/1359 5231/5233/1359 5229/5231/1357
f 5234/5232/1360 5233/5235/1360 5231/5233/1359
f 5236/5234/1361 5235/5237/1363 5233/5235/1360
f 5238/5236/1362 5237/5239/1362 5235/5237/1363
f 5240/5238/1364 5239/5241/1364 5237/5239/1362
f 5242/5240/1365 5241/5243/1367 5239/5241/1364
f 5244/5242/1366 5243/5245/1366 5241/5243/1367
f 5246/5244/1368 5245/5247/1368 5243/5245/1366
f 5248/5246/1369 5247/5249/1369 5245/5247/1368
f 5250/5248/1370 5249/5251/1372 5247/5249/1369
f 5252/5250/1371 5251/5253/1371 5249/5251/1372
f 5254/5252/1373 5253/5255/1373 5251/5253/1371
f 5256/5254/1374 5255/5257/1374 5253/5255/1373
f 5258/5256/1375 5257/5259/1377 5255/5257/1374
f 5260/5258/1376 5259/5261/1379 5257/5259/1377
f 5262/5260/1378 5261/5263/605 5259/5261/1379
f 5264/5262/1380 5263/5265/1382 5261/5263/605
f 5266/5264/1381 5265/5267/1381 5263/5265/1382
f 5268/5266/1383 5267/5269/1385 5265/5267/1381
f 5270/5268/1384 5269/5271/1384 5267/5269/1385
f 5272/5270/1386 5271/5273/1386 5269/5271/1384
f 5274/5272/1387 5273/5275/1389 5271/5273/1386
f 5276/5274/1388 5275/5277/1388 5273/5275/1389
f 5278/5276/204 5277/5279/204 5275/5277/1388
f 5280/5278/1390 5279/5281/1390 5277/5279/204
f 5282/5280/1391 5281/5283/1391 5279/5281/1390
f 5284/5282/1392 5283/5285/1394 5281/5283/1391
f 5286/5284/1393 5285/5287/1393 5283/5285/1394
f 5288/5286/1395 5287/5289/1395 5285/5287/1393
f 5290/5288/1396 5289/5291/1397 5287/5289/1395
f 5292/5290/595 5291/5293/1399 5289/5291/1397
f 5294/5292/1398 5293/5295/1398 5291/5293/1399
f 5296/5294/1400 5295/5297/1400 5293/5295/1398
f 5298/5296/1401 5297/5299/1401 5295/5297/1400
f 5300/5298/1402 5299/5301/1402 5297/5299/1401
f 5302/5300/1403 5301/5303/1405 5299/5301/1402
f 5304/5302/1404 5303/5305/1407 5301/5303/1405
f 5306/5304/1406 5305/5307/1406 5303/5305/1407
f 5308/5306/1408 5307/5309/1410 5305/5307/1406
f 5310/5308/1409 5309/5311/1409 5307/5309/1410
f 5312/5310/1411 5311/5313/1413 5309/5311/1409
f 5314/5312/1412 5313/5315/1415 5311/5313/1413
f 5316/5314/1414 5315/5317/1417 5313/5315/1415
f 5318/5316/1416 5317/5319/1416 5315/5317/1417
f 5320/5318/1418 5319/5321/1418 5317/5319/1416
f 5322/5320/1419 5321/5323/1419 5319/5321/1418
f 5324/5322/1420 5323/5325/1420 5321/5323/1419
f 5326/5324/1421 5325/5327/1421 5323/5325/1420
f 5328/5326/1422 5327/5329/1424 5325/5327/1421
f 5330/5328/1423 5329/5331/1423 5327/5329/1424
f 5332/5330/1425 5331/5333/1425 5329/5331/1423
f 5334/5332/1426 5333/5335/1428 5331/5333/1425
f 5336/5334/1427 5335/5337/1427 5333/5335/1428
f 5338/5336/1429 5337/5339/1431 5335/5337/1427
f 5340/5338/1430 5339/5341/1430 5337/5339/1431
f 5342/5340/1432 5341/5343/1434 5339/5341/1430
f 5344/5342/1433 5343/5345/1433 5341/5343/1434
f 5346/5344/1435 5345/5347/1435 5343/5345/1433
f 5348/5346/1436 5347/5349/1438 5345/5347/1435
f 5350/5348/1437 5349/5351/1437 5347/5349/1438
f 5352/5350/1439 5351/5353/1441 5349/5351/1437
f 5354/5352/1440 5353/5355/1440 5351/5353/1441
f 5356/5354/1442 5355/5357/1442 5353/5355/1440
f 5358/5356/1443 5357/5359/1443 5355/5357/1442
f 5360/5358/1444 5359/5361/1444 5357/5359/1443
f 5362/5360/1445 5361/5363/1445 5359/5361/1444
f 5364/5362/1446 5363/5365/1446 5361/5363/1445
f 5366/5364/1447 5365/5367/1449 5363/5365/1446
f 5368/5366/1448 5367/5369/1448 5365/5367/1449
f 5370/5368/1450 5369/5371/1450 5367/5369/1448
f 5372/5370/1451 5371/5373/1451 5369/5371/1450
f 5374/5372/1452 5373/5375/1452 5371/5373/1451
f 5376/5374/1453 5375/5377/1453 5373/5375/1452
f 5378/5376/1454 5377/5379/1454 5375/5377/1453
f 5380/5378/1455 5379/5381/1455 5377/5379/1454
f 5382/5380/1456 5381/5383/1456 5379/5381/1455
f 5384/5382/1457 5383/5385/1457 5381/5383/1456
f 5386/5384/1458 5385/5387/1458 5383/5385/1457
f 5388/5386/1459 5387/5389/1459 5385/5387/1458
f 5390/5388/1460 5389/5391/1460 5387/5389/1459
f 5392/5390/1461 5391/5393/1461 5389/5391/1460
f 5394/5392/1462 5393/5395/1462 5391/5393/1461
f 5396/5394/1463 5395/5397/1463 5393/5395/1462
f 5398/5396/1464 5397/5399/1464 5395/5397/1463
f 5400/5398/1465 5399/5401/1465 5397/5399/1464
f 5402/5400/1466 5401/5403/1468 5399/5401/1465
f 5404/5402/1467 5403/5405/1467 5401/5403/1468
f 5406/5404/1469 5405/5407/1471 5403/5405/1467
f 5408/5406/1470 5407/5409/1473 5405/5407/1471
f 5410/5408/1472 5409/5411/1472 5407/5409/1473
f 5412/5410/1474 5411/5413/1474 5409/5411/1472
f 5414/5412/1475 5413/5415/1475 5411/5413/1474
f 5416/5414/1476 5415/5417/1476 5413/5415/1475
f 5418/5416/1477 5417/5419/1477 5415/5417/1476
f 5420/5418/1478 5419/5421/1478 5417/5419/1477
f 5422/5420/1479 5421/5423/1481 5419/5421/1478
f 5424/5422/1480 5423/5425/1480 5421/5423/1481
f 5426/5424/1482 5425/5427/1482 5423/5425/1480
f 5428/5426/1483 5427/5429/1485 5425/5427/1482
f 5430/5428/1484 5429/5431/1484 5427/5429/1485
f 5432/5430/1486 5431/5433/1486 5429/5431/1484
f 5434/5432/1487 5433/5435/1489 5431/5433/1486
f 5436/5434/1488 5435/5437/1488 5433/5435/1489
f 5438/5436/947 5437/5439/947 5435/5437/1488
f 5440/5438/1490 5439/5441/1492 5437/5439/947
f 5442/5440/1491 5441/5443/1491 5439/5441/1492
f 5444/5442/1493 5443/5445/1493 5441/5443/1491
f 5446/5444/1494 5445/5447/1496 5443/5445/1493
f 5448/5446/1495 5447/5449/1495 5445/5447/1496
f 5450/5448/1497 5449/5451/1497 5447/5449/1495
f 5452/5450/1498 5451/5453/1498 5449/5451/1497
f 5454/5452/1499 5453/5455/1499 5451/5453/1498
f 5456/5454/1500 5455/5457/1500 5453/5455/1499
f 5458/5456/1501 5457/5459/1501 5455/5457/1500
f 5460/5458/1502 5459/5461/1502 5457/5459/1501
f 5462/5460/1503 5461/5463/1503 5459/5461/1502
f 5464/5462/1504 5463/5465/1504 5461/5463/1503
f 5466/5464/1505 5465/5467/1505 5463/5465/1504
f 5468/5466/1506 5467/5469/1506 5465/5467/1505
f 5470/5468/1507 5469/5471/1509 5467/5469/1506
f 5472/5470/1508 5471/5473/1508 5469/5471/1509
f 5474/5472/1510 5473/5475/1510 5471/5473/1508
f 5476/5474/1511 5475/5477/1511 5473/5475/1510
f 5478/5476/1512 5477/5479/1512 5475/5477/1511
f 5480/5478/1513 5479/5481/1513 5477/5479/1512
f 5482/5480/1514 5481/5483/1514 5479/5481/1513
f 5484/5482/1515 5483/5485/1515 5481/5483/1514
f 5486/5484/1516 5485/5487/1516 5483/5485/1515
f 5488/5486/1517 5487/5489/1517 5485/5487/1516
f 5490/5488/1518 5489/5491/1520 5487/5489/1517
f 5492/5490/1519 5491/5493/1522 5489/5491/1520
f 5494/5492/1521 5493/5495/1524 5491/5493/1522
f 5496/5494/1523 5495/5497/1523 5493/5495/1524
f 5498/5496/1525 5497/5499/1527 5495/5497/1523
f 5500/5498/1526 5499/5501/1529 5497/5499/1527
f 5502/5500/1528 5501/5503/1528 5499/5501/1529
f 5504/5502/1530 5503/5505/1530 5501/5503/1528
f 5506/5504/1531 5505/5507/1533 5503/5505/1530
f 5508/5506/1532 5507/5509/1532 5505/5507/1533
f 5510/5508/1534 5509/5511/1534 5507/5509/1532
f 5512/5510/1535 5511/5513/1535 5509/5511/1534
f 5514/5512/1536 5513/5515/1536 5511/5513/1535
f 5516/5514/1537 5515/5517/1537 5513/5515/1536
f 5518/5516/1538 5517/5519/1540 5515/5517/1537
f 5520/5518/1539 5519/5521/1542 5517/5519/1540
f 5522/5520/1541 5521/5523/1544 5519/5521/1542
f 5524/5522/1543 5523/5525/1546 5521/5523/1544
f 5526/5524/1545 5525/5527/907 5523/5525/1546
f 5528/5526/1547 5527/5529/1549 5525/5527/907
f 5530/5528/1548 5529/5531/1551 5527/5529/1549
f 5532/5530/1550 5531/5533/1550 5529/5531/1551
f 5534/5532/1552 5533/5535/1554 5531/5533/1550
f 5536/5534/1553 5535/5537/1556 5533/5535/1554
f 5538/5536/1555 5537/5539/1558 5535/5537/1556
f 5540/5538/1557 5539/5540/1557 5537/5539/1558
f 5002/5003/1213 5001/5002/1212 5539/5540/1557
f 5544/5541/1110 5543/5545/1110 5541/5542/1559
f 5546/5544/1560 5545/5547/1562 5543/5545/1110
f 5548/5546/1561 5547/5549/1564 5545/5547/1562
f 5550/5548/1563 5549/5551/1563 5547/5549/1564
f 5552/5550/1565 5551/5553/1565 5549/5551/1563
f 5554/5552/1566 5553/5555/1566 5551/5553/1565
f 5556/5554/1567 5555/5557/1567 5553/5555/1566
f 5558/5556/1568 5557/5559/1568 5555/5557/1567
f 5560/5558/1569 5559/5561/1569 5557/5559/1568
f 5562/5560/1570 5561/5563/1570 5559/5561/1569
f 5564/5562/1571 5563/5565/1571 5561/5563/1570
f 5566/5564/1572 5565/5567/1572 5563/5565/1571
f 5568/5566/1573 5567/5569/1573 5565/5567/1572
f 5570/5568/1574 5569/5571/1574 5567/5569/1573
f 5572/5570/1575 5571/5573/1575 5569/5571/1574
f 5574/5572/1576 5573/5575/1578 5571/5573/1575
f 5576/5574/1577 5575/5577/1577 5573/5575/1578
f 5578/5576/1579 5577/5579/1581 5575/5577/1577
f 5580/5578/1580 5579/5581/1580 5577/5579/1581
f 5582/5580/1582 5581/5583/1584 5579/5581/1580
f 5584/5582/1583 5583/5585/1583 5581/5583/1584
f 5586/5584/1585 5585/5587/1585 5583/5585/1583
f 5588/5586/1586 5587/5589/1586 5585/5587/1585
f 5590/5588/1587 5589/5591/1587 5587/5589/1586
f 5592/5590/1588 5591/5593/1590 5589/5591/1587
f 5594/5592/1589 5593/5595/1592 5591/5593/1590
f 5596/5594/1591 5595/5597/1594 5593/5595/1592
f 5598/5596/1593 5597/5599/1596 5595/5597/1594
f 5600/5598/1595 5599/5601/1598 5597/5599/1596
f 5602/5600/1597 5601/5603/1600 5599/5601/1598
f 5604/5602/1599 5603/5605/1599 5601/5603/1600
f 5606/5604/1601 5605/5607/1601 5603/5605/1599
f 5608/5606/1602 5607/5609/1602 5605/5607/1601
f 5610/5608/1603 5609/5611/1605 5607/5609/1602
f 5612/5610/1604 5611/5613/1607 5609/5611/1605
f 5614/5612/1606 5613/5615/1609 5611/5613/1607
f 5616/5614/1608 5615/5617/1611 5613/5615/1609
f 5618/5616/1610 5617/5619/1613 5615/5617/1611
f 5620/5618/1612 5619/5621/1615 5617/5619/1613
f 5622/5620/1614 5621/5623/1617 5619/5621/1615
f 5624/5622/1616 5623/5625/1619 5621/5623/1617
f 5626/5624/1618 5625/5627/1618 5623/5625/1619
f 5628/5626/1620 5627/5629/1620 5625/5627/1618
f 5630/5628/1621 5629/5631/1621 5627/5629/1620
f 5632/5630/1622 5631/5633/1622 5629/5631/1621
f 5634/5632/1623 5633/5635/1623 5631/5633/1622
f 5636/5634/1624 5635/5637/1626 5633/5635/1623
f 5638/5636/1625 5637/5639/1628 5635/5637/1626
f 5640/5638/1627 5639/5641/1627 5637/5639/1628
f 5642/5640/1629 5641/5643/1631 5639/5641/1627
f 5644/5642/1630 5643/5645/1630 5641/5643/1631
f 5646/5644/1632 5645/5647/1634 5643/5645/1630
f 5648/5646/1633 5647/5649/1636 5645/5647/1634
f 5650/5648/1635 5649/5651/1638 5647/5649/1636
f 5652/5650/1637 5651/5653/1640 5649/5651/1638
f 5654/5652/1639 5653/5655/1642 5651/5653/1640
f 5656/5654/1641 5655/5657/1644 5653/5655/1642
f 5658/5656/1643 5657/5659/1643 5655/5657/1644
f 5660/5658/1645 5659/5661/1645 5657/5659/1643
f 5662/5660/1646 5661/5663/1646 5659/5661/1645
f 5664/5662/1647 5663/5665/1649 5661/5663/1646
f 5666/5664/1648 5665/5667/1651 5663/5665/1649
f 5668/5666/1650 5667/5669/1650 5665/5667/1651
f 5670/5668/1652 5669/5671/1654 5667/5669/1650
f 5672/5670/1653 5671/5673/1653 5669/5671/1654
f 5674/5672/1655 5673/5675/1657 5671/5673/1653
f 5676/5674/1656 5675/5677/1659 5673/5675/1657
f 5678/5676/1658 5677/5679/1658 5675/5677/1659
f 5680/5678/1660 5679/5681/1662 5677/5679/1658
f 5682/5680/1661 5681/5683/1661 5679/5681/1662
f 5684/5682/1663 5683/5685/1663 5681/5683/1661
f 5686/5684/1664 5685/5687/1664 5683/5685/1663
f 5688/5686/1665 5687/5689/1667 5685/5687/1664
f 5690/5688/1666 5689/5691/1669 5687/5689/1667
f 5692/5690/1668 5691/5693/1671 5689/5691/1669
f 5694/5692/1670 5693/5695/1673 5691/5693/1671
f 5696/5694/1672 5695/5697/1675 5693/5695/1673
f 5698/5696/1674 5697/5699/1677 5695/5697/1675
f 5700/5698/1676 5699/5701/1676 5697/5699/1677
f 5702/5700/1678 5701/5703/1678 5699/5701/1676
f 5704/5702/1679 5703/5705/1681 5701/5703/1678
f 5706/5704/1680 5705/5707/1683 5703/5705/1681
f 5708/5706/1682 5707/5709/1682 5705/5707/1683
f 5710/5708/1684 5709/5711/1684 5707/5709/1682
f 5712/5710/1685 5711/5713/1687 5709/5711/1684
f 5714/5712/1686 5713/5715/1689 5711/5713/1687
f 5716/5714/1688 5715/5717/1691 5713/5715/1689
f 5718/5716/1690 5717/5719/1693 5715/5717/1691
f 5720/5718/1692 5719/5721/1695 5717/5719/1693
f 5722/5720/1694 5721/5723/1694 5719/5721/1695
f 5724/5722/1696 5723/5725/1696 5721/5723/1694
f 5726/5724/1697 5725/5727/1699 5723/5725/1696
f 5728/5726/1698 5727/5729/1701 5725/5727/1699
f 5730/5728/1700 5729/5731/1703 5727/5729/1701
f 5732/5730/1702 5731/5733/1702 5729/5731/1703
f 5734/5732/1704 5733/5735/1706 5731/5733/1702
f 5736/5734/1705 5735/5737/1708 5733/5735/1706
f 5738/5736/1707 5737/5739/1707 5735/5737/1708
f 5740/5738/1709 5739/5741/1709 5737/5739/1707
f 5742/5740/1710 5741/5743/1710 5739/5741/1709
f 5744/5742/1711 5743/5745/1711 5741/5743/1710
f 5746/5744/1712 5745/5747/1712 5743/5745/1711
f 5748/5746/1713 5747/5749/1713 5745/5747/1712
f 5750/5748/1714 5749/5751/1714 5747/5749/1713
f 5752/5750/1715 5751/5753/1715 5749/5751/1714
f 5754/5752/1716 5753/5755/1716 5751/5753/1715
f 5756/5754/1717 5755/5757/1717 5753/5755/1716
f 5758/5756/1718 5757/5759/1718 5755/5757/1717
f 5760/5758/1719 5759/5761/1719 5757/5759/1718
f 5762/5760/1720 5761/5763/1720 5759/5761/1719
f 5764/5762/1721 5763/5765/1721 5761/5763/1720
f 5766/5764/1722 5765/5767/1722 5763/5765/1721
f 5768/5766/1723 5767/5769/1725 5765/5767/1722
f 5770/5768/1724 5769/5771/1724 5767/5769/1725
f 5772/5770/1726 5771/5773/1726 5769/5771/1724
f 5774/5772/1727 5773/5775/1727 5771/5773/1726
f 5776/5774/1728 5775/5777/1730 5773/5775/1727
f 5778/5776/1729 5777/5779/1729 5775/5777/1730
f 5780/5778/1731 5779/5781/1731 5777/5779/1729
f 5782/5780/1732 5781/5783/1732 5779/5781/1731
f 5784/5782/1733 5783/5785/1733 5781/5783/1732
f 5786/5784/1734 5785/5787/1734 5783/5785/1733
f 5788/5786/1735 5787/5789/1735 5785/5787/1734
f 5790/5788/1736 5789/5791/1736 5787/5789/1735
f 5792/5790/1737 5791/5793/1737 5789/5791/1736
f 5794/5792/1738 5793/5795/1738 5791/5793/1737
f 5796/5794/1739 5795/5797/1739 5793/5795/1738
f 5798/5796/1740 5797/5799/1740 5795/5797/1739
f 5800/5798/1741 5799/5801/1743 5797/5799/1740
f 5802/5800/1742 5801/5803/1742 5799/5801/1743
f 5804/5802/1744 5803/5805/1744 5801/5803/1742
f 5806/5804/1745 5805/5807/1747 5803/5805/1744
f 5808/5806/1746 5807/5809/1749 5805/5807/1747
f 5810/5808/1748 5809/5811/1748 5807/5809/1749
f 5812/5810/1750 5811/5813/1750 5809/5811/1748
f 5814/5812/1751 5813/5815/1753 5811/5813/1750
f 5816/5814/1752 5815/5817/1752 5813/5815/1753
f 5818/5816/1754 5817/5819/1754 5815/5817/1752
f 5820/5818/1755 5819/5821/1757 5817/5819/1754
f 5822/5820/1756 5821/5823/1756 5819/5821/1757
f 5824/5822/1758 5823/5825/1758 5821/5823/1756
f 5826/5824/1759 5825/5827/1761 5823/5825/1758
f 5828/5826/1760 5827/5829/1760 5825/5827/1761
f 5830/5828/1762 5829/5831/1762 5827/5829/1760
f 5832/5830/1763 5831/5833/1763 5829/5831/1762
f 5834/5832/1764 5833/5835/1764 5831/5833/1763
f 5836/5834/1765 5835/5837/1765 5833/5835/1764
f 5838/5836/1766 5837/5839/1768 5835/5837/1765
f 5840/5838/1767 5839/5841/1767 5837/5839/1768
f 5842/5840/1769 5841/5843/1769 5839/5841/1767
f 5844/5842/1770 5843/5845/1772 5841/5843/1769
f 5846/5844/1771 5845/5847/1771 5843/5845/1772
f 5848/5846/1773 5847/5849/1773 5845/5847/1771
f 5850/5848/1774 5849/5851/1776 5847/5849/1773
f 5852/5850/1775 5851/5853/1775 5849/5851/1776
f 5854/5852/761 5853/5855/761 5851/5853/1775
f 5856/5854/1777 5855/5857/1779 5853/5855/761
f 5858/5856/1778 5857/5859/1781 5855/5857/1779
f 5860/5858/1780 5859/5861/1783 5857/5859/1781
f 5862/5860/1782 5861/5863/1785 5859/5861/1783
f 5864/5862/1784 5863/5865/1784 5861/5863/1785
f 5866/5864/1786 5865/5867/1788 5863/5865/1784
f 5868/5866/1787 5867/5869/1787 5865/5867/1788
f 5870/5868/1789 5869/5871/1789 5867/5869/1787
f 5872/5870/1790 5871/5873/1790 5869/5871/1789
f 5874/5872/1791 5873/5875/1791 5871/5873/1790
f 5876/5874/556 5875/5877/553 5873/5875/1791
f 5878/5876/1792 5877/5879/1792 5875/5877/553
f 5880/5878/1793 5879/5881/1795 5877/5879/1792
f 5882/5880/1794 5881/5883/1794 5879/5881/1795
f 5884/5882/1796 5883/5885/1796 5881/5883/1794
f 5886/5884/1797 5885/5887/1799 5883/5885/1796
f 5888/5886/1798 5887/5889/1801 5885/5887/1799
f 5890/5888/1800 5889/5891/1800 5887/5889/1801
f 5892/5890/1802 5891/5893/1804 5889/5891/1800
f 5894/5892/1803 5893/5895/1806 5891/5893/1804
f 5896/5894/1805 5895/5897/1808 5893/5895/1806
f 5898/5896/1807 5897/5899/1807 5895/5897/1808
f 5900/5898/1809 5899/5901/1811 5897/5899/1807
f 5902/5900/1810 5901/5903/1810 5899/5901/1811
f 5904/5902/1812 5903/5905/1812 5901/5903/1810
f 5906/5904/1813 5905/5907/1813 5903/5905/1812
f 5908/5906/1814 5907/5909/1814 5905/5907/1813
f 5910/5908/1815 5909/5911/1815 5907/5909/1814
f 5912/5910/1816 5911/5913/1816 5909/5911/1815
f 5914/5912/1817 5913/5915/1819 5911/5913/1816
f 5916/5914/1818 5915/5917/1818 5913/5915/1819
f 5918/5916/1820 5917/5919/1820 5915/5917/1818
f 5920/5918/1399 5919/5921/1399 5917/5919/1820
f 5922/5920/1821 5921/5923/1823 5919/5921/1399
f 5924/5922/1822 5923/5925/1822 5921/5923/1823
f 5926/5924/1824 5925/5927/1824 5923/5925/1822
f 5928/5926/1825 5927/5929/1827 5925/5927/1824
f 5930/5928/1826 5929/5931/1826 5927/5929/1827
f 5932/5930/1828 5931/5933/1830 5929/5931/1826
f 5934/5932/1829 5933/5935/1829 5931/5933/1830
f 5936/5934/1831 5935/5937/1831 5933/5935/1829
f 5938/5936/1832 5937/5939/1832 5935/5937/1831
f 5940/5938/1833 5939/5941/1833 5937/5939/1832
f 5942/5940/1834 5941/5943/1836 5939/5941/1833
f 5944/5942/1835 5943/5945/1835 5941/5943/1836
f 5946/5944/1837 5945/5947/1839 5943/5945/1835
f 5948/5946/1838 5947/5949/1838 5945/5947/1839
f 5950/5948/1840 5949/5951/1842 5947/5949/1838
f 5952/5950/1841 5951/5953/1841 5949/5951/1842
f 5954/5952/1843 5953/5955/1845 5951/5953/1841
f 5956/5954/1844 5955/5957/1844 5953/5955/1845
f 5958/5956/1846 5957/5959/1846 5955/5957/1844
f 5960/5958/1847 5959/5961/1847 5957/5959/1846
f 5962/5960/1848 5961/5963/1850 5959/5961/1847
f 5964/5962/1849 5963/5965/1852 5961/5963/1850
f 5966/5964/1851 5965/5967/1851 5963/5965/1852
f 5968/5966/1853 5967/5969/1853 5965/5967/1851
f 5970/5968/1854 5969/5971/1856 5967/5969/1853
f 5972/5970/1855 5971/5973/1855 5969/5971/1856
f 5974/5972/1857 5973/5975/1859 5971/5973/1855
f 5976/5974/1858 5975/5977/1861 5973/5975/1859
f 5978/5976/1860 5977/5979/1863 5975/5977/1861
f 5980/5978/1862 5979/5981/1865 5977/5979/1863
f 5982/5980/1864 5981/5983/1867 5979/5981/1865
f 5984/5982/1866 5983/5985/1869 5981/5983/1867
f 5986/5984/1868 5985/5987/1871 5983/5985/1869
f 5988/5986/1870 5987/5989/1870 5985/5987/1871
f 5990/5988/1872 5989/5991/1872 5987/5989/1870
f 5992/5990/1873 5991/5993/1875 5989/5991/1872
f 5994/5992/1874 5993/5995/1874 5991/5993/1875
f 5996/5994/1876 5995/5997/1169 5993/5995/1874
f 5998/5996/1877 5997/5999/1877 5995/5997/1169
f 6000/5998/1878 5999/6001/1878 5997/5999/1877
f 6002/6000/1879 6001/6003/1879 5999/6001/1878
f 6004/6002/1880 6003/6005/1880 6001/6003/1879
f 6006/6004/1881 6005/6007/1881 6003/6005/1880
f 6008/6006/1882 6007/6009/1882 6005/6007/1881
f 6010/6008/1883 6009/6011/1883 6007/6009/1882
f 6012/6010/1884 6011/6013/1884 6009/6011/1883
f 6014/6012/1885 6013/6015/1887 6011/6013/1884
f 6016/6014/1886 6015/6017/1886 6013/6015/1887
f 6018/6016/1888 6017/6019/1888 6015/6017/1886
f 6020/6018/1889 6019/6021/1891 6017/6019/1888
f 6022/6020/1890 6021/6023/1893 6019/6021/1891
f 6024/6022/1892 6023/6025/1892 6021/6023/1893
f 6026/6024/1894 6025/6027/1896 6023/6025/1892
f 6028/6026/1895 6027/6029/348 6025/6027/1896
f 6030/6028/1897 6029/6031/1899 6027/6029/348
f 6032/6030/1898 6031/6033/1901 6029/6031/1899
f 6034/6032/1900 6033/6035/1903 6031/6033/1901
f 6036/6034/1902 6035/6037/1902 6033/6035/1903
f 6038/6036/1904 6037/6039/1906 6035/6037/1902
f 6040/6038/1905 6039/6041/1908 6037/6039/1906
f 6042/6040/1907 6041/6043/1910 6039/6041/1908
f 6044/6042/1909 6043/6045/1912 6041/6043/1910
f 6046/6044/1911 6045/6047/1914 6043/6045/1912
f 6048/6046/1913 6047/6049/1916 6045/6047/1914
f 6050/6048/1915 6049/6051/1915 6047/6049/1916
f 6052/6050/1917 6051/6053/1919 6049/6051/1915
f 6054/6052/1918 6053/6055/1921 6051/6053/1919
f 6056/6054/1920 6055/6057/1923 6053/6055/1921
f 6058/6056/1922 6057/6059/1925 6055/6057/1923
f 6060/6058/1924 6059/6061/1924 6057/6059/1925
f 6062/6060/1926 6061/6063/1926 6059/6061/1924
f 6064/6062/1927 6063/6065/1929 6061/6063/1926
f 6066/6064/1928 6065/6067/1931 6063/6065/1929
f 6068/6066/1930 6067/6069/1933 6065/6067/1931
f 6070/6068/1932 6069/6071/1932 6067/6069/1933
f 6072/6070/1934 6071/6073/1934 6069/6071/1932
f 6074/6072/1935 6073/6075/1937 6071/6073/1934
f 6076/6074/1936 6075/6077/1939 6073/6075/1937
f 6078/6076/1938 6077/6079/1941 6075/6077/1939
f 6080/6078/1940 6079/6081/1940 6077/6079/1941
f 6082/6080/1942 6081/6083/1944 6079/6081/1940
f 6084/6082/1943 6083/6085/1946 6081/6083/1944
f 6086/6084/1945 6085/6087/1948 6083/6085/1946
f 6088/6086/1947 6087/6089/1947 6085/6087/1948
f 6090/6088/1949 6089/6091/1951 6087/6089/1947
f 6092/6090/1950 6091/6093/1953 6089/6091/1951
f 6094/6092/1952 6093/6095/1955 6091/6093/1953
f 6096/6094/1954 6095/6097/1956 6093/6095/1955
f 6098/6096/1956 6097/6099/1956 6095/6097/1956
f 6100/6098/1957 6099/6101/1959 6097/6099/1956
f 6102/6100/1958 6101/6103/1961 6099/6101/1959
f 6104/6102/1960 6103/6105/1960 6101/6103/1961
f 6106/6104/1962 6105/6107/1964 6103/6105/1960
f 6108/6106/1963 6107/6109/1963 6105/6107/1964
f 6110/6108/1965 6109/6111/1965 6107/6109/1963
f 6112/6110/1966 6111/6113/1968 6109/6111/1965
f 6114/6112/1967 6113/6115/1970 6111/6113/1968
f 6116/6114/1969 6115/6117/1972 6113/6115/1970
f 6118/6116/1971 6117/6119/1974 6115/6117/1972
f 6120/6118/1973 6119/6121/1976 6117/6119/1974
f 6122/6120/1975 6121/6123/1978 6119/6121/1976
f 6124/6122/1977 6123/6125/1980 6121/6123/1978
f 6126/6124/1979 6125/6127/1982 6123/6125/1980
f 6128/6126/1981 6127/6129/1981 6125/6127/1982
f 6130/6128/1983 6129/6131/1983 6127/6129/1981
f 6132/6130/1984 6131/6133/1984 6129/6131/1983
f 6134/6132/1985 6133/6135/1985 6131/6133/1984
f 6136/6134/1986 6135/6137/1988 6133/6135/1985
f 6138/6136/1987 6137/6139/1990 6135/6137/1988
f 6140/6138/1989 6139/6141/1992 6137/6139/1990
f 6142/6140/1991 6141/6143/1994 6139/6141/1992
f 6144/6142/1993 6143/6145/1993 6141/6143/1994
f 6146/6144/1995 6145/6147/1997 6143/6145/1993
f 6148/6146/1996 6147/6149/1996 6145/6147/1997
f 6150/6148/1998 6149/6151/2000 6147/6149/1996
f 6152/6150/1999 6151/6153/1999 6149/6151/2000
f 6154/6152/2001 6153/6155/2001 6151/6153/1999
f 6156/6154/2002 6155/6157/2004 6153/6155/2001
f 6158/6156/2003 6157/6159/2003 6155/6157/2004
f 6160/6158/2005 6159/6161/2007 6157/6159/2003
f 6162/6160/2006 6161/6163/2009 6159/6161/2007
f 6164/6162/2008 6163/6165/2008 6161/6163/2009
f 6166/6164/2010 6165/6167/2012 6163/6165/2008
f 6168/6166/2011 6167/6169/2011 6165/6167/2012
f 6170/6168/2013 6169/6171/2015 6167/6169/2011
f 6172/6170/2014 6171/6173/2014 6169/6171/2015
f 6174/6172/2016 6173/6175/2018 6171/6173/2014
f 6176/6174/2017 6175/6177/2017 6173/6175/2018
f 6178/6176/2019 6177/6179/2019 6175/6177/2017
f 6180/6178/2020 6179/6181/2020 6177/6179/2019
f 6182/6180/2021 6181/6183/2021 6179/6181/2020
f 6184/6182/2022 6183/6185/2024 6181/6183/2021
f 6186/6184/2023 6185/6187/2023 6183/6185/2024
f 6188/6186/2025 6187/6189/2027 6185/6187/2023
f 6190/6188/2026 6189/6191/2026 6187/6189/2027
f 6192/6190/2028 6191/6193/2028 6189/6191/2026
f 6194/6192/2029 6193/6195/2029 6191/6193/2028
f 6196/6194/2030 6195/6197/2030 6193/6195/2029
f 6198/6196/2031 6197/6199/2031 6195/6197/2030
f 6200/6198/2032 6199/6201/2032 6197/6199/2031
f 6202/6200/2033 6201/6203/2033 6199/6201/2032
f 6204/6202/2034 6203/6205/2034 6201/6203/2033
f 6206/6204/2035 6205/6207/2037 6203/6205/2034
f 6208/6206/2036 6207/6209/2036 6205/6207/2037
f 6210/6208/2038 6209/6211/2038 6207/6209/2036
f 6212/6210/2039 6211/6213/2039 6209/6211/2038
f 6214/6212/2040 6213/6215/2042 6211/6213/2039
f 6216/6214/2041 6215/6217/2041 6213/6215/2042
f 6218/6216/2043 6217/6219/2043 6215/6217/2041
f 6220/6218/2044 6219/6221/2044 6217/6219/2043
f 6222/6220/2045 6221/6223/2047 6219/6221/2044
f 6224/6222/2046 6223/6225/2049 6221/6223/2047
f 6226/6224/2048 6225/6227/2048 6223/6225/2049
f 6228/6226/2050 6227/6229/2050 6225/6227/2048
f 6230/6228/2051 6229/6231/2053 6227/6229/2050
f 6232/6230/2052 6231/6233/2052 6229/6231/2053
f 6234/6232/2054 6233/6235/2054 6231/6233/2052
f 6236/6234/2055 6235/6237/2055 6233/6235/2054
f 6238/6236/2056 6237/6239/2056 6235/6237/2055
f 6240/6238/2057 6239/6241/2057 6237/6239/2056
f 6242/6240/2058 6241/6243/2058 6239/6241/2057
f 6244/6242/2059 6243/6245/2061 6241/6243/2058
f 6246/6244/2060 6245/6247/2060 6243/6245/2061
f 6248/6246/2062 6247/6249/2062 6245/6247/2060
f 6250/6248/2063 6249/6251/2063 6247/6249/2062
f 6252/6250/2064 6251/6253/2064 6249/6251/2063
f 6254/6252/2065 6253/6255/2065 6251/6253/2064
f 6256/6254/1004 6255/6257/2067 6253/6255/2065
f 6258/6256/2066 6257/6259/2066 6255/6257/2067
f 6260/6258/2068 6259/6261/2068 6257/6259/2066
f 6262/6260/2069 6261/6263/2069 6259/6261/2068
f 6264/6262/2070 6263/6265/2070 6261/6263/2069
f 6266/6264/2071 6265/6267/2071 6263/6265/2070
f 6268/6266/2072 6267/6269/2074 6265/6267/2071
f 6270/6268/2073 6269/6271/2073 6267/6269/2074
f 6272/6270/2075 6271/6273/2075 6269/6271/2073
f 6274/6272/2076 6273/6275/2076 6271/6273/2075
f 6276/6274/2077 6275/6277/2079 6273/6275/2076
f 6278/6276/2078 6277/6279/2078 6275/6277/2079
f 6280/6278/2080 6279/6281/2082 6277/6279/2078
f 6282/6280/2081 6281/6283/2081 6279/6281/2082
f 6284/6282/2083 6283/6285/2083 6281/6283/2081
f 6286/6284/2084 6285/6287/2084 6283/6285/2083
f 6288/6286/526 6287/6289/2086 6285/6287/2084
f 6290/6288/2085 6289/6291/2085 6287/6289/2086
f 6292/6290/2087 6291/6293/2087 6289/6291/2085
f 6294/6292/2088 6293/6295/2090 6291/6293/2087
f 6296/6294/2089 6295/6297/2089 6293/6295/2090
f 6298/6296/2091 6297/6299/2093 6295/6297/2089
f 6300/6298/2092 6299/6301/2095 6297/6299/2093
f 6302/6300/2094 6301/6303/2097 6299/6301/2095
f 6304/6302/2096 6303/6305/2096 6301/6303/2097
f 6306/6304/2098 6305/6307/2100 6303/6305/2096
f 6308/6306/2099 6307/6309/2099 6305/6307/2100
f 6310/6308/2101 6309/6311/2103 6307/6309/2099
f 6312/6310/2102 6311/6313/192 6309/6311/2103
f 6314/6312/2104 6313/6315/2104 6311/6313/192
f 6316/6314/2105 6315/6317/2105 6313/6315/2104
f 6318/6316/2106 6317/6319/2108 6315/6317/2105
f 6320/6318/2107 6319/6321/2107 6317/6319/2108
f 6322/6320/1026 6321/6323/2110 6319/6321/2107
f 6324/6322/2109 6323/6325/2112 6321/6323/2110
f 6326/6324/2111 6325/6327/2111 6323/6325/2112
f 6328/6326/2113 6327/6329/2113 6325/6327/2111
f 6330/6328/2114 6329/6331/2116 6327/6329/2113
f 6332/6330/2115 6331/6333/2118 6329/6331/2116
f 6334/6332/2117 6333/6335/2120 6331/6333/2118
f 6336/6334/2119 6335/6337/2122 6333/6335/2120
f 6338/6336/2121 6337/6339/2121 6335/6337/2122
f 6340/6338/2123 6339/6341/2123 6337/6339/2121
f 6342/6340/2124 6341/6343/2124 6339/6341/2123
f 6344/6342/2125 6343/6345/1643 6341/6343/2124
f 6346/6344/2126 6345/6347/2126 6343/6345/1643
f 6348/6346/2127 6347/6349/2127 6345/6347/2126
f 6350/6348/2128 6349/6351/2130 6347/6349/2127
f 6352/6350/2129 6351/6353/2129 6349/6351/2130
f 6354/6352/2131 6353/6355/2131 6351/6353/2129
f 6356/6354/2132 6355/6357/2132 6353/6355/2131
f 6358/6356/2133 6357/6359/2133 6355/6357/2132
f 6360/6358/2134 6359/6361/2136 6357/6359/2133
f 6362/6360/2135 6361/6363/2138 6359/6361/2136
f 6364/6362/2137 6363/6365/2140 6361/6363/2138
f 6366/6364/2139 6365/6367/2139 6363/6365/2140
f 6368/6366/2141 6367/6369/2143 6365/6367/2139
f 6370/6368/2142 6369/6371/2144 6367/6369/2143
f 6372/6370/1606 6371/6373/1606 6369/6371/2144
f 6374/6372/2145 6373/6375/2145 6371/6373/1606
f 6376/6374/2146 6375/6377/2148 6373/6375/2145
f 6378/6376/2147 6377/6379/2150 6375/6377/2148
f 6380/6378/2149 6379/6381/2152 6377/6379/2150
f 6382/6380/2151 6381/6383/2154 6379/6381/2152
f 6384/6382/2153 6383/6385/2156 6381/6383/2154
f 6386/6384/2155 6385/6387/2158 6383/6385/2156
f 6388/6386/2157 6387/6389/2160 6385/6387/2158
f 6390/6388/2159 6389/6391/2162 6387/6389/2160
f 6392/6390/2161 6391/6393/2161 6389/6391/2162
f 6394/6392/2163 6393/6395/2165 6391/6393/2161
f 6396/6394/2164 6395/6397/2164 6393/6395/2165
f 6398/6396/2166 6397/6399/2166 6395/6397/2164
f 6400/6398/2167 6399/6401/2167 6397/6399/2166
f 6402/6400/1963 6401/6403/2169 6399/6401/2167
f 6404/6402/2168 6403/6405/2168 6401/6403/2169
f 6406/6404/2170 6405/6407/2172 6403/6405/2168
f 6408/6406/2171 6407/6409/2171 6405/6407/2172
f 6410/6408/2173 6409/6411/2173 6407/6409/2171
f 6412/6410/2174 6411/6413/2176 6409/6411/2173
f 6414/6412/2175 6413/6415/2175 6411/6413/2176
f 6416/6414/2177 6415/6417/2179 6413/6415/2175
f 6418/6416/2178 6417/6419/2181 6415/6417/2179
f 6420/6418/2180 6419/6421/2183 6417/6419/2181
f 6422/6420/2182 6421/6423/2182 6419/6421/2183
f 6424/6422/2184 6423/6425/2184 6421/6423/2182
f 6426/6424/2185 6425/6427/2185 6423/6425/2184
f 6428/6426/2186 6427/6429/2188 6425/6427/2185
f 6430/6428/2187 6429/6431/2187 6427/6429/2188
f 6432/6430/2189 6431/6433/2191 6429/6431/2187
f 6434/6432/2190 6433/6435/2190 6431/6433/2191
f 6436/6434/2192 6435/6437/2192 6433/6435/2190
f 6438/6436/2193 6437/6439/2195 6435/6437/2192
f 6440/6438/2194 6439/6441/2194 6437/6439/2195
f 6442/6440/2196 6441/6443/2198 6439/6441/2194
f 6444/6442/2197 6443/6445/2200 6441/6443/2198
f 6446/6444/2199 6445/6447/2202 6443/6445/2200
f 6448/6446/2201 6447/6449/2204 6445/6447/2202
f 6450/6448/2203 6449/6451/2203 6447/6449/2204
f 6452/6450/2205 6451/6453/2207 6449/6451/2203
f 6454/6452/2206 6453/6455/2206 6451/6453/2207
f 6456/6454/2208 6455/6457/2208 6453/6455/2206
f 6458/6456/2209 6457/6459/2209 6455/6457/2208
f 6460/6458/2210 6459/6461/2210 6457/6459/2209
f 6462/6460/2211 6461/6463/2213 6459/6461/2210
f 6464/6462/2212 6463/6465/2215 6461/6463/2213
f 6466/6464/2214 6465/6467/2217 6463/6465/2215
f 6468/6466/2216 6467/6469/2216 6465/6467/2217
f 6470/6468/2218 6469/6471/2220 6467/6469/2216
f 6472/6470/2219 6471/6473/2222 6469/6471/2220
f 6474/6472/2221 6473/6475/2224 6471/6473/2222
f 6476/6474/2223 6475/6477/2226 6473/6475/2224
f 6478/6476/2225 6477/6479/2225 6475/6477/2226
f 6480/6478/2227 6479/6481/2229 6477/6479/2225
f 6482/6480/2228 6481/6483/2231 6479/6481/2229
f 6484/6482/2230 6483/6485/2230 6481/6483/2231
f 6486/6484/2232 6485/6487/2234 6483/6485/2230
f 6488/6486/2233 6487/6489/2236 6485/6487/2234
f 6490/6488/2235 6489/6491/2238 6487/6489/2236
f 6492/6490/2237 6491/6493/2237 6489/6491/2238
f 6494/6492/2239 6493/6495/2239 6491/6493/2237
f 6496/6494/2240 6495/6497/2240 6493/6495/2239
f 6498/6496/2241 6497/6499/2243 6495/6497/2240
f 6500/6498/2242 6499/6501/2242 6497/6499/2243
f 6502/6500/2244 6501/6503/2244 6499/6501/2242
f 6504/6502/2245 6503/6504/2245 6501/6503/2244
f 5542/5543/1559 5541/5542/1559 6503/6504/2245
