# Blender 4.4.0
# www.blender.org
mtllib Title.mtl
o テキスト
v -7.464512 0.190758 -1.022828
v -7.464419 0.170201 -1.022828
v -7.464139 0.148779 -1.022828
v -7.463665 0.126708 -1.022828
v -7.462986 0.104210 -1.022828
v -7.462097 0.081501 -1.022828
v -7.460988 0.058799 -1.022828
v -7.459653 0.036322 -1.022828
v -7.458086 0.014292 -1.022828
v -7.456279 -0.007080 -1.022828
v -7.454224 -0.027568 -1.022828
v -7.451912 -0.046959 -1.022828
v -7.449337 -0.065031 -1.022828
v -7.659606 -0.065031 -1.022828
v -7.657528 -0.046254 -1.022828
v -7.655632 -0.025913 -1.022828
v -7.653915 -0.004336 -1.022828
v -7.652378 0.018144 -1.022828
v -7.651023 0.041197 -1.022828
v -7.649850 0.064489 -1.022828
v -7.648855 0.087692 -1.022828
v -7.648045 0.110473 -1.022828
v -7.647412 0.132501 -1.022828
v -7.646958 0.153445 -1.022828
v -7.646688 0.172974 -1.022828
v -7.646598 0.190758 -1.022828
v -7.644431 0.906099 -1.022828
v -7.707227 0.885736 -1.022828
v -7.774674 0.862787 -1.022828
v -7.845825 0.837546 -1.022828
v -7.919729 0.810320 -1.022828
v -7.995440 0.781407 -1.022828
v -8.072011 0.751109 -1.022828
v -8.148488 0.719727 -1.022828
v -8.223930 0.687562 -1.022828
v -8.297384 0.654917 -1.022828
v -8.367902 0.622089 -1.022828
v -8.434537 0.589385 -1.022828
v -8.496338 0.557099 -1.022828
v -8.570040 0.741354 -1.022828
v -8.509479 0.770869 -1.022828
v -8.442316 0.801717 -1.022828
v -8.369632 0.833516 -1.022828
v -8.292497 0.865876 -1.022828
v -8.211988 0.898419 -1.022828
v -8.129187 0.930757 -1.022828
v -8.045164 0.962509 -1.022828
v -7.960999 0.993289 -1.022828
v -7.877765 1.022716 -1.022828
v -7.796543 1.050401 -1.022828
v -7.718406 1.075967 -1.022828
v -7.644431 1.099025 -1.022828
v -7.644431 1.452361 -1.022828
v -7.644606 1.469174 -1.022828
v -7.645103 1.486975 -1.022828
v -7.645887 1.505571 -1.022828
v -7.646919 1.524776 -1.022828
v -7.648164 1.544406 -1.022828
v -7.649579 1.564267 -1.022828
v -7.651132 1.584174 -1.022828
v -7.652781 1.603939 -1.022828
v -7.654492 1.623373 -1.022828
v -7.656224 1.642285 -1.022828
v -7.657941 1.660492 -1.022828
v -7.659606 1.677801 -1.022828
v -7.447170 1.677801 -1.022828
v -7.450244 1.660407 -1.022828
v -7.452971 1.641984 -1.022828
v -7.455366 1.622761 -1.022828
v -7.457445 1.602975 -1.022828
v -7.459225 1.582858 -1.022828
v -7.460716 1.562642 -1.022828
v -7.461939 1.542563 -1.022828
v -7.462903 1.522850 -1.022828
v -7.463630 1.503742 -1.022828
v -7.464128 1.485467 -1.022828
v -7.464417 1.468262 -1.022828
v -7.464512 1.452361 -1.022828
v -7.464512 1.391604 -1.022828
v -7.464512 1.304114 -1.022828
v -7.464512 1.195487 -1.022828
v -7.464512 1.071326 -1.022828
v -7.464512 0.937230 -1.022828
v -7.464512 0.798798 -1.022828
v -7.464512 0.661630 -1.022828
v -7.464512 0.531328 -1.022828
v -7.464512 0.413490 -1.022828
v -7.464512 0.313714 -1.022828
v -7.464512 0.237604 -1.022828
v -6.300456 1.450192 -1.022830
v -6.189903 1.534733 -1.022830
v -6.180783 1.532114 -1.022830
v -6.170783 1.529685 -1.022830
v -6.159928 1.527451 -1.022830
v -6.148235 1.525421 -1.022830
v -6.135730 1.523600 -1.022830
v -6.122433 1.521998 -1.022830
v -6.108368 1.520621 -1.022830
v -6.093560 1.519479 -1.022830
v -6.078030 1.518577 -1.022830
v -6.061799 1.517922 -1.022830
v -6.044889 1.517526 -1.022830
v -6.027325 1.517392 -1.022830
v -5.995668 1.517392 -1.022830
v -5.943518 1.517392 -1.022830
v -5.874943 1.517392 -1.022830
v -5.794016 1.517392 -1.022830
v -5.704810 1.517392 -1.022830
v -5.611398 1.517392 -1.022830
v -5.517851 1.517392 -1.022830
v -5.428238 1.517392 -1.022830
v -5.346632 1.517392 -1.022830
v -5.277111 1.517392 -1.022830
v -5.223740 1.517392 -1.022830
v -5.190593 1.517392 -1.022830
v -5.173204 1.517565 -1.022830
v -5.153903 1.518054 -1.022830
v -5.133215 1.518813 -1.022830
v -5.111672 1.519800 -1.022830
v -5.089797 1.520966 -1.022830
v -5.068118 1.522269 -1.022830
v -5.047160 1.523660 -1.022830
v -5.027454 1.525100 -1.022830
v -5.009522 1.526537 -1.022830
v -4.993893 1.527928 -1.022830
v -4.981095 1.529231 -1.022830
v -4.971654 1.530397 -1.022830
v -4.971654 1.333136 -1.022830
v -4.979522 1.333805 -1.022830
v -4.990881 1.334693 -1.022830
v -5.005255 1.335744 -1.022830
v -5.022154 1.336910 -1.022830
v -5.041101 1.338135 -1.022830
v -5.061615 1.339369 -1.022830
v -5.083211 1.340557 -1.022830
v -5.105408 1.341647 -1.022830
v -5.127729 1.342586 -1.022830
v -5.149687 1.343322 -1.022830
v -5.170802 1.343804 -1.022830
v -5.190593 1.343975 -1.022830
v -5.221676 1.343975 -1.022830
v -5.274141 1.343975 -1.022830
v -5.343721 1.343975 -1.022830
v -5.426151 1.343975 -1.022830
v -5.517159 1.343975 -1.022830
v -5.612482 1.343975 -1.022830
v -5.707849 1.343975 -1.022830
v -5.798994 1.343975 -1.022830
v -5.881650 1.343975 -1.022830
v -5.951547 1.343975 -1.022830
v -6.004420 1.343975 -1.022830
v -6.035996 1.343975 -1.022830
v -6.020349 1.297510 -1.022830
v -6.000763 1.248455 -1.022830
v -5.977637 1.197384 -1.022830
v -5.951375 1.144868 -1.022830
v -5.922374 1.091480 -1.022830
v -5.891031 1.037787 -1.022830
v -5.857747 0.984367 -1.022830
v -5.822919 0.931791 -1.022830
v -5.786947 0.880629 -1.022830
v -5.750230 0.831454 -1.022830
v -5.713167 0.784838 -1.022830
v -5.676158 0.741354 -1.022830
v -5.618348 0.678926 -1.022830
v -5.556713 0.616590 -1.022830
v -5.491498 0.554798 -1.022830
v -5.422937 0.493996 -1.022830
v -5.351279 0.434640 -1.022831
v -5.276761 0.377181 -1.022831
v -5.199620 0.322068 -1.022831
v -5.120103 0.269758 -1.022831
v -5.038448 0.220700 -1.022831
v -4.954895 0.175343 -1.022831
v -4.869686 0.134141 -1.022831
v -4.783064 0.097547 -1.022831
v -4.921798 -0.047689 -1.022831
v -5.001396 -0.009485 -1.022831
v -5.079708 0.032315 -1.022831
v -5.156621 0.077428 -1.022831
v -5.232020 0.125567 -1.022831
v -5.305792 0.176445 -1.022831
v -5.377826 0.229776 -1.022831
v -5.448009 0.285276 -1.022831
v -5.516227 0.342658 -1.022831
v -5.582371 0.401634 -1.022831
v -5.646321 0.461922 -1.022831
v -5.707969 0.523231 -1.022830
v -5.767201 0.585279 -1.022830
v -5.822604 0.534858 -1.022830
v -5.878044 0.482493 -1.022830
v -5.933200 0.428595 -1.022831
v -5.987746 0.373566 -1.022831
v -6.041357 0.317817 -1.022831
v -6.093711 0.261749 -1.022831
v -6.144485 0.205774 -1.022831
v -6.193357 0.150293 -1.022831
v -6.239996 0.095717 -1.022831
v -6.284087 0.042450 -1.022828
v -6.325303 -0.009100 -1.022828
v -6.363319 -0.058528 -1.022828
v -6.515059 0.071534 -1.022828
v -6.477354 0.116535 -1.022828
v -6.435055 0.165458 -1.022828
v -6.388723 0.217618 -1.022828
v -6.338913 0.272328 -1.022828
v -6.286183 0.328905 -1.022831
v -6.231091 0.386663 -1.022831
v -6.174192 0.444919 -1.022831
v -6.116042 0.502987 -1.022830
v -6.057199 0.560182 -1.022830
v -5.998221 0.615819 -1.022830
v -5.939667 0.669211 -1.022830
v -5.882091 0.719677 -1.022830
v -5.920178 0.769597 -1.022830
v -5.957387 0.821520 -1.022830
v -5.993557 0.875006 -1.022830
v -6.028531 0.929623 -1.022830
v -6.062148 0.984932 -1.022830
v -6.094254 1.040497 -1.022830
v -6.124688 1.095882 -1.022830
v -6.153293 1.150648 -1.022830
v -6.179911 1.204362 -1.022830
v -6.204387 1.256584 -1.022830
v -6.226554 1.306881 -1.022830
v -6.246264 1.354814 -1.022830
v -6.249815 1.362735 -1.022830
v -6.253891 1.371213 -1.022830
v -6.258390 1.380081 -1.022830
v -6.263204 1.389176 -1.022830
v -6.268228 1.398331 -1.022830
v -6.273360 1.407380 -1.022830
v -6.278491 1.416160 -1.022830
v -6.283517 1.424501 -1.022830
v -6.288332 1.432242 -1.022830
v -6.292830 1.439213 -1.022830
v -6.296907 1.445252 -1.022830
v -2.580680 0.283968 -1.022831
v -2.580680 0.086708 -1.022831
v -2.597431 0.088245 -1.022831
v -2.614079 0.089609 -1.022831
v -2.630604 0.090807 -1.022831
v -2.646996 0.091845 -1.022831
v -2.663236 0.092736 -1.022831
v -2.679310 0.093482 -1.022831
v -2.695203 0.094094 -1.022831
v -2.710902 0.094577 -1.022831
v -2.726388 0.094939 -1.022831
v -2.741651 0.095188 -1.022831
v -2.756671 0.095333 -1.022831
v -2.771438 0.095379 -1.022831
v -4.204288 0.095379 -1.022831
v -4.215818 0.095375 -1.022831
v -4.228604 0.095338 -1.022831
v -4.242459 0.095245 -1.022831
v -4.257195 0.095059 -1.022831
v -4.272623 0.094752 -1.022831
v -4.288556 0.094294 -1.022831
v -4.304804 0.093658 -1.022831
v -4.321181 0.092810 -1.022831
v -4.337498 0.091722 -1.022831
v -4.353567 0.090361 -1.022831
v -4.369198 0.088701 -1.022831
v -4.384208 0.086708 -1.022831
v -4.384208 0.283968 -1.022831
v -4.370070 0.282347 -1.022831
v -4.355826 0.280748 -1.022831
v -4.341462 0.279193 -1.022831
v -4.326963 0.277706 -1.022831
v -4.312314 0.276310 -1.022831
v -4.297498 0.275027 -1.022831
v -4.282501 0.273880 -1.022831
v -4.267310 0.272890 -1.022831
v -4.251908 0.272081 -1.022831
v -4.236281 0.271474 -1.022831
v -4.220412 0.271095 -1.022831
v -4.204288 0.270962 -1.022831
v -3.566984 0.270962 -1.022831
v -3.566984 1.268105 -1.022830
v -4.087233 1.268105 -1.022830
v -4.102574 1.268060 -1.022830
v -4.118191 1.267915 -1.022830
v -4.134007 1.267666 -1.022830
v -4.149936 1.267303 -1.022830
v -4.165894 1.266820 -1.022830
v -4.181799 1.266209 -1.022830
v -4.197568 1.265463 -1.022830
v -4.213120 1.264572 -1.022830
v -4.228369 1.263534 -1.022830
v -4.243235 1.262336 -1.022830
v -4.257635 1.260972 -1.022830
v -4.271488 1.259435 -1.022830
v -4.271488 1.450192 -1.022830
v -4.258175 1.448571 -1.022830
v -4.244291 1.446972 -1.022830
v -4.229894 1.445417 -1.022830
v -4.215047 1.443930 -1.022830
v -4.199808 1.442534 -1.022830
v -4.184237 1.441251 -1.022830
v -4.168396 1.440104 -1.022830
v -4.152344 1.439113 -1.022830
v -4.136140 1.438305 -1.022830
v -4.119848 1.437698 -1.022830
v -4.103525 1.437319 -1.022830
v -4.087233 1.437186 -1.022830
v -2.894995 1.437186 -1.022830
v -2.883382 1.437278 -1.022830
v -2.870369 1.437548 -1.022830
v -2.856181 1.438000 -1.022830
v -2.841044 1.438633 -1.022830
v -2.825185 1.439445 -1.022830
v -2.808830 1.440438 -1.022830
v -2.792204 1.441613 -1.022830
v -2.775532 1.442967 -1.022830
v -2.759043 1.444503 -1.022830
v -2.742957 1.446220 -1.022830
v -2.727504 1.448116 -1.022830
v -2.712909 1.450192 -1.022830
v -2.712909 1.259435 -1.022830
v -2.727090 1.260972 -1.022830
v -2.742353 1.262336 -1.022830
v -2.758431 1.263534 -1.022830
v -2.775048 1.264572 -1.022830
v -2.791940 1.265463 -1.022830
v -2.808828 1.266209 -1.022830
v -2.825448 1.266820 -1.022830
v -2.841526 1.267303 -1.022830
v -2.856788 1.267666 -1.022830
v -2.870970 1.267915 -1.022830
v -2.883796 1.268060 -1.022830
v -2.894995 1.268105 -1.022830
v -3.382729 1.268105 -1.022830
v -3.382729 0.270962 -1.022831
v -2.771438 0.270962 -1.022831
v -2.756632 0.271054 -1.022831
v -2.741501 0.271324 -1.022831
v -2.726084 0.271776 -1.022831
v -2.710421 0.272409 -1.022831
v -2.694544 0.273222 -1.022831
v -2.678497 0.274214 -1.022831
v -2.662313 0.275389 -1.022831
v -2.646032 0.276744 -1.022831
v -2.629689 0.278279 -1.022831
v -2.613325 0.279996 -1.022831
v -2.596976 0.281892 -1.022831
v -1.394947 1.684304 -1.022830
v -1.193350 1.749336 -1.022830
v -1.189710 1.734829 -1.022830
v -1.185363 1.719640 -1.022830
v -1.180413 1.703983 -1.022830
v -1.174966 1.688078 -1.022830
v -1.169128 1.672142 -1.022830
v -1.163002 1.656396 -1.022830
v -1.156699 1.641054 -1.022830
v -1.150316 1.626338 -1.022830
v -1.143968 1.612465 -1.022830
v -1.137753 1.599654 -1.022830
v -1.131778 1.588121 -1.022830
v -1.126152 1.578087 -1.022830
v -1.100298 1.526951 -1.022830
v -1.069258 1.471579 -1.022830
v -1.032906 1.412698 -1.022830
v -0.991111 1.351040 -1.022830
v -0.943746 1.287336 -1.022830
v -0.890685 1.222313 -1.022830
v -0.831797 1.156703 -1.022830
v -0.766955 1.091236 -1.022830
v -0.696032 1.026643 -1.022830
v -0.618900 0.963654 -1.022830
v -0.535429 0.902997 -1.022830
v -0.445493 0.845404 -1.022830
v -0.595065 0.732683 -1.022830
v -0.653007 0.772940 -1.022830
v -0.708698 0.814484 -1.022830
v -0.762147 0.857157 -1.022830
v -0.813358 0.900802 -1.022830
v -0.862344 0.945257 -1.022830
v -0.909110 0.990368 -1.022830
v -0.953661 1.035977 -1.022830
v -0.996007 1.081924 -1.022830
v -1.036157 1.128052 -1.022830
v -1.074116 1.174203 -1.022830
v -1.109890 1.220217 -1.022830
v -1.143492 1.265938 -1.022830
v -1.878345 1.265938 -1.022830
v -1.865186 1.215001 -1.022830
v -1.848588 1.161196 -1.022830
v -1.828723 1.105088 -1.022830
v -1.805765 1.047240 -1.022830
v -1.779887 0.988220 -1.022830
v -1.751262 0.928589 -1.022830
v -1.720062 0.868915 -1.022830
v -1.686461 0.809758 -1.022830
v -1.650634 0.751686 -1.022830
v -1.612751 0.695261 -1.022830
v -1.572984 0.641048 -1.022830
v -1.531512 0.589615 -1.022830
v -1.480631 0.532875 -1.022830
v -1.426497 0.477657 -1.022831
v -1.368934 0.424124 -1.022831
v -1.307757 0.372444 -1.022831
v -1.242785 0.322779 -1.022831
v -1.173841 0.275298 -1.022831
v -1.100742 0.230165 -1.022831
v -1.023305 0.187548 -1.022831
v -0.941355 0.147608 -1.022831
v -0.854705 0.110512 -1.022831
v -0.763181 0.076429 -1.022831
v -0.666599 0.045522 -1.022831
v -0.822674 -0.095378 -1.022831
v -0.921491 -0.056952 -1.022831
v -1.014384 -0.016479 -1.022831
v -1.101662 0.026012 -1.022831
v -1.183635 0.070492 -1.022831
v -1.260609 0.116925 -1.022831
v -1.332896 0.165288 -1.022831
v -1.400802 0.215546 -1.022831
v -1.464636 0.267670 -1.022831
v -1.524705 0.321632 -1.022831
v -1.581319 0.377401 -1.022831
v -1.634789 0.434945 -1.022831
v -1.685418 0.494235 -1.022830
v -1.732421 0.553907 -1.022830
v -1.776923 0.615558 -1.022830
v -1.818869 0.678727 -1.022830
v -1.858194 0.742961 -1.022830
v -1.894838 0.807794 -1.022830
v -1.928743 0.872771 -1.022830
v -1.959850 0.937432 -1.022830
v -1.988095 1.001318 -1.022830
v -2.013420 1.063968 -1.022830
v -2.035764 1.124926 -1.022830
v -2.055068 1.183732 -1.022830
v -2.071270 1.239925 -1.022830
v -2.074196 1.248893 -1.022830
v -2.077521 1.258370 -1.022830
v -2.081193 1.268242 -1.022830
v -2.085158 1.278382 -1.022830
v -2.089364 1.288673 -1.022830
v -2.093757 1.298996 -1.022830
v -2.098288 1.309227 -1.022830
v -2.102901 1.319249 -1.022830
v -2.107543 1.328938 -1.022830
v -2.112164 1.338174 -1.022830
v -2.116709 1.346841 -1.022830
v -2.121127 1.354814 -1.022830
v -1.975890 1.443689 -1.022830
v -1.966951 1.440076 -1.022830
v -1.957474 1.436816 -1.022830
v -1.947474 1.433900 -1.022830
v -1.936952 1.431325 -1.022830
v -1.925919 1.429081 -1.022830
v -1.914382 1.427161 -1.022830
v -1.902347 1.425556 -1.022830
v -1.889824 1.424261 -1.022830
v -1.876818 1.423266 -1.022830
v -1.863339 1.422566 -1.022830
v -1.849392 1.422149 -1.022830
v -1.834990 1.422012 -1.022830
v -1.245375 1.422012 -1.022830
v -1.297400 1.513056 -1.022830
v -1.303168 1.524000 -1.022830
v -1.309594 1.536126 -1.022830
v -1.316604 1.549263 -1.022830
v -1.324134 1.563233 -1.022830
v -1.332116 1.577868 -1.022830
v -1.340483 1.592989 -1.022830
v -1.349165 1.608428 -1.022830
v -1.358095 1.624010 -1.022830
v -1.367206 1.639561 -1.022830
v -1.376433 1.654910 -1.022830
v -1.385701 1.669883 -1.022830
v 0.007556 0.240615 -1.022831
v 0.025143 0.239423 -1.022831
v 0.042030 0.235948 -1.022831
v 0.058057 0.230353 -1.022831
v 0.073071 0.222792 -1.022831
v 0.086908 0.213426 -1.022831
v 0.099415 0.202409 -1.022831
v 0.110429 0.189904 -1.022831
v 0.119796 0.176065 -1.022831
v 0.127359 0.161053 -1.022831
v 0.132954 0.145026 -1.022831
v 0.136429 0.128140 -1.022831
v 0.137619 0.110553 -1.022831
v 0.136426 0.092966 -1.022831
v 0.132951 0.076079 -1.022831
v 0.127357 0.060052 -1.022831
v 0.119796 0.045041 -1.022831
v 0.110427 0.031202 -1.022831
v 0.099413 0.018697 -1.022831
v 0.086908 0.007680 -1.022831
v 0.073068 -0.001687 -1.022831
v 0.058056 -0.009247 -1.022831
v 0.042027 -0.014842 -1.022831
v 0.025141 -0.018317 -1.022831
v 0.007556 -0.019509 -1.022831
v -0.010030 -0.018317 -1.022831
v -0.026917 -0.014842 -1.022831
v -0.042946 -0.009247 -1.022831
v -0.057958 -0.001687 -1.022831
v -0.071797 0.007680 -1.022831
v -0.084302 0.018697 -1.022831
v -0.095318 0.031202 -1.022831
v -0.104684 0.045041 -1.022831
v -0.112246 0.060052 -1.022831
v -0.117841 0.076079 -1.022831
v -0.121316 0.092966 -1.022831
v -0.122506 0.110553 -1.022831
v -0.121313 0.128140 -1.022831
v -0.117838 0.145026 -1.022831
v -0.112243 0.161053 -1.022831
v -0.104683 0.176065 -1.022831
v -0.095316 0.189904 -1.022831
v -0.084300 0.202409 -1.022831
v -0.071795 0.213426 -1.022831
v -0.057955 0.222792 -1.022831
v -0.042944 0.230353 -1.022831
v -0.026914 0.235948 -1.022831
v -0.010028 0.239423 -1.022831
v 0.007556 0.992808 -1.022830
v 0.025143 0.991615 -1.022830
v 0.042030 0.988141 -1.022830
v 0.058057 0.982546 -1.022830
v 0.073071 0.974984 -1.022830
v 0.086908 0.965618 -1.022830
v 0.099415 0.954602 -1.022830
v 0.110429 0.942096 -1.022830
v 0.119796 0.928258 -1.022830
v 0.127359 0.913246 -1.022830
v 0.132954 0.897218 -1.022830
v 0.136429 0.880332 -1.022830
v 0.137619 0.862746 -1.022830
v 0.136426 0.845159 -1.022830
v 0.132951 0.828272 -1.022830
v 0.127357 0.812244 -1.022830
v 0.119796 0.797233 -1.022830
v 0.110427 0.783395 -1.022830
v 0.099413 0.770889 -1.022830
v 0.086908 0.759873 -1.022830
v 0.073068 0.750506 -1.022830
v 0.058056 0.742945 -1.022830
v 0.042027 0.737350 -1.022830
v 0.025141 0.733875 -1.022830
v 0.007556 0.732683 -1.022830
v -0.010030 0.733875 -1.022830
v -0.026917 0.737350 -1.022830
v -0.042946 0.742945 -1.022830
v -0.057958 0.750506 -1.022830
v -0.071797 0.759873 -1.022830
v -0.084302 0.770889 -1.022830
v -0.095318 0.783395 -1.022830
v -0.104684 0.797233 -1.022830
v -0.112246 0.812244 -1.022830
v -0.117841 0.828272 -1.022830
v -0.121316 0.845159 -1.022830
v -0.122506 0.862746 -1.022830
v -0.121313 0.880332 -1.022830
v -0.117838 0.897218 -1.022830
v -0.112243 0.913246 -1.022830
v -0.104683 0.928258 -1.022830
v -0.095316 0.942096 -1.022830
v -0.084300 0.954602 -1.022830
v -0.071795 0.965618 -1.022830
v -0.057955 0.974984 -1.022830
v -0.042944 0.982546 -1.022830
v -0.026914 0.988141 -1.022830
v -0.010028 0.991615 -1.022830
v 2.095054 1.484876 -1.022832
v 2.094059 1.471572 -1.022832
v 2.093226 1.457749 -1.022832
v 2.092548 1.443521 -1.022832
v 2.092004 1.428996 -1.022832
v 2.091579 1.414294 -1.022832
v 2.091259 1.399522 -1.022832
v 2.091032 1.384798 -1.022832
v 2.090878 1.370229 -1.022832
v 2.090785 1.355933 -1.022832
v 2.090738 1.342017 -1.022832
v 2.090721 1.328602 -1.022832
v 2.090718 1.315795 -1.022832
v 2.090718 1.279204 -1.022832
v 2.090718 1.214364 -1.022832
v 2.090718 1.126900 -1.022832
v 2.090718 1.022434 -1.022832
v 2.090718 0.906585 -1.022832
v 2.090718 0.784980 -1.022832
v 2.090718 0.663239 -1.022832
v 2.090718 0.546983 -1.022832
v 2.090718 0.441839 -1.022832
v 2.090718 0.353426 -1.022832
v 2.090718 0.287368 -1.022832
v 2.090718 0.249286 -1.022832
v 2.090804 0.228682 -1.022832
v 2.091048 0.205310 -1.022832
v 2.091429 0.179919 -1.022832
v 2.091921 0.153266 -1.022832
v 2.092504 0.126097 -1.022832
v 2.093157 0.099173 -1.022832
v 2.093853 0.073240 -1.022832
v 2.094572 0.049055 -1.022832
v 2.095290 0.027367 -1.022832
v 2.095985 0.008931 -1.022832
v 2.096638 -0.005499 -1.022832
v 2.097222 -0.015174 -1.022832
v 1.910798 -0.015174 -1.022832
v 1.915134 0.110553 -1.022832
v 0.731570 0.110553 -1.022832
v 0.733737 -0.015174 -1.022832
v 0.547314 -0.015174 -1.022832
v 0.547854 -0.006330 -1.022832
v 0.548388 0.007717 -1.022832
v 0.548906 0.026114 -1.022832
v 0.549401 0.048010 -1.022832
v 0.549867 0.072557 -1.022832
v 0.550295 0.098902 -1.022832
v 0.550679 0.126195 -1.022832
v 0.551008 0.153587 -1.022832
v 0.551277 0.180225 -1.022832
v 0.551479 0.205259 -1.022832
v 0.551606 0.227840 -1.022832
v 0.551650 0.247118 -1.022832
v 0.551650 0.283543 -1.022832
v 0.551650 0.347957 -1.022832
v 0.551650 0.434828 -1.022832
v 0.551650 0.538635 -1.022832
v 0.551650 0.653851 -1.022832
v 0.551650 0.774953 -1.022832
v 0.551650 0.896419 -1.022832
v 0.551650 1.012718 -1.022832
v 0.551650 1.118330 -1.022832
v 0.551650 1.207731 -1.022832
v 0.551650 1.275394 -1.022832
v 0.551650 1.315795 -1.022832
v 0.551647 1.329471 -1.022832
v 0.551630 1.343372 -1.022832
v 0.551583 1.357456 -1.022832
v 0.551490 1.371674 -1.022832
v 0.551336 1.385981 -1.022832
v 0.551108 1.400336 -1.022832
v 0.550789 1.414690 -1.022832
v 0.550364 1.428996 -1.022832
v 0.549820 1.443214 -1.022832
v 0.549140 1.457298 -1.022832
v 0.548309 1.471199 -1.022832
v 0.547314 1.484876 -1.022832
v 0.563817 1.483881 -1.022832
v 0.580712 1.483048 -1.022832
v 0.597848 1.482370 -1.022832
v 0.615074 1.481826 -1.022832
v 0.632241 1.481401 -1.022832
v 0.649196 1.481083 -1.022832
v 0.665790 1.480854 -1.022832
v 0.681872 1.480700 -1.022832
v 0.697291 1.480608 -1.022832
v 0.711899 1.480560 -1.022832
v 0.725542 1.480543 -1.022832
v 0.738072 1.480540 -1.022832
v 0.781053 1.480540 -1.022832
v 0.853051 1.480540 -1.022832
v 0.948305 1.480540 -1.022832
v 1.061060 1.480540 -1.022832
v 1.185555 1.480540 -1.022832
v 1.316035 1.480540 -1.022832
v 1.446742 1.480540 -1.022832
v 1.571914 1.480540 -1.022832
v 1.685797 1.480540 -1.022832
v 1.782633 1.480540 -1.022832
v 1.856663 1.480540 -1.022832
v 1.902128 1.480540 -1.022832
v 1.914783 1.480584 -1.022832
v 1.927858 1.480711 -1.022832
v 1.941418 1.480913 -1.022832
v 1.955519 1.481182 -1.022832
v 1.970220 1.481512 -1.022832
v 1.985585 1.481895 -1.022832
v 2.001671 1.482323 -1.022832
v 2.018542 1.482789 -1.022832
v 2.036255 1.483284 -1.022832
v 2.054871 1.483802 -1.022832
v 2.074451 1.484336 -1.022832
v 1.915134 0.279634 -1.022832
v 1.915134 1.309292 -1.022832
v 0.729401 1.309292 -1.022832
v 0.729401 0.279634 -1.022832
v 2.845078 1.450192 -1.022832
v 2.955631 1.534733 -1.022832
v 2.964749 1.532114 -1.022832
v 2.974749 1.529685 -1.022832
v 2.985606 1.527451 -1.022832
v 2.997298 1.525421 -1.022832
v 3.009804 1.523600 -1.022832
v 3.023101 1.521998 -1.022832
v 3.037164 1.520621 -1.022832
v 3.051975 1.519479 -1.022832
v 3.067507 1.518577 -1.022832
v 3.083736 1.517922 -1.022832
v 3.100646 1.517526 -1.022832
v 3.118209 1.517392 -1.022832
v 3.149864 1.517392 -1.022832
v 3.202016 1.517392 -1.022832
v 3.270592 1.517392 -1.022832
v 3.351516 1.517392 -1.022832
v 3.440724 1.517392 -1.022832
v 3.534136 1.517392 -1.022832
v 3.627686 1.517392 -1.022832
v 3.717296 1.517392 -1.022832
v 3.798900 1.517392 -1.022832
v 3.868425 1.517392 -1.022832
v 3.921795 1.517392 -1.022832
v 3.954942 1.517392 -1.022832
v 3.972331 1.517565 -1.022832
v 3.991632 1.518054 -1.022832
v 4.012320 1.518813 -1.022832
v 4.033862 1.519800 -1.022832
v 4.055738 1.520966 -1.022832
v 4.077417 1.522269 -1.022832
v 4.098374 1.523660 -1.022832
v 4.118081 1.525100 -1.022832
v 4.136012 1.526537 -1.022832
v 4.151642 1.527928 -1.022832
v 4.164440 1.529231 -1.022832
v 4.173880 1.530397 -1.022832
v 4.173880 1.333136 -1.022832
v 4.166011 1.333805 -1.022832
v 4.154651 1.334693 -1.022832
v 4.140281 1.335744 -1.022832
v 4.123378 1.336910 -1.022832
v 4.104433 1.338135 -1.022832
v 4.083920 1.339369 -1.022832
v 4.062324 1.340557 -1.022832
v 4.040124 1.341647 -1.022832
v 4.017806 1.342586 -1.022832
v 3.995847 1.343322 -1.022832
v 3.974731 1.343804 -1.022832
v 3.954942 1.343975 -1.022832
v 3.923860 1.343975 -1.022832
v 3.871394 1.343975 -1.022832
v 3.801813 1.343975 -1.022832
v 3.719384 1.343975 -1.022832
v 3.628375 1.343975 -1.022832
v 3.533053 1.343975 -1.022832
v 3.437685 1.343975 -1.022832
v 3.346539 1.343975 -1.022832
v 3.263885 1.343975 -1.022832
v 3.193988 1.343975 -1.022832
v 3.141117 1.343975 -1.022832
v 3.109538 1.343975 -1.022832
v 3.125187 1.297510 -1.022832
v 3.144774 1.248455 -1.022832
v 3.167897 1.197384 -1.022832
v 3.194158 1.144868 -1.022832
v 3.223160 1.091480 -1.022832
v 3.254503 1.037787 -1.022832
v 3.287788 0.984367 -1.022832
v 3.322614 0.931791 -1.022832
v 3.358587 0.880629 -1.022832
v 3.395304 0.831454 -1.022832
v 3.432365 0.784838 -1.022832
v 3.469376 0.741354 -1.022832
v 3.527187 0.678926 -1.022832
v 3.588821 0.616590 -1.022832
v 3.654037 0.554798 -1.022832
v 3.722597 0.493996 -1.022832
v 3.794256 0.434640 -1.022832
v 3.868776 0.377181 -1.022832
v 3.945915 0.322068 -1.022832
v 4.025431 0.269758 -1.022832
v 4.107086 0.220700 -1.022832
v 4.190639 0.175343 -1.022832
v 4.275846 0.134141 -1.022832
v 4.362469 0.097547 -1.022832
v 4.223737 -0.047689 -1.022832
v 4.144136 -0.009485 -1.022832
v 4.065824 0.032315 -1.022832
v 3.988914 0.077428 -1.022832
v 3.913515 0.125567 -1.022832
v 3.839742 0.176445 -1.022832
v 3.767707 0.229776 -1.022832
v 3.697523 0.285276 -1.022832
v 3.629303 0.342658 -1.022832
v 3.563162 0.401634 -1.022832
v 3.499213 0.461922 -1.022832
v 3.437563 0.523231 -1.022832
v 3.378333 0.585279 -1.022832
v 3.322931 0.534858 -1.022832
v 3.267489 0.482493 -1.022832
v 3.212334 0.428595 -1.022832
v 3.157789 0.373566 -1.022832
v 3.104177 0.317817 -1.022832
v 3.051823 0.261749 -1.022832
v 3.001049 0.205774 -1.022832
v 2.952178 0.150293 -1.022832
v 2.905535 0.095717 -1.022832
v 2.861447 0.042450 -1.022832
v 2.820230 -0.009100 -1.022832
v 2.782215 -0.058528 -1.022832
v 2.630476 0.071534 -1.022832
v 2.668181 0.116535 -1.022832
v 2.710479 0.165458 -1.022832
v 2.756811 0.217618 -1.022832
v 2.806622 0.272328 -1.022832
v 2.859352 0.328905 -1.022832
v 2.914444 0.386663 -1.022832
v 2.971345 0.444919 -1.022832
v 3.029494 0.502987 -1.022832
v 3.088336 0.560182 -1.022832
v 3.147313 0.615819 -1.022832
v 3.205869 0.669211 -1.022832
v 3.263445 0.719677 -1.022832
v 3.225357 0.769597 -1.022832
v 3.188148 0.821520 -1.022832
v 3.151977 0.875006 -1.022832
v 3.117003 0.929623 -1.022832
v 3.083385 0.984932 -1.022832
v 3.051281 1.040497 -1.022832
v 3.020847 1.095882 -1.022832
v 2.992240 1.150648 -1.022832
v 2.965622 1.204362 -1.022832
v 2.941149 1.256584 -1.022832
v 2.918980 1.306881 -1.022832
v 2.899271 1.354814 -1.022832
v 2.895721 1.362735 -1.022832
v 2.891643 1.371213 -1.022832
v 2.887145 1.380081 -1.022832
v 2.882331 1.389176 -1.022832
v 2.877306 1.398331 -1.022832
v 2.872175 1.407380 -1.022832
v 2.867043 1.416160 -1.022832
v 2.862019 1.424501 -1.022832
v 2.857202 1.432242 -1.022832
v 2.852704 1.439213 -1.022832
v 2.848629 1.445252 -1.022832
v 5.754135 0.344665 -1.022832
v 5.719299 0.308477 -1.022832
v 5.683383 0.270662 -1.022832
v 5.646833 0.231674 -1.022832
v 5.610101 0.191964 -1.022832
v 5.573643 0.151980 -1.022832
v 5.537906 0.112179 -1.022832
v 5.503342 0.073010 -1.022832
v 5.470406 0.034924 -1.022832
v 5.439547 -0.001626 -1.022832
v 5.411214 -0.036188 -1.022832
v 5.385865 -0.068312 -1.022832
v 5.363948 -0.097547 -1.022832
v 5.205706 0.028180 -1.022832
v 5.228729 0.055857 -1.022832
v 5.254239 0.085574 -1.022832
v 5.281913 0.117021 -1.022832
v 5.311442 0.149892 -1.022832
v 5.342505 0.183878 -1.022832
v 5.374786 0.218667 -1.022832
v 5.407972 0.253953 -1.022832
v 5.441744 0.289429 -1.022832
v 5.475788 0.324783 -1.022832
v 5.509787 0.359709 -1.022832
v 5.543424 0.393895 -1.022832
v 5.576382 0.427037 -1.022832
v 5.488702 0.496887 -1.022832
v 5.404582 0.569453 -1.022832
v 5.324149 0.644113 -1.022832
v 5.247535 0.720239 -1.022832
v 5.174862 0.797210 -1.022832
v 5.106263 0.874397 -1.022832
v 5.041862 0.951179 -1.022832
v 4.981791 1.026929 -1.022832
v 4.926174 1.101023 -1.022832
v 4.875143 1.172837 -1.022832
v 4.828821 1.241746 -1.022832
v 4.787339 1.307124 -1.022832
v 4.783954 1.312090 -1.022832
v 4.780314 1.317219 -1.022832
v 4.776431 1.322502 -1.022832
v 4.772326 1.327919 -1.022832
v 4.768008 1.333456 -1.022832
v 4.763495 1.339098 -1.022832
v 4.758799 1.344831 -1.022832
v 4.753940 1.350639 -1.022832
v 4.748930 1.356507 -1.022832
v 4.743783 1.362420 -1.022832
v 4.738519 1.368364 -1.022832
v 4.733147 1.374323 -1.022832
v 4.869712 1.484876 -1.022832
v 4.877700 1.482257 -1.022832
v 4.886470 1.479827 -1.022832
v 4.895996 1.477595 -1.022832
v 4.906243 1.475563 -1.022832
v 4.917180 1.473742 -1.022832
v 4.928782 1.472140 -1.022832
v 4.941014 1.470765 -1.022832
v 4.953851 1.469622 -1.022832
v 4.967259 1.468720 -1.022832
v 4.981207 1.468066 -1.022832
v 4.995667 1.467669 -1.022832
v 5.010612 1.467534 -1.022832
v 5.079459 1.467534 -1.022832
v 5.173903 1.467534 -1.022832
v 5.288382 1.467534 -1.022832
v 5.417336 1.467534 -1.022832
v 5.555204 1.467534 -1.022832
v 5.696419 1.467534 -1.022832
v 5.835421 1.467534 -1.022832
v 5.966649 1.467534 -1.022832
v 6.084539 1.467534 -1.022832
v 6.183530 1.467534 -1.022832
v 6.258058 1.467534 -1.022832
v 6.302563 1.467534 -1.022832
v 6.321693 1.467710 -1.022832
v 6.341070 1.468217 -1.022832
v 6.360583 1.469026 -1.022832
v 6.380119 1.470102 -1.022832
v 6.399563 1.471423 -1.022832
v 6.418807 1.472954 -1.022832
v 6.437732 1.474663 -1.022832
v 6.456229 1.476526 -1.022832
v 6.474185 1.478509 -1.022832
v 6.491485 1.480582 -1.022832
v 6.508016 1.482713 -1.022832
v 6.523669 1.484876 -1.022832
v 6.523669 1.289783 -1.022832
v 6.511823 1.290949 -1.022832
v 6.498106 1.292252 -1.022832
v 6.482719 1.293643 -1.022832
v 6.465862 1.295080 -1.022832
v 6.447742 1.296520 -1.022832
v 6.428560 1.297912 -1.022832
v 6.408521 1.299215 -1.022832
v 6.387826 1.300381 -1.022832
v 6.366680 1.301366 -1.022832
v 6.345284 1.302126 -1.022832
v 6.323846 1.302616 -1.022832
v 6.302563 1.302789 -1.022832
v 6.254756 1.302789 -1.022832
v 6.177890 1.302789 -1.022832
v 6.077495 1.302789 -1.022832
v 5.959101 1.302789 -1.022832
v 5.828246 1.302789 -1.022832
v 5.690459 1.302789 -1.022832
v 5.551269 1.302789 -1.022832
v 5.416214 1.302789 -1.022832
v 5.290823 1.302789 -1.022832
v 5.180625 1.302789 -1.022832
v 5.091159 1.302789 -1.022832
v 5.027955 1.302789 -1.022832
v 5.057944 1.251560 -1.022832
v 5.093558 1.195889 -1.022832
v 5.134545 1.136484 -1.022832
v 5.180656 1.074055 -1.022832
v 5.231647 1.009309 -1.022832
v 5.287265 0.942950 -1.022832
v 5.347264 0.875689 -1.022832
v 5.411397 0.808231 -1.022832
v 5.479414 0.741287 -1.022832
v 5.551063 0.675560 -1.022832
v 5.626102 0.611760 -1.022832
v 5.704277 0.550596 -1.022832
v 5.741685 0.583825 -1.022832
v 5.779915 0.617172 -1.022832
v 5.818521 0.650310 -1.022832
v 5.857059 0.682906 -1.022832
v 5.895087 0.714628 -1.022832
v 5.932156 0.745147 -1.022832
v 5.967828 0.774130 -1.022832
v 6.001654 0.801248 -1.022832
v 6.033191 0.826166 -1.022832
v 6.061998 0.848555 -1.022832
v 6.087627 0.868084 -1.022832
v 6.109638 0.884422 -1.022832
v 6.250539 0.771702 -1.022832
v 6.219121 0.748935 -1.022832
v 6.182908 0.721253 -1.022832
v 6.142797 0.689431 -1.022832
v 6.099681 0.654245 -1.022832
v 6.054461 0.616469 -1.022832
v 6.008027 0.576880 -1.022832
v 5.961276 0.536252 -1.022832
v 5.915106 0.495362 -1.022832
v 5.870412 0.454981 -1.022832
v 5.828086 0.415887 -1.022832
v 5.789031 0.378858 -1.022832
v 7.180482 1.450192 -1.022835
v 7.291035 1.534733 -1.022835
v 7.300152 1.532114 -1.022835
v 7.310152 1.529685 -1.022835
v 7.321010 1.527451 -1.022835
v 7.332703 1.525421 -1.022835
v 7.345208 1.523600 -1.022835
v 7.358505 1.521998 -1.022835
v 7.372569 1.520621 -1.022835
v 7.387376 1.519479 -1.022835
v 7.402909 1.518577 -1.022835
v 7.419139 1.517922 -1.022835
v 7.436048 1.517526 -1.022835
v 7.453613 1.517392 -1.022835
v 7.485268 1.517392 -1.022835
v 7.537421 1.517392 -1.022835
v 7.605996 1.517392 -1.022835
v 7.686924 1.517392 -1.022835
v 7.776128 1.517392 -1.022835
v 7.869541 1.517392 -1.022835
v 7.963089 1.517392 -1.022835
v 8.052699 1.517392 -1.022835
v 8.134303 1.517392 -1.022835
v 8.203829 1.517392 -1.022835
v 8.257199 1.517392 -1.022835
v 8.290346 1.517392 -1.022835
v 8.307735 1.517565 -1.022835
v 8.327037 1.518054 -1.022835
v 8.347723 1.518813 -1.022835
v 8.369265 1.519800 -1.022835
v 8.391142 1.520966 -1.022835
v 8.412821 1.522269 -1.022835
v 8.433778 1.523660 -1.022835
v 8.453485 1.525100 -1.022835
v 8.471416 1.526537 -1.022835
v 8.487045 1.527928 -1.022835
v 8.499844 1.529231 -1.022835
v 8.509283 1.530397 -1.022835
v 8.509283 1.333136 -1.022835
v 8.501415 1.333805 -1.022835
v 8.490054 1.334693 -1.022835
v 8.475684 1.335744 -1.022835
v 8.458782 1.336910 -1.022835
v 8.439837 1.338135 -1.022835
v 8.419324 1.339369 -1.022835
v 8.397727 1.340557 -1.022835
v 8.375527 1.341647 -1.022835
v 8.353209 1.342586 -1.022835
v 8.331250 1.343322 -1.022835
v 8.310137 1.343804 -1.022835
v 8.290346 1.343975 -1.022835
v 8.259263 1.343975 -1.022835
v 8.206798 1.343975 -1.022835
v 8.137217 1.343975 -1.022835
v 8.054788 1.343975 -1.022835
v 7.963780 1.343975 -1.022835
v 7.868457 1.343975 -1.022835
v 7.773089 1.343975 -1.022835
v 7.681943 1.343975 -1.022835
v 7.599288 1.343975 -1.022835
v 7.529391 1.343975 -1.022835
v 7.476521 1.343975 -1.022835
v 7.444942 1.343975 -1.022835
v 7.460590 1.297510 -1.022835
v 7.480176 1.248455 -1.022835
v 7.503301 1.197384 -1.022835
v 7.529562 1.144868 -1.022835
v 7.558565 1.091480 -1.022835
v 7.589907 1.037787 -1.022835
v 7.623191 0.984367 -1.022835
v 7.658019 0.931791 -1.022835
v 7.693990 0.880629 -1.022835
v 7.730708 0.831454 -1.022835
v 7.767769 0.784838 -1.022834
v 7.804781 0.741354 -1.022834
v 7.862591 0.678926 -1.022834
v 7.924225 0.616590 -1.022834
v 7.989440 0.554798 -1.022834
v 8.058001 0.493996 -1.022834
v 8.129661 0.434640 -1.022834
v 8.204179 0.377181 -1.022834
v 8.281320 0.322068 -1.022834
v 8.360836 0.269758 -1.022834
v 8.442491 0.220700 -1.022834
v 8.526042 0.175343 -1.022834
v 8.611250 0.134141 -1.022834
v 8.697874 0.097547 -1.022834
v 8.559141 -0.047689 -1.022834
v 8.479541 -0.009485 -1.022834
v 8.401230 0.032315 -1.022834
v 8.324319 0.077428 -1.022834
v 8.248919 0.125567 -1.022834
v 8.175145 0.176445 -1.022834
v 8.103110 0.229776 -1.022834
v 8.032927 0.285276 -1.022834
v 7.964708 0.342658 -1.022834
v 7.898566 0.401634 -1.022834
v 7.834617 0.461922 -1.022834
v 7.772966 0.523231 -1.022834
v 7.713736 0.585279 -1.022834
v 7.658334 0.534858 -1.022834
v 7.602894 0.482493 -1.022834
v 7.547739 0.428595 -1.022834
v 7.493192 0.373566 -1.022834
v 7.439581 0.317817 -1.022834
v 7.387227 0.261749 -1.022834
v 7.336453 0.205774 -1.022834
v 7.287582 0.150293 -1.022834
v 7.240939 0.095717 -1.022834
v 7.196851 0.042450 -1.022832
v 7.155634 -0.009100 -1.022832
v 7.117618 -0.058528 -1.022832
v 6.965879 0.071534 -1.022832
v 7.003586 0.116535 -1.022832
v 7.045883 0.165458 -1.022832
v 7.092215 0.217618 -1.022832
v 7.142025 0.272328 -1.022832
v 7.194755 0.328905 -1.022834
v 7.249849 0.386663 -1.022834
v 7.306748 0.444919 -1.022834
v 7.364898 0.502987 -1.022834
v 7.423739 0.560182 -1.022834
v 7.482717 0.615819 -1.022834
v 7.541272 0.669211 -1.022834
v 7.598849 0.719677 -1.022834
v 7.560760 0.769597 -1.022834
v 7.523551 0.821520 -1.022835
v 7.487381 0.875006 -1.022835
v 7.452408 0.929623 -1.022835
v 7.418788 0.984932 -1.022835
v 7.386684 1.040497 -1.022835
v 7.356250 1.095882 -1.022835
v 7.327645 1.150648 -1.022835
v 7.301026 1.204362 -1.022835
v 7.276553 1.256584 -1.022835
v 7.254383 1.306881 -1.022835
v 7.234675 1.354814 -1.022835
v 7.231124 1.362735 -1.022835
v 7.227046 1.371213 -1.022835
v 7.222549 1.380081 -1.022835
v 7.217734 1.389176 -1.022835
v 7.212709 1.398331 -1.022835
v 7.207578 1.407380 -1.022835
v 7.202447 1.416160 -1.022835
v 7.197423 1.424501 -1.022835
v 7.192608 1.432242 -1.022835
v 7.188109 1.439213 -1.022835
v 7.184033 1.445252 -1.022835
v -7.464510 0.190758 1.144874
v -7.464419 0.170201 1.144874
v -7.464139 0.148777 1.144874
v -7.463663 0.126709 1.144874
v -7.462984 0.104210 1.144874
v -7.462096 0.081502 1.144874
v -7.460988 0.058799 1.144874
v -7.459653 0.036322 1.144874
v -7.458086 0.014292 1.144874
v -7.456279 -0.007079 1.144874
v -7.454222 -0.027568 1.144874
v -7.451912 -0.046959 1.144874
v -7.449335 -0.065031 1.144874
v -7.659606 -0.065031 1.144874
v -7.657526 -0.046254 1.144874
v -7.655630 -0.025913 1.144874
v -7.653915 -0.004336 1.144874
v -7.652378 0.018144 1.144874
v -7.651023 0.041197 1.144874
v -7.649848 0.064489 1.144874
v -7.648855 0.087692 1.144874
v -7.648042 0.110473 1.144874
v -7.647409 0.132501 1.144874
v -7.646958 0.153445 1.144874
v -7.646688 0.172974 1.144874
v -7.646598 0.190758 1.144874
v -7.644431 0.906099 1.144874
v -7.707225 0.885739 1.144874
v -7.774674 0.862787 1.144874
v -7.845824 0.837546 1.144874
v -7.919729 0.810319 1.144874
v -7.995440 0.781407 1.144874
v -8.072008 0.751109 1.144874
v -8.148488 0.719727 1.144874
v -8.223930 0.687563 1.144874
v -8.297382 0.654917 1.144874
v -8.367900 0.622092 1.144874
v -8.434537 0.589385 1.144874
v -8.496338 0.557099 1.144874
v -8.570040 0.741354 1.144874
v -8.509479 0.770869 1.144874
v -8.442316 0.801718 1.144874
v -8.369630 0.833516 1.144874
v -8.292493 0.865876 1.144874
v -8.211988 0.898419 1.144874
v -8.129184 0.930757 1.144874
v -8.045161 0.962510 1.144874
v -7.960995 0.993289 1.144874
v -7.877765 1.022716 1.144874
v -7.796541 1.050402 1.144874
v -7.718406 1.075967 1.144874
v -7.644431 1.099025 1.144874
v -7.644431 1.452360 1.144874
v -7.644604 1.469173 1.144874
v -7.645103 1.486974 1.144874
v -7.645885 1.505571 1.144874
v -7.646919 1.524779 1.144874
v -7.648161 1.544405 1.144874
v -7.649579 1.564268 1.144874
v -7.651129 1.584177 1.144874
v -7.652779 1.603939 1.144874
v -7.654489 1.623372 1.144874
v -7.656221 1.642286 1.144874
v -7.657941 1.660492 1.144874
v -7.659606 1.677801 1.144874
v -7.447168 1.677801 1.144874
v -7.450242 1.660407 1.144874
v -7.452969 1.641984 1.144874
v -7.455365 1.622762 1.144874
v -7.457445 1.602976 1.144874
v -7.459222 1.582858 1.144874
v -7.460716 1.562642 1.144874
v -7.461939 1.542563 1.144874
v -7.462903 1.522851 1.144874
v -7.463627 1.503742 1.144874
v -7.464126 1.485467 1.144874
v -7.464417 1.468262 1.144874
v -7.464510 1.452360 1.144874
v -7.464510 1.391604 1.144874
v -7.464510 1.304114 1.144874
v -7.464510 1.195487 1.144874
v -7.464510 1.071326 1.144874
v -7.464510 0.937230 1.144874
v -7.464510 0.798798 1.144874
v -7.464510 0.661630 1.144874
v -7.464510 0.531328 1.144874
v -7.464510 0.413490 1.144874
v -7.464510 0.313714 1.144874
v -7.464510 0.237604 1.144874
v -6.300456 1.450192 1.144871
v -6.189903 1.534733 1.144874
v -6.180783 1.532114 1.144874
v -6.170783 1.529684 1.144874
v -6.159926 1.527451 1.144871
v -6.148234 1.525421 1.144871
v -6.135728 1.523600 1.144871
v -6.122433 1.521998 1.144871
v -6.108368 1.520621 1.144871
v -6.093560 1.519478 1.144871
v -6.078029 1.518577 1.144871
v -6.061796 1.517922 1.144871
v -6.044889 1.517525 1.144871
v -6.027324 1.517391 1.144871
v -5.995668 1.517391 1.144871
v -5.943516 1.517391 1.144871
v -5.874943 1.517391 1.144871
v -5.794016 1.517391 1.144871
v -5.704810 1.517391 1.144871
v -5.611398 1.517391 1.144871
v -5.517848 1.517391 1.144871
v -5.428236 1.517391 1.144871
v -5.346632 1.517391 1.144871
v -5.277108 1.517391 1.144871
v -5.223737 1.517391 1.144871
v -5.190593 1.517391 1.144871
v -5.173204 1.517565 1.144871
v -5.153903 1.518054 1.144871
v -5.133215 1.518814 1.144871
v -5.111670 1.519799 1.144871
v -5.089797 1.520966 1.144871
v -5.068118 1.522269 1.144871
v -5.047160 1.523660 1.144871
v -5.027451 1.525100 1.144871
v -5.009521 1.526537 1.144871
v -4.993893 1.527928 1.144871
v -4.981095 1.529231 1.144871
v -4.971653 1.530397 1.144871
v -4.971653 1.333136 1.144871
v -4.979522 1.333806 1.144871
v -4.990881 1.334693 1.144871
v -5.005251 1.335744 1.144871
v -5.022154 1.336910 1.144871
v -5.041101 1.338136 1.144871
v -5.061612 1.339368 1.144871
v -5.083208 1.340557 1.144871
v -5.105408 1.341647 1.144871
v -5.127728 1.342585 1.144871
v -5.149687 1.343323 1.144871
v -5.170802 1.343805 1.144871
v -5.190593 1.343975 1.144871
v -5.221674 1.343975 1.144871
v -5.274138 1.343975 1.144871
v -5.343719 1.343975 1.144871
v -5.426148 1.343975 1.144871
v -5.517159 1.343975 1.144871
v -5.612482 1.343975 1.144871
v -5.707848 1.343975 1.144871
v -5.798993 1.343975 1.144871
v -5.881650 1.343975 1.144871
v -5.951545 1.343975 1.144871
v -6.004417 1.343975 1.144871
v -6.035994 1.343975 1.144871
v -6.020345 1.297510 1.144871
v -6.000761 1.248455 1.144871
v -5.977637 1.197385 1.144871
v -5.951375 1.144868 1.144871
v -5.922374 1.091479 1.144871
v -5.891028 1.037788 1.144871
v -5.857747 0.984369 1.144871
v -5.822918 0.931791 1.144871
v -5.786947 0.880629 1.144871
v -5.750230 0.831454 1.144871
v -5.713167 0.784838 1.144872
v -5.676158 0.741354 1.144872
v -5.618348 0.678926 1.144872
v -5.556713 0.616590 1.144872
v -5.491496 0.554798 1.144872
v -5.422937 0.493996 1.144872
v -5.351278 0.434640 1.144872
v -5.276758 0.377180 1.144872
v -5.199619 0.322068 1.144872
v -5.120101 0.269760 1.144872
v -5.038446 0.220700 1.144872
v -4.954895 0.175343 1.144872
v -4.869686 0.134142 1.144872
v -4.783062 0.097547 1.144872
v -4.921798 -0.047689 1.144872
v -5.001396 -0.009486 1.144872
v -5.079705 0.032313 1.144872
v -5.156619 0.077428 1.144872
v -5.232018 0.125567 1.144872
v -5.305790 0.176444 1.144872
v -5.377826 0.229776 1.144872
v -5.448009 0.285276 1.144872
v -5.516227 0.342658 1.144872
v -5.582368 0.401634 1.144872
v -5.646319 0.461922 1.144872
v -5.707966 0.523231 1.144872
v -5.767199 0.585279 1.144872
v -5.822604 0.534859 1.144872
v -5.878044 0.482493 1.144874
v -5.933200 0.428595 1.144872
v -5.987743 0.373567 1.144872
v -6.041356 0.317817 1.144872
v -6.093711 0.261750 1.144872
v -6.144485 0.205774 1.144872
v -6.193353 0.150293 1.144872
v -6.239996 0.095717 1.144872
v -6.284086 0.042450 1.144872
v -6.325303 -0.009100 1.144872
v -6.363317 -0.058528 1.144872
v -6.515059 0.071534 1.144872
v -6.477351 0.116536 1.144872
v -6.435052 0.165458 1.144872
v -6.388723 0.217618 1.144872
v -6.338913 0.272328 1.144872
v -6.286183 0.328906 1.144874
v -6.231090 0.386664 1.144872
v -6.174190 0.444918 1.144872
v -6.116042 0.502987 1.144872
v -6.057199 0.560182 1.144872
v -5.998219 0.615818 1.144874
v -5.939667 0.669211 1.144874
v -5.882087 0.719677 1.144874
v -5.920177 0.769597 1.144874
v -5.957387 0.821520 1.144871
v -5.993555 0.875006 1.144871
v -6.028529 0.929623 1.144871
v -6.062148 0.984932 1.144871
v -6.094251 1.040497 1.144874
v -6.124686 1.095882 1.144871
v -6.153291 1.150648 1.144871
v -6.179911 1.204362 1.144871
v -6.204383 1.256585 1.144871
v -6.226552 1.306882 1.144871
v -6.246264 1.354814 1.144874
v -6.249815 1.362734 1.144874
v -6.253889 1.371212 1.144874
v -6.258388 1.380081 1.144871
v -6.263203 1.389176 1.144871
v -6.268228 1.398330 1.144871
v -6.273360 1.407380 1.144874
v -6.278491 1.416160 1.144871
v -6.283516 1.424501 1.144871
v -6.288330 1.432241 1.144871
v -6.292830 1.439213 1.144871
v -6.296905 1.445252 1.144871
v -2.580680 0.283969 1.144872
v -2.580680 0.086708 1.144872
v -2.597431 0.088244 1.144872
v -2.614078 0.089609 1.144872
v -2.630604 0.090808 1.144872
v -2.646994 0.091845 1.144872
v -2.663234 0.092736 1.144872
v -2.679308 0.093482 1.144872
v -2.695203 0.094094 1.144872
v -2.710900 0.094577 1.144872
v -2.726388 0.094939 1.144872
v -2.741648 0.095188 1.144872
v -2.756671 0.095334 1.144872
v -2.771435 0.095378 1.144872
v -4.204288 0.095378 1.144872
v -4.215816 0.095375 1.144872
v -4.228604 0.095340 1.144872
v -4.242458 0.095244 1.144872
v -4.257193 0.095059 1.144872
v -4.272621 0.094752 1.144872
v -4.288553 0.094295 1.144872
v -4.304802 0.093658 1.144872
v -4.321179 0.092810 1.144872
v -4.337498 0.091722 1.144872
v -4.353565 0.090361 1.144872
v -4.369196 0.088700 1.144872
v -4.384205 0.086708 1.144872
v -4.384205 0.283969 1.144872
v -4.370067 0.282347 1.144872
v -4.355824 0.280748 1.144872
v -4.341461 0.279193 1.144872
v -4.326963 0.277706 1.144872
v -4.312312 0.276310 1.144872
v -4.297498 0.275027 1.144872
v -4.282501 0.273880 1.144872
v -4.267310 0.272890 1.144872
v -4.251908 0.272081 1.144872
v -4.236279 0.271475 1.144872
v -4.220412 0.271094 1.144872
v -4.204288 0.270962 1.144872
v -3.566984 0.270962 1.144872
v -3.566984 1.268105 1.144871
v -4.087233 1.268105 1.144871
v -4.102574 1.268060 1.144871
v -4.118191 1.267915 1.144871
v -4.134007 1.267666 1.144871
v -4.149933 1.267304 1.144871
v -4.165892 1.266821 1.144871
v -4.181799 1.266209 1.144871
v -4.197567 1.265463 1.144871
v -4.213117 1.264572 1.144871
v -4.228369 1.263535 1.144871
v -4.243235 1.262335 1.144871
v -4.257635 1.260971 1.144871
v -4.271485 1.259435 1.144871
v -4.271485 1.450192 1.144871
v -4.258173 1.448571 1.144871
v -4.244288 1.446972 1.144871
v -4.229894 1.445417 1.144871
v -4.215047 1.443930 1.144871
v -4.199808 1.442534 1.144871
v -4.184237 1.441251 1.144871
v -4.168396 1.440104 1.144871
v -4.152341 1.439114 1.144871
v -4.136140 1.438305 1.144871
v -4.119845 1.437698 1.144871
v -4.103523 1.437318 1.144871
v -4.087233 1.437186 1.144871
v -2.894995 1.437186 1.144871
v -2.883382 1.437277 1.144871
v -2.870367 1.437548 1.144871
v -2.856179 1.437999 1.144871
v -2.841044 1.438632 1.144871
v -2.825183 1.439446 1.144871
v -2.808828 1.440438 1.144871
v -2.792204 1.441613 1.144871
v -2.775532 1.442968 1.144871
v -2.759040 1.444502 1.144871
v -2.742956 1.446219 1.144871
v -2.727502 1.448116 1.144871
v -2.712907 1.450192 1.144871
v -2.712907 1.259435 1.144871
v -2.727088 1.260971 1.144871
v -2.742353 1.262335 1.144871
v -2.758429 1.263535 1.144871
v -2.775048 1.264575 1.144871
v -2.791937 1.265463 1.144871
v -2.808828 1.266209 1.144871
v -2.825448 1.266821 1.144871
v -2.841524 1.267304 1.144871
v -2.856788 1.267666 1.144871
v -2.870970 1.267915 1.144871
v -2.883793 1.268060 1.144871
v -2.894995 1.268105 1.144871
v -3.382727 1.268105 1.144871
v -3.382727 0.270962 1.144872
v -2.771435 0.270962 1.144872
v -2.756629 0.271053 1.144872
v -2.741500 0.271324 1.144872
v -2.726084 0.271776 1.144872
v -2.710419 0.272408 1.144872
v -2.694544 0.273222 1.144872
v -2.678497 0.274215 1.144872
v -2.662313 0.275389 1.144872
v -2.646032 0.276744 1.144872
v -2.629689 0.278279 1.144872
v -2.613325 0.279996 1.144872
v -2.596973 0.281892 1.144872
v -1.394947 1.684305 1.144871
v -1.193350 1.749336 1.144871
v -1.189708 1.734832 1.144871
v -1.185363 1.719640 1.144871
v -1.180412 1.703982 1.144871
v -1.174963 1.688079 1.144871
v -1.169126 1.672143 1.144871
v -1.163002 1.656395 1.144871
v -1.156696 1.641054 1.144871
v -1.150316 1.626338 1.144871
v -1.143966 1.612464 1.144871
v -1.137753 1.599654 1.144871
v -1.131778 1.588121 1.144871
v -1.126152 1.578088 1.144871
v -1.100298 1.526951 1.144871
v -1.069258 1.471579 1.144871
v -1.032906 1.412698 1.144871
v -0.991111 1.351040 1.144871
v -0.943746 1.287335 1.144871
v -0.890682 1.222313 1.144871
v -0.831795 1.156703 1.144871
v -0.766955 1.091236 1.144871
v -0.696032 1.026644 1.144871
v -0.618898 0.963654 1.144871
v -0.535429 0.902997 1.144871
v -0.445491 0.845404 1.144871
v -0.595065 0.732684 1.144872
v -0.653006 0.772940 1.144872
v -0.708698 0.814484 1.144871
v -0.762147 0.857157 1.144871
v -0.813358 0.900802 1.144871
v -0.862344 0.945257 1.144871
v -0.909108 0.990368 1.144871
v -0.953661 1.035977 1.144871
v -0.996007 1.081924 1.144871
v -1.036155 1.128053 1.144871
v -1.074113 1.174203 1.144871
v -1.109890 1.220216 1.144871
v -1.143492 1.265938 1.144871
v -1.878345 1.265938 1.144871
v -1.865186 1.215001 1.144871
v -1.848588 1.161197 1.144871
v -1.828723 1.105088 1.144871
v -1.805765 1.047240 1.144871
v -1.779887 0.988221 1.144871
v -1.751261 0.928590 1.144871
v -1.720060 0.868915 1.144871
v -1.686461 0.809758 1.144871
v -1.650634 0.751686 1.144872
v -1.612748 0.695260 1.144872
v -1.572984 0.641048 1.144872
v -1.531510 0.589615 1.144872
v -1.480629 0.532875 1.144872
v -1.426497 0.477658 1.144872
v -1.368932 0.424124 1.144872
v -1.307755 0.372444 1.144872
v -1.242785 0.322779 1.144872
v -1.173838 0.275298 1.144872
v -1.100740 0.230164 1.144872
v -1.023305 0.187548 1.144872
v -0.941352 0.147608 1.144872
v -0.854705 0.110514 1.144872
v -0.763181 0.076428 1.144872
v -0.666599 0.045522 1.144872
v -0.822671 -0.095379 1.144872
v -0.921488 -0.056952 1.144872
v -1.014383 -0.016479 1.144872
v -1.101661 0.026013 1.144872
v -1.183635 0.070492 1.144872
v -1.260609 0.116925 1.144872
v -1.332896 0.165288 1.144872
v -1.400800 0.215545 1.144872
v -1.464633 0.267673 1.144872
v -1.524703 0.321632 1.144872
v -1.581319 0.377401 1.144872
v -1.634787 0.434945 1.144872
v -1.685418 0.494236 1.144872
v -1.732419 0.553907 1.144872
v -1.776922 0.615559 1.144872
v -1.818866 0.678727 1.144872
v -1.858191 0.742961 1.144872
v -1.894838 0.807795 1.144871
v -1.928743 0.872771 1.144871
v -1.959847 0.937432 1.144871
v -1.988092 1.001318 1.144871
v -2.013418 1.063968 1.144871
v -2.035762 1.124927 1.144871
v -2.055066 1.183732 1.144871
v -2.071267 1.239925 1.144871
v -2.074194 1.248894 1.144871
v -2.077518 1.258371 1.144871
v -2.081191 1.268242 1.144871
v -2.085156 1.278382 1.144871
v -2.089364 1.288675 1.144871
v -2.093757 1.298996 1.144871
v -2.098286 1.309227 1.144871
v -2.102899 1.319249 1.144871
v -2.107542 1.328937 1.144871
v -2.112164 1.338174 1.144871
v -2.116707 1.346841 1.144871
v -2.121127 1.354814 1.144871
v -1.975890 1.443689 1.144871
v -1.966949 1.440076 1.144871
v -1.957474 1.436816 1.144871
v -1.947472 1.433900 1.144871
v -1.936950 1.431325 1.144871
v -1.925919 1.429081 1.144871
v -1.914380 1.427161 1.144871
v -1.902347 1.425557 1.144871
v -1.889822 1.424260 1.144871
v -1.876818 1.423266 1.144871
v -1.863337 1.422565 1.144871
v -1.849392 1.422149 1.144871
v -1.834988 1.422013 1.144871
v -1.245373 1.422013 1.144871
v -1.297400 1.513056 1.144871
v -1.303168 1.524001 1.144871
v -1.309591 1.536129 1.144871
v -1.316604 1.549263 1.144871
v -1.324134 1.563234 1.144871
v -1.332116 1.577868 1.144871
v -1.340481 1.592990 1.144871
v -1.349165 1.608428 1.144871
v -1.358093 1.624010 1.144871
v -1.367206 1.639561 1.144871
v -1.376430 1.654910 1.144871
v -1.385699 1.669883 1.144871
v 0.007556 0.240615 1.144872
v 0.025143 0.239423 1.144872
v 0.042030 0.235948 1.144872
v 0.058057 0.230353 1.144872
v 0.073071 0.222793 1.144872
v 0.086910 0.213426 1.144872
v 0.099415 0.202409 1.144872
v 0.110432 0.189904 1.144872
v 0.119799 0.176065 1.144872
v 0.127359 0.161054 1.144872
v 0.132956 0.145025 1.144872
v 0.136429 0.128140 1.144872
v 0.137621 0.110553 1.144872
v 0.136426 0.092966 1.144872
v 0.132954 0.076080 1.144872
v 0.127357 0.060051 1.144872
v 0.119796 0.045040 1.144872
v 0.110429 0.031202 1.144872
v 0.099413 0.018697 1.144872
v 0.086908 0.007680 1.144872
v 0.073068 -0.001687 1.144872
v 0.058057 -0.009248 1.144872
v 0.042027 -0.014842 1.144872
v 0.025141 -0.018317 1.144872
v 0.007556 -0.019509 1.144872
v -0.010030 -0.018317 1.144872
v -0.026917 -0.014842 1.144872
v -0.042944 -0.009248 1.144872
v -0.057955 -0.001687 1.144872
v -0.071795 0.007680 1.144872
v -0.084300 0.018697 1.144872
v -0.095316 0.031202 1.144872
v -0.104683 0.045040 1.144872
v -0.112243 0.060051 1.144872
v -0.117841 0.076080 1.144872
v -0.121313 0.092966 1.144872
v -0.122506 0.110553 1.144872
v -0.121313 0.128140 1.144872
v -0.117838 0.145025 1.144872
v -0.112242 0.161054 1.144872
v -0.104681 0.176065 1.144872
v -0.095314 0.189904 1.144872
v -0.084297 0.202409 1.144872
v -0.071792 0.213426 1.144872
v -0.057953 0.222793 1.144872
v -0.042942 0.230353 1.144872
v -0.026914 0.235948 1.144872
v -0.010028 0.239423 1.144872
v 0.007556 0.992807 1.144871
v 0.025143 0.991616 1.144871
v 0.042030 0.988141 1.144871
v 0.058057 0.982546 1.144871
v 0.073071 0.974984 1.144871
v 0.086910 0.965618 1.144871
v 0.099415 0.954602 1.144871
v 0.110432 0.942096 1.144871
v 0.119799 0.928258 1.144871
v 0.127359 0.913246 1.144871
v 0.132956 0.897218 1.144871
v 0.136429 0.880331 1.144871
v 0.137621 0.862746 1.144871
v 0.136426 0.845159 1.144871
v 0.132954 0.828273 1.144871
v 0.127357 0.812244 1.144871
v 0.119796 0.797233 1.144871
v 0.110429 0.783395 1.144872
v 0.099413 0.770889 1.144872
v 0.086908 0.759873 1.144872
v 0.073068 0.750506 1.144872
v 0.058057 0.742945 1.144872
v 0.042027 0.737350 1.144872
v 0.025141 0.733875 1.144872
v 0.007556 0.732684 1.144872
v -0.010030 0.733875 1.144872
v -0.026917 0.737350 1.144872
v -0.042944 0.742945 1.144872
v -0.057955 0.750506 1.144872
v -0.071795 0.759873 1.144872
v -0.084300 0.770889 1.144872
v -0.095316 0.783395 1.144872
v -0.104683 0.797233 1.144871
v -0.112243 0.812244 1.144871
v -0.117841 0.828273 1.144871
v -0.121313 0.845159 1.144871
v -0.122506 0.862746 1.144871
v -0.121313 0.880331 1.144871
v -0.117838 0.897218 1.144871
v -0.112242 0.913246 1.144871
v -0.104681 0.928258 1.144871
v -0.095314 0.942096 1.144871
v -0.084297 0.954602 1.144871
v -0.071792 0.965618 1.144871
v -0.057953 0.974984 1.144871
v -0.042942 0.982546 1.144871
v -0.026914 0.988141 1.144871
v -0.010028 0.991616 1.144871
v 2.095054 1.484875 1.144869
v 2.094059 1.471573 1.144869
v 2.093228 1.457749 1.144869
v 2.092548 1.443520 1.144869
v 2.092004 1.428997 1.144869
v 2.091579 1.414293 1.144869
v 2.091259 1.399522 1.144869
v 2.091032 1.384797 1.144869
v 2.090878 1.370229 1.144869
v 2.090785 1.355932 1.144869
v 2.090738 1.342017 1.144869
v 2.090721 1.328602 1.144869
v 2.090718 1.315796 1.144869
v 2.090718 1.279204 1.144869
v 2.090718 1.214363 1.144869
v 2.090718 1.126899 1.144869
v 2.090718 1.022434 1.144869
v 2.090718 0.906585 1.144869
v 2.090718 0.784979 1.144869
v 2.090718 0.663239 1.144869
v 2.090718 0.546982 1.144869
v 2.090718 0.441838 1.144869
v 2.090718 0.353426 1.144869
v 2.090718 0.287367 1.144869
v 2.090718 0.249286 1.144869
v 2.090804 0.228682 1.144869
v 2.091050 0.205310 1.144869
v 2.091429 0.179919 1.144869
v 2.091921 0.153265 1.144869
v 2.092507 0.126097 1.144869
v 2.093157 0.099173 1.144869
v 2.093853 0.073240 1.144869
v 2.094572 0.049055 1.144869
v 2.095290 0.027367 1.144869
v 2.095988 0.008931 1.144869
v 2.096638 -0.005499 1.144869
v 2.097222 -0.015173 1.144869
v 1.910798 -0.015173 1.144869
v 1.915134 0.110553 1.144869
v 0.731570 0.110553 1.144869
v 0.733737 -0.015173 1.144869
v 0.547314 -0.015173 1.144872
v 0.547854 -0.006330 1.144872
v 0.548388 0.007718 1.144872
v 0.548907 0.026114 1.144872
v 0.549401 0.048010 1.144872
v 0.549867 0.072557 1.144872
v 0.550295 0.098902 1.144872
v 0.550679 0.126195 1.144872
v 0.551008 0.153585 1.144872
v 0.551277 0.180225 1.144872
v 0.551480 0.205259 1.144872
v 0.551606 0.227840 1.144872
v 0.551650 0.247118 1.144872
v 0.551650 0.283544 1.144869
v 0.551650 0.347957 1.144869
v 0.551650 0.434829 1.144872
v 0.551650 0.538635 1.144869
v 0.551650 0.653851 1.144869
v 0.551650 0.774953 1.144869
v 0.551650 0.896419 1.144871
v 0.551650 1.012718 1.144869
v 0.551650 1.118330 1.144869
v 0.551650 1.207731 1.144869
v 0.551650 1.275393 1.144869
v 0.551650 1.315796 1.144869
v 0.551647 1.329471 1.144869
v 0.551630 1.343372 1.144869
v 0.551583 1.357456 1.144871
v 0.551490 1.371674 1.144869
v 0.551336 1.385983 1.144869
v 0.551108 1.400336 1.144869
v 0.550789 1.414690 1.144871
v 0.550364 1.428997 1.144871
v 0.549820 1.443215 1.144869
v 0.549142 1.457299 1.144869
v 0.548309 1.471200 1.144869
v 0.547314 1.484875 1.144871
v 0.563817 1.483881 1.144871
v 0.580712 1.483051 1.144869
v 0.597848 1.482370 1.144869
v 0.615074 1.481825 1.144869
v 0.632241 1.481400 1.144871
v 0.649196 1.481082 1.144869
v 0.665790 1.480854 1.144869
v 0.681872 1.480701 1.144869
v 0.697291 1.480607 1.144869
v 0.711899 1.480560 1.144869
v 0.725542 1.480543 1.144869
v 0.738072 1.480541 1.144869
v 0.781053 1.480541 1.144869
v 0.853051 1.480541 1.144869
v 0.948305 1.480541 1.144869
v 1.061060 1.480541 1.144869
v 1.185555 1.480541 1.144869
v 1.316035 1.480541 1.144869
v 1.446742 1.480541 1.144869
v 1.571914 1.480541 1.144869
v 1.685797 1.480541 1.144869
v 1.782633 1.480541 1.144869
v 1.856663 1.480541 1.144869
v 1.902128 1.480541 1.144869
v 1.914783 1.480583 1.144869
v 1.927858 1.480711 1.144869
v 1.941418 1.480914 1.144869
v 1.955519 1.481182 1.144869
v 1.970220 1.481514 1.144869
v 1.985585 1.481896 1.144869
v 2.001674 1.482322 1.144869
v 2.018542 1.482788 1.144869
v 2.036255 1.483284 1.144869
v 2.054871 1.483803 1.144869
v 2.074451 1.484337 1.144869
v 1.915134 0.279634 1.144869
v 1.915134 1.309292 1.144869
v 0.729401 1.309292 1.144869
v 0.729401 0.279634 1.144869
v 2.845078 1.450192 1.144869
v 2.955631 1.534733 1.144869
v 2.964751 1.532114 1.144869
v 2.974751 1.529684 1.144869
v 2.985606 1.527451 1.144869
v 2.997301 1.525421 1.144869
v 3.009807 1.523600 1.144869
v 3.023101 1.521998 1.144869
v 3.037164 1.520621 1.144869
v 3.051975 1.519478 1.144869
v 3.067507 1.518577 1.144869
v 3.083738 1.517922 1.144869
v 3.100646 1.517525 1.144869
v 3.118209 1.517391 1.144869
v 3.149865 1.517391 1.144869
v 3.202016 1.517391 1.144869
v 3.270592 1.517391 1.144869
v 3.351519 1.517391 1.144869
v 3.440724 1.517391 1.144869
v 3.534136 1.517391 1.144869
v 3.627686 1.517391 1.144869
v 3.717296 1.517391 1.144869
v 3.798902 1.517391 1.144869
v 3.868425 1.517391 1.144869
v 3.921795 1.517391 1.144869
v 3.954942 1.517391 1.144869
v 3.972331 1.517565 1.144869
v 3.991632 1.518054 1.144869
v 4.012320 1.518814 1.144869
v 4.033863 1.519799 1.144869
v 4.055738 1.520966 1.144869
v 4.077417 1.522269 1.144869
v 4.098374 1.523660 1.144869
v 4.118083 1.525100 1.144869
v 4.136014 1.526537 1.144869
v 4.151642 1.527928 1.144869
v 4.164440 1.529231 1.144869
v 4.173880 1.530397 1.144869
v 4.173880 1.333136 1.144869
v 4.166011 1.333806 1.144869
v 4.154652 1.334693 1.144869
v 4.140281 1.335744 1.144869
v 4.123381 1.336910 1.144869
v 4.104433 1.338136 1.144869
v 4.083920 1.339368 1.144869
v 4.062324 1.340557 1.144869
v 4.040124 1.341647 1.144869
v 4.017806 1.342585 1.144869
v 3.995847 1.343323 1.144869
v 3.974731 1.343805 1.144869
v 3.954942 1.343975 1.144869
v 3.923861 1.343975 1.144869
v 3.871394 1.343975 1.144869
v 3.801813 1.343975 1.144869
v 3.719384 1.343975 1.144869
v 3.628375 1.343975 1.144869
v 3.533053 1.343975 1.144869
v 3.437685 1.343975 1.144869
v 3.346541 1.343975 1.144869
v 3.263885 1.343975 1.144869
v 3.193990 1.343975 1.144869
v 3.141117 1.343975 1.144869
v 3.109538 1.343975 1.144869
v 3.125187 1.297510 1.144869
v 3.144774 1.248455 1.144869
v 3.167897 1.197385 1.144869
v 3.194158 1.144868 1.144869
v 3.223160 1.091479 1.144869
v 3.254503 1.037788 1.144869
v 3.287788 0.984369 1.144869
v 3.322618 0.931791 1.144869
v 3.358587 0.880629 1.144869
v 3.395304 0.831454 1.144869
v 3.432368 0.784838 1.144869
v 3.469376 0.741354 1.144869
v 3.527187 0.678926 1.144869
v 3.588821 0.616590 1.144869
v 3.654037 0.554798 1.144869
v 3.722597 0.493996 1.144869
v 3.794256 0.434640 1.144869
v 3.868776 0.377180 1.144869
v 3.945915 0.322068 1.144869
v 4.025433 0.269760 1.144869
v 4.107089 0.220700 1.144869
v 4.190640 0.175343 1.144869
v 4.275846 0.134142 1.144869
v 4.362469 0.097547 1.144869
v 4.223737 -0.047689 1.144869
v 4.144138 -0.009486 1.144869
v 4.065826 0.032313 1.144869
v 3.988914 0.077428 1.144869
v 3.913515 0.125567 1.144869
v 3.839742 0.176444 1.144869
v 3.767707 0.229776 1.144869
v 3.697523 0.285276 1.144869
v 3.629305 0.342658 1.144869
v 3.563165 0.401634 1.144869
v 3.499213 0.461922 1.144869
v 3.437566 0.523231 1.144869
v 3.378333 0.585279 1.144869
v 3.322931 0.534859 1.144869
v 3.267489 0.482493 1.144869
v 3.212334 0.428595 1.144869
v 3.157789 0.373567 1.144869
v 3.104177 0.317817 1.144869
v 3.051823 0.261750 1.144869
v 3.001049 0.205774 1.144869
v 2.952178 0.150293 1.144869
v 2.905538 0.095717 1.144869
v 2.861447 0.042450 1.144869
v 2.820230 -0.009100 1.144869
v 2.782215 -0.058528 1.144869
v 2.630476 0.071534 1.144869
v 2.668183 0.116536 1.144869
v 2.710479 0.165458 1.144869
v 2.756811 0.217618 1.144869
v 2.806622 0.272328 1.144869
v 2.859352 0.328906 1.144869
v 2.914444 0.386664 1.144869
v 2.971345 0.444918 1.144869
v 3.029494 0.502987 1.144869
v 3.088336 0.560182 1.144869
v 3.147313 0.615818 1.144869
v 3.205869 0.669211 1.144869
v 3.263445 0.719677 1.144869
v 3.225357 0.769597 1.144869
v 3.188148 0.821520 1.144869
v 3.151977 0.875006 1.144869
v 3.117003 0.929623 1.144869
v 3.083387 0.984932 1.144869
v 3.051281 1.040497 1.144869
v 3.020847 1.095882 1.144869
v 2.992242 1.150648 1.144869
v 2.965622 1.204362 1.144869
v 2.941149 1.256585 1.144869
v 2.918980 1.306882 1.144869
v 2.899271 1.354814 1.144869
v 2.895721 1.362734 1.144869
v 2.891643 1.371212 1.144869
v 2.887145 1.380081 1.144869
v 2.882331 1.389176 1.144869
v 2.877306 1.398330 1.144869
v 2.872175 1.407380 1.144869
v 2.867043 1.416160 1.144869
v 2.862019 1.424501 1.144869
v 2.857204 1.432241 1.144869
v 2.852707 1.439213 1.144869
v 2.848629 1.445252 1.144869
v 5.754135 0.344665 1.144869
v 5.719302 0.308477 1.144869
v 5.683383 0.270661 1.144869
v 5.646833 0.231674 1.144869
v 5.610104 0.191962 1.144869
v 5.573643 0.151980 1.144869
v 5.537906 0.112179 1.144869
v 5.503344 0.073010 1.144869
v 5.470406 0.034924 1.144869
v 5.439547 -0.001626 1.144869
v 5.411217 -0.036188 1.144869
v 5.385865 -0.068314 1.144869
v 5.363948 -0.097547 1.144869
v 5.205706 0.028180 1.144869
v 5.228731 0.055857 1.144869
v 5.254239 0.085575 1.144869
v 5.281915 0.117021 1.144869
v 5.311442 0.149893 1.144869
v 5.342505 0.183878 1.144869
v 5.374786 0.218668 1.144869
v 5.407972 0.253953 1.144869
v 5.441744 0.289429 1.144869
v 5.475788 0.324783 1.144869
v 5.509787 0.359708 1.144869
v 5.543424 0.393896 1.144869
v 5.576382 0.427037 1.144869
v 5.488703 0.496887 1.144869
v 5.404584 0.569453 1.144869
v 5.324151 0.644114 1.144869
v 5.247536 0.720238 1.144869
v 5.174864 0.797209 1.144869
v 5.106263 0.874397 1.144869
v 5.041862 0.951179 1.144869
v 4.981791 1.026929 1.144869
v 4.926174 1.101023 1.144869
v 4.875143 1.172837 1.144869
v 4.828821 1.241747 1.144869
v 4.787339 1.307124 1.144869
v 4.783955 1.312091 1.144869
v 4.780314 1.317219 1.144869
v 4.776433 1.322502 1.144869
v 4.772326 1.327919 1.144869
v 4.768008 1.333455 1.144869
v 4.763495 1.339098 1.144869
v 4.758802 1.344831 1.144869
v 4.753942 1.350638 1.144869
v 4.748930 1.356507 1.144869
v 4.743786 1.362420 1.144869
v 4.738519 1.368364 1.144869
v 4.733147 1.374322 1.144869
v 4.869712 1.484875 1.144869
v 4.877700 1.482258 1.144869
v 4.886473 1.479828 1.144869
v 4.895996 1.477595 1.144869
v 4.906243 1.475563 1.144869
v 4.917180 1.473742 1.144869
v 4.928782 1.472140 1.144869
v 4.941017 1.470764 1.144869
v 4.953851 1.469622 1.144869
v 4.967259 1.468720 1.144869
v 4.981207 1.468065 1.144869
v 4.995672 1.467669 1.144869
v 5.010612 1.467535 1.144869
v 5.079459 1.467535 1.144869
v 5.173903 1.467535 1.144869
v 5.288384 1.467535 1.144869
v 5.417339 1.467535 1.144869
v 5.555204 1.467535 1.144869
v 5.696419 1.467535 1.144869
v 5.835423 1.467535 1.144869
v 5.966649 1.467535 1.144869
v 6.084539 1.467535 1.144869
v 6.183530 1.467535 1.144869
v 6.258058 1.467535 1.144869
v 6.302563 1.467535 1.144869
v 6.321693 1.467710 1.144869
v 6.341070 1.468217 1.144869
v 6.360583 1.469025 1.144869
v 6.380119 1.470103 1.144869
v 6.399566 1.471424 1.144869
v 6.418807 1.472953 1.144869
v 6.437732 1.474664 1.144869
v 6.456229 1.476526 1.144869
v 6.474185 1.478509 1.144869
v 6.491485 1.480582 1.144869
v 6.508018 1.482713 1.144869
v 6.523669 1.484875 1.144869
v 6.523669 1.289783 1.144869
v 6.511827 1.290949 1.144869
v 6.498106 1.292252 1.144869
v 6.482721 1.293643 1.144869
v 6.465864 1.295083 1.144869
v 6.447742 1.296520 1.144869
v 6.428560 1.297911 1.144869
v 6.408522 1.299214 1.144869
v 6.387827 1.300381 1.144869
v 6.366680 1.301367 1.144869
v 6.345286 1.302128 1.144869
v 6.323846 1.302615 1.144869
v 6.302563 1.302789 1.144869
v 6.254756 1.302789 1.144869
v 6.177890 1.302789 1.144869
v 6.077495 1.302789 1.144869
v 5.959103 1.302789 1.144869
v 5.828246 1.302789 1.144869
v 5.690459 1.302789 1.144869
v 5.551269 1.302789 1.144869
v 5.416214 1.302789 1.144869
v 5.290823 1.302789 1.144869
v 5.180627 1.302789 1.144869
v 5.091159 1.302789 1.144869
v 5.027955 1.302789 1.144869
v 5.057944 1.251560 1.144869
v 5.093558 1.195888 1.144869
v 5.134545 1.136485 1.144869
v 5.180658 1.074055 1.144869
v 5.231647 1.009308 1.144869
v 5.287265 0.942951 1.144869
v 5.347264 0.875689 1.144869
v 5.411397 0.808232 1.144869
v 5.479414 0.741287 1.144869
v 5.551065 0.675560 1.144869
v 5.626102 0.611760 1.144869
v 5.704277 0.550596 1.144869
v 5.741688 0.583825 1.144869
v 5.779917 0.617172 1.144869
v 5.818521 0.650310 1.144869
v 5.857061 0.682906 1.144869
v 5.895087 0.714628 1.144869
v 5.932156 0.745147 1.144869
v 5.967828 0.774130 1.144869
v 6.001656 0.801248 1.144869
v 6.033194 0.826166 1.144869
v 6.061998 0.848556 1.144869
v 6.087628 0.868084 1.144869
v 6.109638 0.884423 1.144869
v 6.250539 0.771702 1.144869
v 6.219121 0.748935 1.144869
v 6.182908 0.721253 1.144869
v 6.142797 0.689431 1.144869
v 6.099684 0.654245 1.144869
v 6.054461 0.616468 1.144869
v 6.008027 0.576880 1.144869
v 5.961278 0.536252 1.144869
v 5.915106 0.495360 1.144869
v 5.870412 0.454981 1.144869
v 5.828088 0.415888 1.144869
v 5.789031 0.378858 1.144869
v 7.180482 1.450192 1.144868
v 7.291035 1.534733 1.144869
v 7.300155 1.532114 1.144869
v 7.310154 1.529684 1.144869
v 7.321010 1.527451 1.144868
v 7.332705 1.525421 1.144868
v 7.345210 1.523600 1.144868
v 7.358505 1.521998 1.144868
v 7.372569 1.520621 1.144868
v 7.387380 1.519478 1.144868
v 7.402910 1.518577 1.144868
v 7.419139 1.517922 1.144868
v 7.436049 1.517525 1.144868
v 7.453613 1.517391 1.144868
v 7.485270 1.517391 1.144868
v 7.537421 1.517391 1.144868
v 7.605996 1.517391 1.144868
v 7.686924 1.517391 1.144868
v 7.776128 1.517391 1.144868
v 7.869541 1.517391 1.144868
v 7.963089 1.517391 1.144868
v 8.052704 1.517391 1.144868
v 8.134305 1.517391 1.144868
v 8.203829 1.517391 1.144868
v 8.257199 1.517391 1.144868
v 8.290346 1.517391 1.144868
v 8.307735 1.517565 1.144868
v 8.327037 1.518054 1.144868
v 8.347723 1.518814 1.144868
v 8.369267 1.519799 1.144868
v 8.391142 1.520966 1.144868
v 8.412821 1.522269 1.144868
v 8.433778 1.523660 1.144868
v 8.453485 1.525100 1.144868
v 8.471416 1.526537 1.144868
v 8.487045 1.527928 1.144868
v 8.499844 1.529231 1.144868
v 8.509283 1.530397 1.144868
v 8.509283 1.333136 1.144868
v 8.501417 1.333806 1.144868
v 8.490057 1.334693 1.144868
v 8.475684 1.335744 1.144868
v 8.458784 1.336910 1.144868
v 8.439837 1.338136 1.144868
v 8.419324 1.339368 1.144868
v 8.397727 1.340557 1.144868
v 8.375527 1.341647 1.144868
v 8.353209 1.342585 1.144868
v 8.331252 1.343323 1.144868
v 8.310137 1.343805 1.144868
v 8.290346 1.343975 1.144868
v 8.259265 1.343975 1.144868
v 8.206798 1.343975 1.144868
v 8.137218 1.343975 1.144868
v 8.054790 1.343975 1.144868
v 7.963780 1.343975 1.144868
v 7.773089 1.343975 1.144868
v 7.681943 1.343975 1.144868
v 7.599288 1.343975 1.144868
v 7.529391 1.343975 1.144868
v 7.476521 1.343975 1.144868
v 7.444942 1.343975 1.144869
v 7.460590 1.297510 1.144868
v 7.480179 1.248455 1.144868
v 7.503301 1.197385 1.144868
v 7.529562 1.144868 1.144868
v 7.558565 1.091479 1.144868
v 7.589907 1.037788 1.144868
v 7.623191 0.984369 1.144868
v 7.658021 0.931791 1.144868
v 7.693991 0.880629 1.144868
v 7.730708 0.831454 1.144868
v 7.767771 0.784838 1.144868
v 7.804781 0.741354 1.144868
v 7.862591 0.678926 1.144868
v 7.924225 0.616590 1.144868
v 7.989443 0.554798 1.144868
v 8.058001 0.493996 1.144868
v 8.129661 0.434640 1.144868
v 8.204179 0.377180 1.144868
v 8.281320 0.322068 1.144868
v 8.360837 0.269760 1.144868
v 8.442492 0.220700 1.144868
v 8.526045 0.175343 1.144868
v 8.611252 0.134142 1.144868
v 8.697874 0.097547 1.144868
v 8.559141 -0.047689 1.144868
v 8.479544 -0.009486 1.144868
v 8.401230 0.032313 1.144868
v 8.324319 0.077428 1.144868
v 8.248919 0.125567 1.144868
v 8.175145 0.176444 1.144868
v 8.103110 0.229776 1.144868
v 8.032927 0.285276 1.144868
v 7.964708 0.342658 1.144868
v 7.898568 0.401634 1.144868
v 7.834617 0.461922 1.144868
v 7.772969 0.523231 1.144868
v 7.713736 0.585279 1.144868
v 7.658334 0.534859 1.144868
v 7.602894 0.482493 1.144868
v 7.547739 0.428595 1.144868
v 7.493192 0.373567 1.144868
v 7.439581 0.317817 1.144868
v 7.387227 0.261750 1.144868
v 7.336453 0.205774 1.144869
v 7.287584 0.150293 1.144868
v 7.240942 0.095717 1.144869
v 7.196851 0.042450 1.144869
v 7.155637 -0.009100 1.144869
v 7.117618 -0.058528 1.144868
v 6.965879 0.071534 1.144869
v 7.003587 0.116536 1.144868
v 7.045883 0.165458 1.144868
v 7.092215 0.217618 1.144868
v 7.142025 0.272328 1.144868
v 7.194757 0.328906 1.144868
v 7.249849 0.386664 1.144868
v 7.306748 0.444918 1.144868
v 7.364898 0.502987 1.144868
v 7.423739 0.560182 1.144868
v 7.482717 0.615818 1.144868
v 7.541272 0.669211 1.144869
v 7.598849 0.719677 1.144868
v 7.560760 0.769597 1.144868
v 7.523551 0.821520 1.144868
v 7.487381 0.875006 1.144868
v 7.452409 0.929623 1.144868
v 7.418791 0.984932 1.144868
v 7.386684 1.040497 1.144868
v 7.356250 1.095882 1.144868
v 7.327645 1.150648 1.144868
v 7.301026 1.204362 1.144868
v 7.276555 1.256585 1.144868
v 7.254383 1.306882 1.144868
v 7.234675 1.354814 1.144868
v 7.231124 1.362734 1.144868
v 7.227049 1.371212 1.144869
v 7.222549 1.380081 1.144868
v 7.217734 1.389176 1.144868
v 7.212709 1.398330 1.144868
v 7.207578 1.407380 1.144868
v 7.202447 1.416160 1.144868
v 7.197423 1.424501 1.144868
v 7.192608 1.432241 1.144868
v 7.188110 1.439213 1.144868
v 7.184033 1.445252 1.144869
vn 0.6948 -0.1128 -0.7103
vn -0.6069 0.5513 -0.5725
vn 0.6302 0.5286 -0.5687
vn -0.7037 -0.0670 -0.7073
vn -0.7038 -0.0654 -0.7074
vn 0.6981 -0.0951 -0.7097
vn -0.7039 -0.0632 -0.7075
vn 0.7003 -0.0804 -0.7093
vn -0.7040 -0.0603 -0.7076
vn 0.7020 -0.0679 -0.7090
vn -0.7042 -0.0568 -0.7077
vn 0.7031 -0.0570 -0.7088
vn -0.7044 -0.0526 -0.7079
vn 0.7041 -0.0474 -0.7085
vn -0.7046 -0.0475 -0.7080
vn 0.7047 -0.0387 -0.7085
vn -0.7048 -0.0413 -0.7082
vn 0.7052 -0.0307 -0.7083
vn -0.7050 -0.0338 -0.7084
vn 0.7055 -0.0230 -0.7083
vn -0.7051 -0.0247 -0.7087
vn 0.7058 -0.0155 -0.7083
vn -0.7050 -0.0135 -0.7091
vn 0.7058 -0.0081 -0.7083
vn -0.7059 -0.0037 -0.7083
vn 0.7064 -0.0021 -0.7078
vn 0.7071 -0.0000 -0.7071
vn -0.4009 0.2949 -0.8674
vn -0.2156 0.6751 -0.7055
vn -0.2245 0.6720 -0.7057
vn -0.2323 0.6692 -0.7058
vn -0.2397 0.6665 -0.7059
vn -0.2468 0.6639 -0.7059
vn -0.2540 0.6612 -0.7059
vn -0.2028 -0.2781 -0.9389
vn -0.2616 0.6584 -0.7058
vn -0.7069 0.0029 -0.7073
vn 0.2224 -0.6695 -0.7087
vn -0.2698 0.6552 -0.7056
vn 0.2316 -0.6666 -0.7086
vn -0.2792 0.6515 -0.7054
vn 0.2400 -0.6637 -0.7085
vn 0.2479 -0.6608 -0.7084
vn -0.2901 0.6471 -0.7051
vn 0.2557 -0.6578 -0.7085
vn -0.3036 0.6415 -0.7045
vn 0.2638 -0.6545 -0.7085
vn -0.7591 0.2931 -0.5812
vn 0.2723 -0.6509 -0.7086
vn 0.2816 -0.6468 -0.7088
vn 0.2920 -0.6418 -0.7091
vn 0.3040 -0.6358 -0.7094
vn 0.3182 -0.6283 -0.7099
vn -0.2846 -0.7691 -0.5722
vn 0.7066 0.0016 -0.7076
vn 0.7061 0.0062 -0.7081
vn -0.7061 0.0066 -0.7081
vn -0.7061 0.0125 -0.7080
vn 0.7060 0.0122 -0.7081
vn -0.7061 0.0178 -0.7079
vn 0.7059 0.0182 -0.7081
vn -0.7060 0.0227 -0.7079
vn 0.7057 0.0245 -0.7081
vn -0.7057 0.0277 -0.7079
vn 0.7053 0.0310 -0.7082
vn -0.7055 0.0329 -0.7079
vn 0.7049 0.0382 -0.7083
vn -0.7051 0.0385 -0.7080
vn 0.7043 0.0460 -0.7084
vn -0.7046 0.0448 -0.7082
vn 0.7035 0.0547 -0.7086
vn -0.7039 0.0521 -0.7084
vn 0.7024 0.0649 -0.7089
vn -0.7030 0.0607 -0.7086
vn 0.7008 0.0769 -0.7092
vn -0.7015 0.0715 -0.7090
vn 0.6986 0.0914 -0.7097
vn -0.6112 -0.5473 -0.5718
vn 0.6205 -0.5383 -0.5703
vn 0.1799 0.6790 -0.7118
vn -0.8065 0.1201 -0.5789
vn -0.1458 0.7721 -0.6185
vn 0.1539 0.6860 -0.7111
vn 0.5544 -0.6036 -0.5729
vn -0.0789 0.7003 -0.7095
vn 0.5437 0.6150 -0.5712
vn 0.1311 0.6913 -0.7106
vn -0.0670 0.7025 -0.7085
vn -0.0595 0.7036 -0.7081
vn 0.1110 0.6952 -0.7102
vn -0.0539 0.7043 -0.7079
vn 0.0929 0.6982 -0.7099
vn -0.0491 0.7046 -0.7079
vn -0.0446 0.7050 -0.7078
vn 0.0765 0.7004 -0.7096
vn -0.0400 0.7052 -0.7079
vn 0.0614 0.7021 -0.7094
vn -0.0350 0.7054 -0.7079
vn 0.0475 0.7034 -0.7092
vn -0.0291 0.7055 -0.7081
vn 0.0347 0.7043 -0.7091
vn -0.0219 0.7055 -0.7084
vn 0.0225 0.7048 -0.7090
vn -0.0124 0.7053 -0.7088
vn 0.0109 0.7052 -0.7089
vn -0.0035 0.7060 -0.7082
vn 0.0027 0.7062 -0.7080
vn -0.0000 0.7071 -0.7071
vn -0.0574 -0.7040 -0.7079
vn -0.5775 -0.4023 -0.7104
vn -0.5881 -0.3883 -0.7095
vn -0.0533 -0.7045 -0.7077
vn -0.5957 -0.3775 -0.7090
vn -0.0501 -0.7049 -0.7075
vn -0.6017 -0.3684 -0.7087
vn -0.0471 -0.7050 -0.7076
vn -0.0439 -0.7052 -0.7076
vn -0.6068 -0.3601 -0.7086
vn -0.0408 -0.7054 -0.7077
vn -0.6116 -0.3521 -0.7086
vn -0.0367 -0.7055 -0.7078
vn -0.0322 -0.7056 -0.7079
vn -0.6161 -0.3437 -0.7087
vn -0.0266 -0.7056 -0.7081
vn -0.6209 -0.3347 -0.7088
vn -0.0199 -0.7056 -0.7083
vn -0.6261 -0.3244 -0.7091
vn -0.6318 -0.3121 -0.7096
vn -0.0111 -0.7054 -0.7087
vn -0.6386 -0.2966 -0.7101
vn -0.6464 -0.2777 -0.7107
vn -0.0030 -0.7061 -0.7081
vn -0.0000 -0.7071 -0.7071
vn 0.2777 -0.1995 -0.9397
vn -0.6531 -0.2782 -0.7043
vn -0.0031 -0.7061 -0.7081
vn 0.6578 0.2419 -0.7133
vn -0.6461 -0.2937 -0.7045
vn 0.6458 0.2750 -0.7122
vn -0.6392 -0.3081 -0.7047
vn 0.6345 0.3021 -0.7115
vn -0.6323 -0.3218 -0.7047
vn 0.6236 0.3252 -0.7109
vn -0.6254 -0.3351 -0.7047
vn 0.6130 0.3453 -0.7106
vn -0.6181 -0.3484 -0.7047
vn 0.6027 0.3636 -0.7104
vn -0.6104 -0.3618 -0.7046
vn 0.5922 0.3805 -0.7103
vn -0.6021 -0.3757 -0.7045
vn 0.5814 0.3969 -0.7102
vn 0.5700 0.4130 -0.7103
vn -0.5930 -0.3903 -0.7043
vn 0.5574 0.4295 -0.7105
vn -0.5828 -0.4058 -0.7041
vn 0.5431 0.4468 -0.7109
vn -0.5712 -0.4224 -0.7038
vn 0.5252 0.4663 -0.7118
vn -0.4409 0.0441 -0.8965
vn 0.5082 0.4863 -0.7108
vn -0.4728 0.5288 -0.7049
vn 0.4921 0.5027 -0.7108
vn -0.4821 0.5198 -0.7052
vn 0.4753 0.5185 -0.7108
vn -0.0152 -0.4320 -0.9017
vn -0.4902 0.5119 -0.7054
vn -0.5072 -0.4969 -0.7042
vn 0.4793 -0.5170 -0.7092
vn -0.4973 0.5048 -0.7056
vn 0.4577 0.5340 -0.7109
vn 0.4886 -0.5085 -0.7090
vn -0.4940 -0.5101 -0.7041
vn -0.5038 0.4982 -0.7057
vn 0.4390 0.5493 -0.7110
vn 0.4970 -0.5005 -0.7089
vn -0.4800 -0.5235 -0.7040
vn -0.5097 0.4920 -0.7058
vn 0.4190 0.5644 -0.7112
vn 0.5047 -0.4928 -0.7088
vn -0.4650 -0.5369 -0.7039
vn -0.5154 0.4860 -0.7058
vn 0.3974 0.5796 -0.7115
vn 0.5121 -0.4852 -0.7088
vn -0.4491 -0.5506 -0.7037
vn -0.5211 0.4800 -0.7058
vn 0.3740 0.5946 -0.7117
vn 0.5191 -0.4777 -0.7087
vn -0.4319 -0.5644 -0.7035
vn -0.5268 0.4738 -0.7057
vn 0.3484 0.6096 -0.7120
vn 0.5260 -0.4702 -0.7087
vn -0.4133 -0.5783 -0.7033
vn 0.3202 0.6244 -0.7124
vn -0.5329 0.4670 -0.7056
vn 0.5328 -0.4623 -0.7088
vn -0.3932 -0.5924 -0.7031
vn 0.2892 0.6389 -0.7129
vn -0.5398 0.4594 -0.7054
vn 0.5398 -0.4540 -0.7089
vn 0.8109 0.1680 -0.5606
vn -0.3714 -0.6067 -0.7029
vn -0.8133 -0.0671 -0.5779
vn 0.1441 -0.7901 -0.5957
vn 0.5470 -0.4451 -0.7090
vn -0.3476 -0.6209 -0.7026
vn 0.5547 -0.4350 -0.7092
vn 0.0844 -0.8141 -0.5746
vn -0.3217 -0.6350 -0.7023
vn 0.5479 -0.6105 -0.5718
vn -0.0926 0.6988 -0.7093
vn 0.5384 0.6204 -0.5703
vn 0.0831 0.7015 -0.7078
vn -0.5472 -0.6113 -0.5717
vn -0.5442 0.6144 -0.5713
vn 0.0783 0.7020 -0.7079
vn -0.0804 0.7007 -0.7089
vn 0.0731 0.7024 -0.7080
vn -0.0702 0.7021 -0.7086
vn 0.0674 0.7029 -0.7081
vn -0.0613 0.7031 -0.7084
vn 0.0612 0.7034 -0.7081
vn -0.0535 0.7039 -0.7083
vn 0.0545 0.7039 -0.7082
vn -0.0463 0.7045 -0.7082
vn 0.0472 0.7043 -0.7083
vn -0.0395 0.7049 -0.7082
vn 0.0393 0.7047 -0.7084
vn -0.0328 0.7053 -0.7082
vn 0.0307 0.7050 -0.7085
vn -0.0260 0.7055 -0.7082
vn 0.0213 0.7052 -0.7087
vn -0.0186 0.7056 -0.7084
vn 0.0111 0.7053 -0.7088
vn -0.0101 0.7056 -0.7086
vn 0.0029 0.7066 -0.7076
vn -0.0028 0.7062 -0.7080
vn -0.0694 -0.7016 -0.7092
vn -0.0576 -0.7031 -0.7088
vn -0.0482 -0.7041 -0.7085
vn -0.0406 -0.7048 -0.7082
vn -0.0342 -0.7053 -0.7081
vn -0.0286 -0.7057 -0.7079
vn -0.0236 -0.7060 -0.7079
vn -0.0190 -0.7061 -0.7078
vn -0.0146 -0.7063 -0.7078
vn -0.0102 -0.7063 -0.7078
vn -0.0054 -0.7063 -0.7079
vn -0.0014 -0.7066 -0.7076
vn 0.3015 -0.3015 -0.9045
vn -0.3015 -0.3015 -0.9045
vn 0.0010 -0.7068 -0.7074
vn 0.0043 -0.7064 -0.7078
vn 0.0088 -0.7063 -0.7078
vn 0.0136 -0.7062 -0.7079
vn 0.0187 -0.7060 -0.7079
vn 0.0242 -0.7058 -0.7080
vn 0.0302 -0.7055 -0.7081
vn 0.0369 -0.7050 -0.7082
vn 0.0442 -0.7045 -0.7083
vn 0.0523 -0.7038 -0.7085
vn 0.0616 -0.7028 -0.7087
vn 0.0721 -0.7016 -0.7089
vn 0.3015 0.3015 -0.9045
vn -0.3015 0.3015 -0.9045
vn 0.5526 -0.6056 -0.5726
vn -0.0853 0.7007 -0.7084
vn 0.5426 0.6161 -0.5710
vn 0.0797 0.7023 -0.7074
vn -0.5411 -0.6177 -0.5707
vn -0.5462 0.6124 -0.5716
vn 0.0774 0.7024 -0.7076
vn -0.0775 0.7016 -0.7083
vn 0.0741 0.7026 -0.7077
vn -0.0698 0.7024 -0.7083
vn 0.0695 0.7029 -0.7079
vn -0.0623 0.7032 -0.7083
vn 0.0640 0.7032 -0.7081
vn -0.0548 0.7038 -0.7083
vn 0.0574 0.7036 -0.7082
vn -0.0473 0.7043 -0.7083
vn 0.0499 0.7041 -0.7084
vn -0.0398 0.7048 -0.7083
vn 0.0415 0.7045 -0.7085
vn -0.0323 0.7052 -0.7083
vn 0.0322 0.7048 -0.7086
vn -0.0246 0.7054 -0.7084
vn 0.0221 0.7051 -0.7088
vn -0.0166 0.7056 -0.7084
vn 0.0113 0.7052 -0.7089
vn -0.0085 0.7057 -0.7084
vn 0.0029 0.7062 -0.7080
vn -0.0022 0.7064 -0.7078
vn -0.0611 -0.7034 -0.7082
vn -0.0544 -0.7040 -0.7082
vn -0.0478 -0.7045 -0.7081
vn -0.0417 -0.7049 -0.7081
vn -0.0357 -0.7053 -0.7081
vn -0.0300 -0.7056 -0.7080
vn -0.0245 -0.7058 -0.7080
vn -0.0191 -0.7060 -0.7079
vn -0.0140 -0.7062 -0.7079
vn -0.0092 -0.7063 -0.7079
vn -0.0045 -0.7064 -0.7078
vn -0.0011 -0.7068 -0.7075
vn 0.0001 -0.7071 -0.7071
vn 0.0011 -0.7068 -0.7074
vn 0.0034 -0.7067 -0.7075
vn 0.0068 -0.7064 -0.7078
vn 0.0115 -0.7062 -0.7079
vn 0.0172 -0.7059 -0.7081
vn 0.0239 -0.7055 -0.7083
vn 0.0320 -0.7050 -0.7085
vn 0.0417 -0.7042 -0.7088
vn 0.0532 -0.7031 -0.7091
vn 0.0669 -0.7015 -0.7095
vn 0.0835 -0.6992 -0.7101
vn 0.6793 0.1824 -0.7108
vn -0.7767 0.2785 -0.5650
vn 0.3972 0.7161 -0.5740
vn 0.6741 0.2030 -0.7102
vn 0.6691 0.2203 -0.7098
vn 0.6642 0.2354 -0.7095
vn 0.6594 0.2490 -0.7093
vn -0.5968 -0.3760 -0.7089
vn 0.6546 0.2618 -0.7092
vn -0.6024 -0.3675 -0.7086
vn 0.6494 0.2742 -0.7093
vn -0.6070 -0.3602 -0.7084
vn 0.6438 0.2869 -0.7094
vn -0.6109 -0.3540 -0.7082
vn 0.6373 0.3004 -0.7097
vn -0.6141 -0.3486 -0.7080
vn 0.6294 0.3157 -0.7101
vn -0.6168 -0.3441 -0.7079
vn 0.6191 0.3338 -0.7108
vn -0.6191 -0.3401 -0.7078
vn 0.6283 0.3347 -0.7023
vn 0.6198 0.3302 -0.7120
vn -0.6211 -0.3368 -0.7077
vn -0.6227 -0.3340 -0.7076
vn -0.6240 -0.3318 -0.7074
vn -0.6249 -0.3303 -0.7074
vn 0.6052 0.3563 -0.7119
vn -0.6232 -0.3421 -0.7033
vn -0.2496 0.1449 -0.9575
vn 0.5895 0.3816 -0.7119
vn 0.2455 0.6567 -0.7131
vn -0.7880 0.2078 -0.5796
vn -0.0648 0.7831 -0.6185
vn 0.2124 0.6688 -0.7125
vn 0.1818 0.6782 -0.7121
vn 0.1536 0.6856 -0.7116
vn 0.1278 0.6913 -0.7112
vn 0.1042 0.6957 -0.7108
vn 0.0827 0.6989 -0.7104
vn 0.0631 0.7012 -0.7101
vn 0.0451 0.7029 -0.7099
vn 0.0288 0.7040 -0.7096
vn 0.0139 0.7047 -0.7094
vn 0.0034 0.7060 -0.7082
vn 0.5725 0.4065 -0.7120
vn -0.6201 -0.3343 -0.7097
vn 0.5537 0.4314 -0.7122
vn -0.6274 -0.3214 -0.7093
vn -0.6333 -0.3101 -0.7090
vn -0.6385 -0.2998 -0.7088
vn -0.6430 -0.2903 -0.7087
vn -0.6471 -0.2810 -0.7087
vn -0.6511 -0.2716 -0.7087
vn -0.6550 -0.2619 -0.7088
vn 0.5331 0.4563 -0.7124
vn -0.2558 -0.5054 -0.8241
vn -0.6589 -0.2513 -0.7090
vn 0.2856 -0.2212 -0.9325
vn -0.6630 -0.2396 -0.7092
vn -0.5665 -0.4282 -0.7041
vn 0.6753 0.1913 -0.7123
vn -0.6674 -0.2259 -0.7096
vn -0.6722 -0.2065 -0.7110
vn -0.6796 -0.2095 -0.7030
vn 0.5104 0.4813 -0.7127
vn -0.5546 -0.4436 -0.7040
vn 0.6668 0.2208 -0.7117
vn -0.6716 -0.2332 -0.7033
vn -0.5422 -0.4588 -0.7040
vn 0.6580 0.2470 -0.7113
vn 0.4854 0.5061 -0.7129
vn -0.5291 -0.4739 -0.7039
vn -0.6633 -0.2555 -0.7034
vn 0.6488 0.2709 -0.7111
vn 0.4578 0.5308 -0.7132
vn -0.5153 -0.4889 -0.7038
vn -0.6545 -0.2769 -0.7035
vn 0.6391 0.2934 -0.7110
vn -0.5008 -0.5039 -0.7038
vn 0.4277 0.5550 -0.7135
vn -0.6453 -0.2978 -0.7035
vn -0.4854 -0.5188 -0.7037
vn 0.6287 0.3151 -0.7110
vn 0.3949 0.5784 -0.7138
vn -0.4693 -0.5336 -0.7036
vn -0.6354 -0.3185 -0.7034
vn 0.6174 0.3366 -0.7110
vn 0.8273 0.0315 -0.5609
vn -0.4523 -0.5482 -0.7035
vn -0.6246 -0.3394 -0.7033
vn 0.6049 0.3582 -0.7112
vn -0.4343 -0.5627 -0.7034
vn 0.0155 -0.8029 -0.5959
vn -0.4154 -0.5769 -0.7033
vn 0.5909 0.3804 -0.7115
vn -0.6128 -0.3606 -0.7032
vn 0.5749 0.4036 -0.7118
vn -0.5996 -0.3824 -0.7030
vn 0.5563 0.4280 -0.7123
vn -0.5849 -0.4051 -0.7027
vn 0.5341 0.4542 -0.7131
vn -0.5683 -0.4286 -0.7024
vn 0.5121 0.4802 -0.7121
vn -0.5501 -0.4512 -0.7027
vn 0.4897 0.5028 -0.7123
vn -0.5315 -0.4734 -0.7024
vn 0.4655 0.5251 -0.7125
vn -0.5108 -0.4961 -0.7022
vn 0.4395 0.5468 -0.7126
vn -0.4880 -0.5187 -0.7020
vn 0.4120 0.5677 -0.7127
vn 0.3833 0.5874 -0.7128
vn -0.4634 -0.5410 -0.7018
vn 0.3534 0.6058 -0.7128
vn -0.4373 -0.5624 -0.7018
vn 0.3229 0.6227 -0.7127
vn -0.4101 -0.5825 -0.7018
vn 0.2918 0.6379 -0.7127
vn -0.3821 -0.6011 -0.7019
vn 0.2606 0.6514 -0.7125
vn -0.3539 -0.6181 -0.7020
vn 0.2295 0.6632 -0.7124
vn 0.8134 0.1753 -0.5546
vn -0.3257 -0.6331 -0.7022
vn 0.1438 -0.7825 -0.6059
vn -0.2980 -0.6464 -0.7024
vn -0.2711 -0.6579 -0.7026
vn 0.0974 0.7151 -0.6922
vn -0.0974 0.7151 -0.6922
vn -0.0000 0.7217 -0.6922
vn -0.1920 0.6954 -0.6925
vn 0.1920 0.6954 -0.6924
vn -0.2817 0.6640 -0.6927
vn 0.2817 0.6640 -0.6927
vn -0.3650 0.6218 -0.6929
vn 0.3650 0.6218 -0.6929
vn -0.4412 0.5701 -0.6931
vn 0.4412 0.5701 -0.6931
vn -0.5097 0.5097 -0.6932
vn 0.5097 0.5097 -0.6931
vn -0.5701 0.4412 -0.6931
vn 0.5701 0.4411 -0.6931
vn -0.6218 0.3650 -0.6929
vn 0.6218 0.3650 -0.6930
vn -0.6640 0.2816 -0.6927
vn 0.6640 0.2817 -0.6927
vn -0.6954 0.1920 -0.6925
vn 0.6954 0.1920 -0.6925
vn -0.7151 0.0974 -0.6922
vn 0.7151 0.0973 -0.6922
vn -0.7217 0.0001 -0.6922
vn 0.7217 -0.0001 -0.6922
vn 0.7151 -0.0974 -0.6922
vn -0.7151 -0.0973 -0.6922
vn -0.6954 -0.1920 -0.6924
vn 0.6954 -0.1920 -0.6925
vn -0.6640 -0.2817 -0.6927
vn 0.6640 -0.2817 -0.6927
vn -0.6218 -0.3650 -0.6930
vn 0.6218 -0.3650 -0.6929
vn -0.5701 -0.4412 -0.6931
vn 0.5701 -0.4412 -0.6931
vn -0.5097 -0.5097 -0.6932
vn 0.5097 -0.5096 -0.6931
vn -0.4412 -0.5701 -0.6931
vn 0.4412 -0.5701 -0.6931
vn -0.3650 -0.6218 -0.6929
vn 0.3650 -0.6218 -0.6929
vn -0.2817 -0.6640 -0.6927
vn 0.2817 -0.6640 -0.6927
vn -0.1920 -0.6954 -0.6925
vn 0.1920 -0.6954 -0.6925
vn -0.0974 -0.7151 -0.6922
vn 0.0974 -0.7151 -0.6922
vn -0.0000 -0.7217 -0.6922
vn 0.1920 0.6954 -0.6925
vn 0.6639 0.2817 -0.6927
vn -0.6640 0.2817 -0.6927
vn -0.6954 0.1920 -0.6924
vn -0.6954 -0.1920 -0.6925
vn -0.6639 -0.2817 -0.6927
vn 0.5097 -0.5096 -0.6932
vn 0.2816 -0.6640 -0.6927
vn -0.2816 -0.6640 -0.6927
vn 0.7039 -0.0475 -0.7087
vn -0.0189 0.7070 -0.7070
vn 0.5938 0.5657 -0.5722
vn 0.0386 0.7048 -0.7083
vn -0.7041 -0.0467 -0.7086
vn -0.5842 0.5770 -0.5707
vn -0.0195 0.7069 -0.7070
vn 0.0313 0.7053 -0.7082
vn -0.0197 0.7068 -0.7071
vn -0.0196 0.7068 -0.7071
vn 0.0251 0.7058 -0.7080
vn -0.0192 0.7067 -0.7072
vn 0.0199 0.7061 -0.7079
vn -0.0182 0.7067 -0.7073
vn -0.0167 0.7066 -0.7074
vn 0.0154 0.7063 -0.7078
vn -0.0147 0.7066 -0.7075
vn 0.0115 0.7065 -0.7077
vn -0.0120 0.7065 -0.7076
vn 0.0083 0.7066 -0.7076
vn -0.0087 0.7065 -0.7077
vn 0.0055 0.7067 -0.7075
vn -0.0047 0.7064 -0.7078
vn 0.0033 0.7068 -0.7074
vn 0.0016 0.7069 -0.7073
vn -0.0012 0.7067 -0.7075
vn 0.0005 0.7070 -0.7072
vn 0.0001 0.7071 -0.7071
vn 0.7047 -0.0380 -0.7085
vn -0.7048 -0.0381 -0.7084
vn 0.7053 -0.0300 -0.7083
vn -0.7053 -0.0305 -0.7082
vn 0.7058 -0.0234 -0.7081
vn -0.7057 -0.0240 -0.7081
vn -0.7060 -0.0183 -0.7079
vn 0.7061 -0.0179 -0.7079
vn -0.7063 -0.0135 -0.7078
vn 0.7063 -0.0131 -0.7078
vn -0.7065 -0.0094 -0.7077
vn 0.7065 -0.0092 -0.7077
vn -0.7066 -0.0061 -0.7076
vn 0.7066 -0.0060 -0.7076
vn -0.7067 -0.0035 -0.7075
vn 0.7067 -0.0035 -0.7075
vn -0.7069 -0.0016 -0.7073
vn 0.7069 -0.0016 -0.7073
vn -0.7070 -0.0005 -0.7072
vn 0.7070 -0.0005 -0.7072
vn -0.7071 -0.0001 -0.7071
vn 0.7071 -0.0001 -0.7071
vn -0.7071 -0.0000 -0.7071
vn 0.7066 0.0015 -0.7076
vn -0.7069 0.0008 -0.7074
vn 0.7064 0.0051 -0.7078
vn -0.7067 0.0028 -0.7075
vn 0.7065 0.0090 -0.7076
vn -0.7068 0.0048 -0.7074
vn 0.7066 0.0118 -0.7075
vn -0.7069 0.0064 -0.7073
vn -0.7068 0.0078 -0.7073
vn 0.7066 0.0141 -0.7074
vn -0.7068 0.0092 -0.7073
vn 0.7066 0.0161 -0.7074
vn 0.3010 -0.2959 -0.9065
vn -0.7068 0.0107 -0.7074
vn 0.7066 0.0181 -0.7074
vn -0.3005 -0.2903 -0.9085
vn -0.5881 -0.5682 -0.5755
vn 0.5828 -0.5728 -0.5764
vn 0.7065 0.0200 -0.7074
vn -0.7067 0.0124 -0.7074
vn 0.7064 0.0222 -0.7075
vn -0.7065 0.0147 -0.7075
vn 0.7061 0.0250 -0.7076
vn -0.7063 0.0179 -0.7077
vn 0.7057 0.0293 -0.7080
vn -0.7056 0.0233 -0.7082
vn 0.7044 0.0372 -0.7088
vn -0.7036 0.0349 -0.7097
vn 0.5961 -0.5612 -0.5742
vn -0.5963 -0.5610 -0.5742
vn -0.8068 0.1202 -0.5785
vn 0.1538 0.6860 -0.7111
vn 0.5545 -0.6036 -0.5729
vn -0.0789 0.7002 -0.7095
vn 0.1109 0.6952 -0.7102
vn -0.5774 -0.4023 -0.7105
vn -0.5882 -0.3882 -0.7094
vn -0.0474 -0.7051 -0.7075
vn -0.0440 -0.7052 -0.7076
vn -0.0406 -0.7054 -0.7077
vn -0.6115 -0.3521 -0.7086
vn -0.6162 -0.3438 -0.7087
vn -0.0267 -0.7056 -0.7081
vn -0.6209 -0.3347 -0.7089
vn -0.6318 -0.3121 -0.7095
vn -0.6385 -0.2966 -0.7102
vn 0.6459 0.2750 -0.7122
vn -0.6392 -0.3081 -0.7046
vn -0.6181 -0.3483 -0.7047
vn 0.5922 0.3805 -0.7102
vn -0.5712 -0.4224 -0.7037
vn -0.4727 0.5288 -0.7049
vn 0.3974 0.5795 -0.7115
vn -0.5210 0.4800 -0.7058
vn -0.3714 -0.6066 -0.7029
vn -0.8133 -0.0672 -0.5779
vn 0.1441 -0.7901 -0.5958
vn 0.5470 -0.4450 -0.7090
vn 0.5507 -0.6076 -0.5723
vn -0.0935 0.6999 -0.7081
vn 0.5395 0.6192 -0.5705
vn 0.2031 0.6718 -0.7124
vn -0.8159 0.0640 -0.5746
vn -0.1428 0.7766 -0.6137
vn -0.0871 0.7007 -0.7081
vn 0.1740 0.6807 -0.7116
vn -0.0808 0.7014 -0.7082
vn 0.1486 0.6873 -0.7110
vn -0.0741 0.7021 -0.7082
vn 0.1262 0.6922 -0.7106
vn -0.0671 0.7027 -0.7083
vn 0.1060 0.6959 -0.7102
vn -0.0597 0.7034 -0.7083
vn 0.0875 0.6988 -0.7100
vn -0.0519 0.7039 -0.7084
vn 0.0706 0.7009 -0.7097
vn -0.0433 0.7043 -0.7086
vn 0.0549 0.7025 -0.7095
vn -0.0340 0.7048 -0.7086
vn 0.0402 0.7037 -0.7094
vn -0.0238 0.7050 -0.7088
vn 0.0262 0.7044 -0.7093
vn -0.0125 0.7051 -0.7090
vn 0.0129 0.7049 -0.7092
vn -0.0032 0.7061 -0.7081
vn 0.0032 0.7061 -0.7081
vn -0.0680 -0.7034 -0.7075
vn -0.0652 -0.7036 -0.7076
vn -0.0618 -0.7038 -0.7077
vn -0.0580 -0.7041 -0.7078
vn -0.0536 -0.7043 -0.7079
vn -0.0485 -0.7046 -0.7080
vn -0.0428 -0.7048 -0.7081
vn -0.0363 -0.7051 -0.7082
vn -0.0290 -0.7053 -0.7084
vn -0.5266 -0.4705 -0.7081
vn -0.5306 -0.4658 -0.7081
vn -0.0207 -0.7054 -0.7085
vn -0.5348 -0.4610 -0.7082
vn -0.5392 -0.4557 -0.7082
vn -0.5438 -0.4502 -0.7083
vn -0.5486 -0.4441 -0.7084
vn -0.0112 -0.7054 -0.7088
vn -0.5538 -0.4374 -0.7085
vn -0.5593 -0.4301 -0.7087
vn -0.5653 -0.4220 -0.7088
vn -0.5717 -0.4130 -0.7090
vn -0.0028 -0.7062 -0.7080
vn -0.5787 -0.4026 -0.7092
vn -0.5876 -0.3865 -0.7109
vn 0.2478 -0.1421 -0.9583
vn -0.5945 -0.3883 -0.7041
vn 0.5992 0.3669 -0.7116
vn 0.5856 0.3892 -0.7110
vn -0.5841 -0.4037 -0.7042
vn 0.5725 0.4088 -0.7108
vn -0.5734 -0.4188 -0.7042
vn 0.5594 0.4267 -0.7106
vn -0.5622 -0.4338 -0.7041
vn 0.5461 0.4437 -0.7106
vn -0.5503 -0.4489 -0.7040
vn 0.5322 0.4602 -0.7106
vn -0.5376 -0.4642 -0.7039
vn 0.5175 0.4766 -0.7107
vn 0.8252 -0.0197 -0.5645
vn -0.4259 0.5663 -0.7057
vn 0.0146 0.8057 -0.5921
vn 0.5016 0.4930 -0.7109
vn -0.5239 -0.4799 -0.7037
vn -0.4319 0.5612 -0.7060
vn -0.4367 0.5573 -0.7062
vn -0.4408 0.5539 -0.7063
vn 0.4843 0.5097 -0.7111
vn -0.4446 0.5508 -0.7064
vn -0.5089 -0.4961 -0.7035
vn -0.4481 0.5479 -0.7064
vn 0.4205 -0.5649 -0.7100
vn 0.4332 -0.5563 -0.7091
vn -0.4517 0.5450 -0.7064
vn 0.4653 0.5268 -0.7114
vn 0.4423 -0.5497 -0.7087
vn -0.4924 -0.5127 -0.7033
vn -0.4553 0.5420 -0.7063
vn 0.4494 -0.5443 -0.7084
vn -0.4591 0.5388 -0.7063
vn 0.4440 0.5443 -0.7117
vn 0.4553 -0.5395 -0.7082
vn -0.4633 0.5354 -0.7062
vn -0.4742 -0.5299 -0.7030
vn -0.4679 0.5315 -0.7061
vn 0.4606 -0.5351 -0.7082
vn -0.0147 0.4697 -0.8827
vn 0.4656 -0.5308 -0.7082
vn -0.4541 -0.5477 -0.7027
vn 0.4707 -0.5262 -0.7082
vn -0.3980 -0.0230 -0.9171
vn 0.4761 -0.5211 -0.7083
vn 0.4822 -0.5152 -0.7086
vn -0.5031 0.4977 -0.7065
vn 0.4894 -0.5078 -0.7090
vn -0.5058 0.4950 -0.7065
vn 0.4999 -0.4955 -0.7104
vn -0.5085 0.4923 -0.7065
vn 0.5105 -0.4882 -0.7079
vn -0.5112 0.4895 -0.7065
vn 0.5138 -0.4848 -0.7078
vn -0.5141 0.4865 -0.7064
vn 0.5169 -0.4814 -0.7079
vn -0.5173 0.4832 -0.7063
vn 0.5202 -0.4778 -0.7079
vn -0.5208 0.4796 -0.7063
vn 0.5237 -0.4738 -0.7080
vn -0.5247 0.4754 -0.7061
vn 0.5274 -0.4695 -0.7081
vn -0.5293 0.4706 -0.7060
vn -0.5347 0.4648 -0.7057
vn 0.5317 -0.4645 -0.7082
vn -0.5414 0.4575 -0.7054
vn 0.5366 -0.4585 -0.7084
vn -0.8130 -0.0838 -0.5761
vn 0.5423 -0.4512 -0.7087
vn 0.5494 -0.4418 -0.7092
vn 0.5583 -0.4294 -0.7099
vn 0.1044 -0.8108 -0.5759
vn -0.8067 0.1200 -0.5786
vn -0.1457 0.7721 -0.6185
vn -0.5774 -0.4023 -0.7104
vn -0.5882 -0.3883 -0.7094
vn -0.0530 -0.7045 -0.7077
vn -0.0504 -0.7049 -0.7075
vn -0.6017 -0.3683 -0.7087
vn -0.6116 -0.3520 -0.7086
vn -0.0321 -0.7056 -0.7079
vn -0.6162 -0.3438 -0.7086
vn -0.6385 -0.2966 -0.7101
vn -0.6532 -0.2782 -0.7043
vn -0.0000 -0.7071 0.7071
vn 0.6027 0.3635 -0.7104
vn 0.5699 0.4130 -0.7103
vn 0.4921 0.5026 -0.7108
vn -0.4939 -0.5101 -0.7041
vn -0.5268 0.4737 -0.7057
vn 0.5260 -0.4701 -0.7087
vn -0.3932 -0.5925 -0.7031
vn 0.6948 -0.1128 0.7103
vn 0.6302 0.5286 0.5687
vn -0.6069 0.5513 0.5725
vn -0.7037 -0.0671 0.7073
vn -0.7037 -0.0655 0.7074
vn 0.6981 -0.0952 0.7097
vn -0.7039 -0.0632 0.7075
vn 0.7003 -0.0805 0.7093
vn -0.7040 -0.0604 0.7076
vn 0.7020 -0.0679 0.7090
vn -0.7042 -0.0568 0.7077
vn 0.7032 -0.0570 0.7087
vn -0.7044 -0.0525 0.7078
vn 0.7041 -0.0475 0.7086
vn -0.7046 -0.0475 0.7080
vn 0.7047 -0.0387 0.7085
vn -0.7048 -0.0413 0.7082
vn 0.7052 -0.0306 0.7083
vn -0.7050 -0.0338 0.7084
vn 0.7055 -0.0230 0.7083
vn -0.7051 -0.0247 0.7087
vn 0.7058 -0.0156 0.7083
vn -0.7050 -0.0135 0.7091
vn 0.7058 -0.0080 0.7084
vn -0.7059 -0.0037 0.7083
vn 0.7064 -0.0020 0.7078
vn 0.7071 -0.0000 0.7071
vn -0.4009 0.2949 0.8674
vn -0.2156 0.6751 0.7055
vn -0.2245 0.6720 0.7057
vn -0.2323 0.6692 0.7058
vn -0.2397 0.6665 0.7059
vn -0.2468 0.6639 0.7059
vn -0.2540 0.6612 0.7059
vn -0.2028 -0.2781 0.9389
vn -0.2616 0.6584 0.7058
vn -0.7069 0.0029 0.7073
vn 0.2224 -0.6695 0.7087
vn -0.2698 0.6552 0.7056
vn 0.2316 -0.6666 0.7086
vn -0.2792 0.6515 0.7054
vn 0.2400 -0.6637 0.7085
vn 0.2479 -0.6608 0.7084
vn -0.2901 0.6471 0.7051
vn 0.2557 -0.6578 0.7085
vn -0.3036 0.6415 0.7045
vn 0.2638 -0.6545 0.7085
vn -0.7591 0.2930 0.5812
vn 0.2723 -0.6509 0.7086
vn 0.2816 -0.6467 0.7088
vn 0.2920 -0.6418 0.7091
vn 0.3040 -0.6358 0.7094
vn 0.3182 -0.6283 0.7099
vn -0.2846 -0.7691 0.5722
vn 0.7066 0.0016 0.7076
vn 0.7061 0.0062 0.7081
vn -0.7061 0.0067 0.7081
vn -0.7061 0.0125 0.7080
vn 0.7060 0.0122 0.7081
vn -0.7061 0.0177 0.7079
vn 0.7059 0.0183 0.7081
vn -0.7060 0.0227 0.7079
vn 0.7057 0.0244 0.7081
vn -0.7058 0.0277 0.7079
vn 0.7053 0.0310 0.7082
vn -0.7055 0.0329 0.7080
vn 0.7049 0.0382 0.7083
vn -0.7051 0.0385 0.7080
vn 0.7043 0.0460 0.7084
vn -0.7046 0.0448 0.7082
vn 0.7035 0.0547 0.7086
vn -0.7039 0.0520 0.7083
vn 0.7023 0.0650 0.7089
vn -0.7030 0.0607 0.7086
vn 0.7008 0.0770 0.7092
vn -0.7015 0.0715 0.7091
vn 0.6985 0.0914 0.7097
vn -0.6112 -0.5473 0.5718
vn 0.6205 -0.5383 0.5703
vn 0.1799 0.6790 0.7118
vn -0.1458 0.7721 0.6185
vn -0.8067 0.1199 0.5786
vn 0.1540 0.6859 0.7112
vn 0.5544 -0.6036 0.5729
vn 0.5437 0.6150 0.5712
vn -0.0789 0.7003 0.7095
vn 0.1311 0.6913 0.7106
vn -0.0670 0.7025 0.7085
vn -0.0595 0.7036 0.7081
vn 0.1109 0.6952 0.7102
vn -0.0539 0.7043 0.7079
vn 0.0929 0.6982 0.7099
vn -0.0491 0.7046 0.7079
vn -0.0446 0.7050 0.7078
vn 0.0765 0.7004 0.7096
vn -0.0400 0.7052 0.7079
vn 0.0615 0.7021 0.7094
vn -0.0349 0.7054 0.7080
vn 0.0475 0.7033 0.7093
vn -0.0291 0.7055 0.7081
vn 0.0346 0.7043 0.7091
vn -0.0219 0.7055 0.7084
vn 0.0225 0.7048 0.7090
vn -0.0125 0.7053 0.7088
vn 0.0110 0.7052 0.7089
vn -0.0035 0.7060 0.7082
vn 0.0027 0.7062 0.7080
vn -0.0000 0.7071 0.7071
vn -0.0571 -0.7040 0.7079
vn -0.5775 -0.4022 0.7105
vn -0.5882 -0.3882 0.7094
vn -0.0536 -0.7045 0.7076
vn -0.5957 -0.3774 0.7090
vn -0.0501 -0.7049 0.7076
vn -0.6017 -0.3683 0.7087
vn -0.0470 -0.7050 0.7076
vn -0.0440 -0.7052 0.7076
vn -0.6069 -0.3600 0.7086
vn -0.0406 -0.7054 0.7077
vn -0.6114 -0.3519 0.7087
vn -0.0361 -0.7018 0.7115
vn -0.0321 -0.7057 0.7078
vn -0.6161 -0.3439 0.7086
vn -0.0267 -0.7057 0.7081
vn -0.6209 -0.3348 0.7088
vn -0.0199 -0.7056 0.7083
vn -0.6261 -0.3244 0.7091
vn -0.6318 -0.3118 0.7096
vn -0.0111 -0.7058 0.7083
vn -0.6386 -0.2965 0.7101
vn -0.6463 -0.2777 0.7107
vn -0.0031 -0.7091 0.7051
vn -0.0000 -0.7072 0.7070
vn 0.2777 -0.1997 0.9397
vn -0.6531 -0.2782 0.7043
vn 0.6578 0.2419 0.7133
vn -0.6461 -0.2937 0.7045
vn 0.6458 0.2750 0.7122
vn -0.6392 -0.3081 0.7046
vn 0.6345 0.3021 0.7115
vn -0.6323 -0.3218 0.7047
vn 0.6236 0.3252 0.7109
vn -0.6254 -0.3351 0.7047
vn 0.6130 0.3453 0.7106
vn -0.6181 -0.3483 0.7047
vn 0.6027 0.3636 0.7103
vn -0.6104 -0.3618 0.7046
vn 0.5922 0.3805 0.7103
vn -0.6021 -0.3757 0.7045
vn 0.5814 0.3969 0.7102
vn 0.5699 0.4130 0.7103
vn -0.5930 -0.3903 0.7043
vn 0.5574 0.4295 0.7105
vn -0.5828 -0.4058 0.7041
vn 0.5431 0.4468 0.7109
vn -0.5712 -0.4224 0.7038
vn 0.5252 0.4663 0.7118
vn -0.4409 0.0441 0.8965
vn 0.5082 0.4863 0.7108
vn -0.4728 0.5288 0.7049
vn 0.4921 0.5027 0.7108
vn -0.4821 0.5198 0.7052
vn 0.4753 0.5185 0.7108
vn -0.0152 -0.4322 0.9016
vn -0.4902 0.5119 0.7054
vn -0.5072 -0.4969 0.7042
vn 0.4793 -0.5170 0.7092
vn -0.4973 0.5048 0.7056
vn 0.4577 0.5340 0.7109
vn 0.4886 -0.5085 0.7090
vn -0.4940 -0.5101 0.7041
vn -0.5038 0.4982 0.7057
vn 0.4390 0.5493 0.7110
vn 0.4970 -0.5005 0.7089
vn -0.4800 -0.5235 0.7040
vn -0.5097 0.4920 0.7058
vn 0.4190 0.5644 0.7112
vn 0.5047 -0.4928 0.7088
vn -0.4650 -0.5369 0.7039
vn -0.5154 0.4860 0.7058
vn 0.3974 0.5796 0.7115
vn 0.5121 -0.4852 0.7088
vn -0.4491 -0.5506 0.7037
vn -0.5211 0.4800 0.7058
vn 0.3740 0.5946 0.7117
vn 0.5191 -0.4777 0.7087
vn -0.4319 -0.5644 0.7035
vn -0.5268 0.4737 0.7057
vn 0.3484 0.6096 0.7120
vn 0.5260 -0.4701 0.7087
vn -0.4133 -0.5783 0.7033
vn 0.3202 0.6244 0.7124
vn -0.5329 0.4670 0.7056
vn 0.5328 -0.4623 0.7088
vn -0.3932 -0.5924 0.7031
vn 0.2892 0.6389 0.7129
vn -0.5398 0.4595 0.7054
vn 0.5398 -0.4540 0.7089
vn 0.8109 0.1680 0.5606
vn -0.3714 -0.6067 0.7029
vn -0.8133 -0.0672 0.5779
vn 0.1441 -0.7901 0.5958
vn 0.5470 -0.4450 0.7090
vn -0.3476 -0.6209 0.7026
vn 0.5547 -0.4350 0.7092
vn 0.0844 -0.8141 0.5746
vn -0.3217 -0.6350 0.7023
vn 0.5480 -0.6105 0.5718
vn 0.5384 0.6204 0.5703
vn -0.0926 0.6988 0.7093
vn 0.0831 0.7015 0.7078
vn -0.5442 0.6144 0.5713
vn -0.5472 -0.6113 0.5717
vn 0.0783 0.7020 0.7079
vn -0.0804 0.7007 0.7089
vn 0.0731 0.7024 0.7080
vn -0.0701 0.7021 0.7086
vn 0.0674 0.7029 0.7081
vn -0.0613 0.7031 0.7084
vn 0.0612 0.7034 0.7081
vn -0.0535 0.7039 0.7083
vn 0.0545 0.7039 0.7082
vn -0.0463 0.7045 0.7082
vn 0.0472 0.7043 0.7083
vn -0.0395 0.7050 0.7082
vn 0.0393 0.7047 0.7084
vn -0.0328 0.7053 0.7082
vn 0.0307 0.7050 0.7085
vn -0.0260 0.7055 0.7082
vn 0.0213 0.7052 0.7087
vn -0.0186 0.7056 0.7083
vn 0.0111 0.7053 0.7088
vn -0.0101 0.7056 0.7086
vn 0.0029 0.7062 0.7080
vn -0.0028 0.7062 0.7080
vn -0.0693 -0.7016 0.7092
vn -0.0577 -0.7031 0.7088
vn -0.0483 -0.7041 0.7085
vn -0.0406 -0.7048 0.7082
vn -0.0341 -0.7053 0.7081
vn -0.0286 -0.7057 0.7079
vn -0.0236 -0.7060 0.7079
vn -0.0190 -0.7061 0.7078
vn -0.0146 -0.7063 0.7078
vn -0.0102 -0.7063 0.7078
vn -0.0054 -0.7063 0.7079
vn -0.0014 -0.7067 0.7076
vn 0.3015 -0.3015 0.9045
vn -0.3015 -0.3015 0.9045
vn 0.0010 -0.7068 0.7074
vn 0.0043 -0.7064 0.7078
vn 0.0088 -0.7063 0.7078
vn 0.0136 -0.7062 0.7079
vn 0.0187 -0.7060 0.7080
vn 0.0243 -0.7058 0.7080
vn 0.0303 -0.7055 0.7081
vn 0.0369 -0.7050 0.7082
vn 0.0441 -0.7045 0.7083
vn 0.0523 -0.7037 0.7085
vn 0.0617 -0.7028 0.7087
vn 0.0721 -0.7016 0.7089
vn 0.3015 0.3015 0.9045
vn -0.3015 0.3015 0.9045
vn 0.5526 -0.6056 0.5726
vn 0.5426 0.6161 0.5710
vn -0.0853 0.7007 0.7084
vn 0.0797 0.7023 0.7074
vn -0.5462 0.6124 0.5716
vn -0.5411 -0.6177 0.5707
vn 0.0774 0.7024 0.7076
vn -0.0775 0.7016 0.7083
vn 0.0741 0.7026 0.7077
vn -0.0698 0.7024 0.7083
vn 0.0695 0.7029 0.7079
vn -0.0623 0.7032 0.7083
vn 0.0640 0.7032 0.7081
vn -0.0548 0.7038 0.7083
vn 0.0574 0.7036 0.7082
vn -0.0473 0.7043 0.7083
vn 0.0499 0.7041 0.7084
vn -0.0399 0.7048 0.7083
vn 0.0415 0.7045 0.7085
vn -0.0323 0.7051 0.7083
vn 0.0322 0.7048 0.7087
vn -0.0246 0.7054 0.7083
vn 0.0221 0.7051 0.7088
vn -0.0167 0.7056 0.7084
vn 0.0114 0.7052 0.7089
vn -0.0085 0.7057 0.7084
vn 0.0029 0.7063 0.7079
vn -0.0022 0.7064 0.7078
vn -0.0610 -0.7037 0.7079
vn -0.0544 -0.7039 0.7082
vn -0.0479 -0.7044 0.7081
vn -0.0416 -0.7049 0.7080
vn -0.0357 -0.7053 0.7081
vn -0.0299 -0.7056 0.7080
vn -0.0245 -0.7058 0.7080
vn -0.0191 -0.7060 0.7079
vn -0.0140 -0.7062 0.7079
vn -0.0092 -0.7063 0.7078
vn -0.0045 -0.7063 0.7079
vn -0.0011 -0.7068 0.7074
vn 0.0001 -0.7071 0.7071
vn 0.0011 -0.7068 0.7074
vn 0.0034 -0.7066 0.7076
vn 0.0069 -0.7064 0.7077
vn 0.0115 -0.7062 0.7079
vn 0.0172 -0.7059 0.7081
vn 0.0239 -0.7055 0.7083
vn 0.0321 -0.7050 0.7085
vn 0.0417 -0.7042 0.7088
vn 0.0532 -0.7031 0.7091
vn 0.0670 -0.7015 0.7095
vn 0.0835 -0.6992 0.7101
vn 0.6794 0.1824 0.7108
vn 0.3972 0.7161 0.5740
vn -0.7767 0.2785 0.5650
vn 0.6741 0.2029 0.7102
vn 0.6690 0.2204 0.7098
vn 0.6642 0.2354 0.7095
vn 0.6594 0.2490 0.7093
vn -0.5967 -0.3760 0.7089
vn 0.6545 0.2618 0.7093
vn -0.6024 -0.3674 0.7086
vn 0.6494 0.2742 0.7093
vn -0.6070 -0.3602 0.7084
vn 0.6438 0.2869 0.7094
vn -0.6109 -0.3540 0.7082
vn 0.6373 0.3004 0.7096
vn -0.6141 -0.3487 0.7080
vn 0.6294 0.3156 0.7101
vn -0.6168 -0.3441 0.7079
vn 0.6191 0.3338 0.7108
vn -0.6192 -0.3401 0.7078
vn 0.6283 0.3348 0.7023
vn 0.6198 0.3302 0.7120
vn -0.6211 -0.3368 0.7077
vn -0.6227 -0.3341 0.7075
vn -0.6240 -0.3318 0.7075
vn -0.6250 -0.3302 0.7073
vn 0.6052 0.3563 0.7119
vn -0.6232 -0.3421 0.7033
vn -0.2496 0.1448 0.9575
vn 0.5896 0.3816 0.7119
vn 0.2455 0.6567 0.7131
vn -0.0648 0.7831 0.6185
vn -0.7880 0.2077 0.5796
vn 0.2124 0.6687 0.7125
vn 0.1817 0.6782 0.7121
vn 0.1536 0.6856 0.7116
vn 0.1278 0.6913 0.7112
vn 0.1042 0.6957 0.7108
vn 0.0828 0.6989 0.7104
vn 0.0631 0.7012 0.7101
vn 0.0451 0.7029 0.7099
vn 0.0288 0.7040 0.7096
vn 0.0138 0.7047 0.7094
vn 0.0033 0.7060 0.7082
vn 0.5725 0.4065 0.7120
vn -0.6201 -0.3343 0.7097
vn 0.5537 0.4314 0.7122
vn -0.6274 -0.3214 0.7092
vn -0.6333 -0.3102 0.7090
vn -0.6384 -0.2999 0.7089
vn -0.6430 -0.2903 0.7088
vn -0.6471 -0.2809 0.7087
vn -0.6511 -0.2716 0.7087
vn -0.6549 -0.2619 0.7088
vn 0.5331 0.4563 0.7124
vn -0.2558 -0.5054 0.8241
vn -0.6589 -0.2514 0.7090
vn 0.2856 -0.2212 0.9325
vn -0.6630 -0.2396 0.7092
vn -0.5665 -0.4283 0.7041
vn 0.6753 0.1913 0.7124
vn -0.6674 -0.2259 0.7096
vn -0.6722 -0.2065 0.7110
vn -0.6796 -0.2094 0.7030
vn 0.5104 0.4812 0.7127
vn -0.5546 -0.4436 0.7040
vn 0.6668 0.2208 0.7117
vn -0.6716 -0.2332 0.7033
vn -0.5422 -0.4588 0.7040
vn 0.6580 0.2470 0.7113
vn 0.4854 0.5061 0.7129
vn -0.5291 -0.4739 0.7039
vn -0.6633 -0.2555 0.7034
vn 0.6488 0.2709 0.7111
vn 0.4578 0.5308 0.7132
vn -0.5153 -0.4889 0.7039
vn -0.6545 -0.2769 0.7035
vn 0.6391 0.2934 0.7110
vn -0.5008 -0.5039 0.7038
vn 0.4277 0.5550 0.7135
vn -0.6453 -0.2978 0.7035
vn -0.4854 -0.5188 0.7037
vn 0.6287 0.3151 0.7110
vn 0.3949 0.5784 0.7138
vn -0.4693 -0.5336 0.7036
vn -0.6354 -0.3185 0.7034
vn 0.6174 0.3366 0.7110
vn 0.8273 0.0316 0.5609
vn -0.4523 -0.5482 0.7035
vn -0.6246 -0.3394 0.7033
vn 0.6049 0.3582 0.7112
vn -0.4343 -0.5627 0.7034
vn 0.0155 -0.8029 0.5959
vn -0.4154 -0.5770 0.7032
vn 0.5908 0.3804 0.7115
vn -0.6128 -0.3606 0.7032
vn 0.5749 0.4036 0.7118
vn -0.5996 -0.3824 0.7030
vn 0.5563 0.4280 0.7123
vn -0.5849 -0.4051 0.7027
vn 0.5341 0.4542 0.7130
vn -0.5683 -0.4286 0.7024
vn 0.5121 0.4802 0.7121
vn -0.5501 -0.4512 0.7027
vn 0.4897 0.5028 0.7123
vn -0.5315 -0.4735 0.7024
vn 0.4655 0.5251 0.7125
vn -0.5108 -0.4961 0.7022
vn 0.4395 0.5468 0.7126
vn -0.4880 -0.5188 0.7020
vn 0.4120 0.5677 0.7127
vn 0.3833 0.5874 0.7128
vn -0.4634 -0.5410 0.7018
vn 0.3534 0.6058 0.7128
vn -0.4373 -0.5624 0.7018
vn 0.3228 0.6227 0.7127
vn -0.4101 -0.5825 0.7018
vn 0.2918 0.6380 0.7127
vn -0.3821 -0.6011 0.7019
vn 0.2606 0.6515 0.7125
vn -0.3539 -0.6181 0.7020
vn 0.2295 0.6632 0.7124
vn 0.8134 0.1754 0.5546
vn -0.3257 -0.6331 0.7022
vn 0.1438 -0.7825 0.6059
vn -0.2980 -0.6464 0.7024
vn -0.2711 -0.6579 0.7026
vn 0.0973 0.7151 0.6922
vn -0.0000 0.7217 0.6922
vn -0.0973 0.7151 0.6922
vn -0.1920 0.6954 0.6925
vn 0.1920 0.6954 0.6925
vn -0.2817 0.6640 0.6927
vn 0.2817 0.6640 0.6927
vn -0.3650 0.6218 0.6929
vn 0.3650 0.6218 0.6929
vn -0.4412 0.5701 0.6931
vn 0.4412 0.5701 0.6931
vn -0.5097 0.5097 0.6932
vn 0.5097 0.5097 0.6932
vn -0.5701 0.4412 0.6931
vn 0.5701 0.4412 0.6931
vn -0.6218 0.3650 0.6929
vn 0.6218 0.3650 0.6929
vn -0.6639 0.2817 0.6927
vn 0.6639 0.2817 0.6927
vn -0.6954 0.1920 0.6924
vn 0.6955 0.1920 0.6924
vn -0.7151 0.0974 0.6922
vn 0.7151 0.0973 0.6922
vn -0.7217 -0.0000 0.6922
vn 0.7217 -0.0001 0.6922
vn 0.7151 -0.0974 0.6922
vn -0.7151 -0.0973 0.6922
vn -0.6955 -0.1920 0.6924
vn 0.6955 -0.1920 0.6924
vn -0.6639 -0.2817 0.6927
vn 0.6639 -0.2817 0.6927
vn -0.6218 -0.3650 0.6929
vn 0.6218 -0.3650 0.6929
vn -0.5701 -0.4411 0.6931
vn 0.5701 -0.4411 0.6931
vn -0.5097 -0.5097 0.6932
vn 0.5097 -0.5097 0.6932
vn -0.4412 -0.5701 0.6931
vn 0.4412 -0.5701 0.6931
vn -0.3650 -0.6218 0.6929
vn 0.3650 -0.6218 0.6929
vn -0.2817 -0.6640 0.6927
vn 0.2817 -0.6640 0.6927
vn -0.1920 -0.6954 0.6925
vn 0.1920 -0.6954 0.6925
vn -0.0973 -0.7151 0.6922
vn 0.0973 -0.7151 0.6922
vn -0.0000 -0.7217 0.6922
vn 0.0974 0.7151 0.6922
vn -0.0974 0.7151 0.6922
vn 0.2816 0.6640 0.6927
vn 0.5701 -0.4412 0.6931
vn -0.5701 -0.4412 0.6931
vn 0.0974 -0.7151 0.6922
vn -0.0974 -0.7151 0.6922
vn 0.7039 -0.0475 0.7087
vn 0.5938 0.5656 0.5722
vn -0.0189 0.7070 0.7070
vn 0.0386 0.7047 0.7085
vn -0.5843 0.5770 0.5707
vn -0.7041 -0.0468 0.7085
vn -0.0195 0.7069 0.7070
vn 0.0314 0.7054 0.7082
vn -0.0197 0.7068 0.7071
vn 0.0252 0.7057 0.7080
vn -0.0191 0.7067 0.7072
vn 0.0198 0.7063 0.7077
vn -0.0181 0.7067 0.7073
vn -0.0168 0.7067 0.7074
vn 0.0154 0.7059 0.7081
vn -0.0147 0.7066 0.7075
vn 0.0115 0.7064 0.7077
vn -0.0120 0.7066 0.7076
vn 0.0082 0.7066 0.7076
vn -0.0087 0.7065 0.7077
vn 0.0055 0.7067 0.7075
vn -0.0046 0.7064 0.7078
vn 0.0033 0.7068 0.7074
vn 0.0016 0.7069 0.7073
vn -0.0012 0.7067 0.7075
vn 0.0005 0.7070 0.7072
vn 0.0001 0.7071 0.7071
vn 0.7047 -0.0380 0.7085
vn -0.7048 -0.0381 0.7084
vn 0.7053 -0.0300 0.7083
vn -0.7054 -0.0304 0.7082
vn 0.7058 -0.0234 0.7081
vn -0.7057 -0.0239 0.7081
vn -0.7060 -0.0184 0.7080
vn 0.7061 -0.0178 0.7079
vn -0.7063 -0.0135 0.7078
vn 0.7063 -0.0131 0.7078
vn -0.7065 -0.0094 0.7077
vn 0.7065 -0.0092 0.7077
vn -0.7066 -0.0061 0.7076
vn 0.7066 -0.0060 0.7076
vn -0.7067 -0.0035 0.7075
vn 0.7067 -0.0035 0.7075
vn -0.7069 -0.0017 0.7073
vn 0.7069 -0.0016 0.7073
vn -0.7070 -0.0005 0.7072
vn 0.7070 -0.0005 0.7072
vn -0.7071 -0.0001 0.7071
vn 0.7071 -0.0001 0.7071
vn -0.7071 -0.0000 0.7071
vn 0.3015 0.3016 0.9045
vn 0.7066 0.0015 0.7076
vn -0.7068 0.0008 0.7074
vn 0.7064 0.0052 0.7078
vn -0.7067 0.0028 0.7075
vn 0.7066 0.0090 0.7076
vn -0.7068 0.0048 0.7074
vn 0.7066 0.0118 0.7075
vn -0.7069 0.0064 0.7073
vn -0.7068 0.0078 0.7073
vn 0.7066 0.0141 0.7075
vn -0.7068 0.0092 0.7073
vn 0.7066 0.0162 0.7074
vn 0.3010 -0.2960 0.9065
vn -0.7068 0.0107 0.7074
vn 0.7066 0.0180 0.7074
vn -0.3005 -0.2903 0.9085
vn -0.5881 -0.5682 0.5755
vn 0.5828 -0.5728 0.5764
vn 0.7065 0.0200 0.7074
vn -0.7067 0.0124 0.7074
vn 0.7064 0.0222 0.7075
vn -0.7065 0.0147 0.7075
vn 0.7061 0.0251 0.7076
vn -0.7062 0.0179 0.7077
vn 0.7057 0.0293 0.7079
vn -0.7056 0.0234 0.7082
vn 0.7044 0.0371 0.7088
vn -0.7036 0.0348 0.7097
vn 0.5961 -0.5612 0.5743
vn -0.5963 -0.5610 0.5742
vn -0.8065 0.1197 0.5790
vn 0.1539 0.6860 0.7111
vn -0.0789 0.7002 0.7095
vn -0.0571 -0.7077 0.7042
vn -0.5774 -0.4023 0.7104
vn -0.5882 -0.3882 0.7095
vn -0.0533 -0.7045 0.7077
vn -0.5958 -0.3774 0.7089
vn -0.6017 -0.3683 0.7088
vn -0.0471 -0.7051 0.7076
vn -0.0441 -0.7052 0.7076
vn -0.6068 -0.3601 0.7086
vn -0.6115 -0.3520 0.7086
vn -0.0369 -0.7017 0.7115
vn -0.0321 -0.7060 0.7075
vn -0.6162 -0.3438 0.7086
vn -0.6209 -0.3347 0.7088
vn -0.6318 -0.3121 0.7095
vn -0.0111 -0.7054 0.7087
vn -0.6385 -0.2966 0.7101
vn -0.6464 -0.2777 0.7107
vn -0.0030 -0.7061 0.7081
vn 0.2777 -0.1995 0.9397
vn -0.0031 -0.7062 0.7080
vn 0.6459 0.2750 0.7122
vn 0.6027 0.3636 0.7104
vn 0.5922 0.3806 0.7103
vn 0.5700 0.4130 0.7103
vn -0.5712 -0.4224 0.7037
vn -0.4727 0.5288 0.7049
vn 0.4921 0.5026 0.7108
vn -0.0152 -0.4320 0.9017
vn -0.5210 0.4800 0.7058
vn -0.5398 0.4594 0.7054
vn -0.3714 -0.6066 0.7029
vn -0.8133 -0.0671 0.5779
vn 0.5507 -0.6076 0.5723
vn 0.5396 0.6192 0.5705
vn -0.0934 0.6999 0.7081
vn 0.2030 0.6718 0.7124
vn -0.1429 0.7765 0.6137
vn -0.8159 0.0640 0.5746
vn -0.0871 0.7007 0.7081
vn 0.1740 0.6807 0.7116
vn -0.0808 0.7014 0.7082
vn 0.1487 0.6873 0.7110
vn -0.0741 0.7021 0.7082
vn 0.1262 0.6922 0.7106
vn -0.0671 0.7028 0.7083
vn 0.1060 0.6959 0.7102
vn -0.0597 0.7033 0.7083
vn 0.0875 0.6988 0.7100
vn -0.0519 0.7039 0.7084
vn 0.0706 0.7009 0.7097
vn -0.0434 0.7043 0.7085
vn 0.0549 0.7025 0.7095
vn -0.0340 0.7047 0.7087
vn 0.0402 0.7037 0.7094
vn -0.0238 0.7050 0.7088
vn 0.0262 0.7044 0.7093
vn -0.0124 0.7051 0.7090
vn 0.0128 0.7049 0.7092
vn -0.0032 0.7061 0.7081
vn 0.0032 0.7061 0.7081
vn -0.0679 -0.7031 0.7078
vn -0.0653 -0.7040 0.7072
vn -0.0619 -0.7038 0.7077
vn -0.0580 -0.7040 0.7078
vn -0.0535 -0.7043 0.7079
vn -0.0485 -0.7046 0.7079
vn -0.0428 -0.7048 0.7081
vn -0.0363 -0.7051 0.7082
vn -0.0290 -0.7053 0.7084
vn -0.5265 -0.4706 0.7081
vn -0.5306 -0.4659 0.7081
vn -0.0203 -0.7034 0.7105
vn -0.5348 -0.4610 0.7081
vn -0.5391 -0.4558 0.7082
vn -0.5438 -0.4501 0.7083
vn -0.5487 -0.4439 0.7084
vn -0.0108 -0.7129 0.7012
vn -0.5539 -0.4374 0.7085
vn -0.5593 -0.4301 0.7086
vn -0.5653 -0.4219 0.7088
vn -0.5718 -0.4129 0.7089
vn -0.0029 -0.7029 0.7113
vn -0.5787 -0.4025 0.7093
vn -0.5876 -0.3864 0.7109
vn -0.0000 -0.7077 0.7065
vn 0.2478 -0.1421 0.9583
vn -0.5945 -0.3883 0.7041
vn -0.0000 -1.0000 -0.0000
vn -0.0000 -0.7070 0.7072
vn 0.5992 0.3669 0.7116
vn 0.5856 0.3892 0.7111
vn -0.5841 -0.4037 0.7042
vn 0.5725 0.4088 0.7108
vn -0.5734 -0.4188 0.7042
vn 0.5594 0.4267 0.7106
vn -0.5622 -0.4338 0.7041
vn 0.5461 0.4437 0.7106
vn -0.5503 -0.4489 0.7040
vn 0.5322 0.4602 0.7106
vn -0.5376 -0.4642 0.7039
vn 0.5175 0.4766 0.7107
vn 0.8252 -0.0197 0.5645
vn 0.0146 0.8057 0.5921
vn -0.4259 0.5662 0.7057
vn 0.5016 0.4930 0.7108
vn -0.5239 -0.4799 0.7037
vn -0.4319 0.5612 0.7060
vn -0.4367 0.5573 0.7062
vn -0.4408 0.5539 0.7063
vn 0.4843 0.5097 0.7111
vn -0.4445 0.5508 0.7064
vn -0.5089 -0.4961 0.7035
vn -0.4481 0.5479 0.7064
vn 0.4205 -0.5649 0.7100
vn 0.4332 -0.5563 0.7091
vn -0.4517 0.5450 0.7064
vn 0.4653 0.5268 0.7114
vn 0.4423 -0.5497 0.7087
vn -0.4924 -0.5127 0.7033
vn -0.4553 0.5420 0.7063
vn 0.4494 -0.5443 0.7084
vn -0.4591 0.5389 0.7063
vn 0.4440 0.5443 0.7117
vn 0.4553 -0.5395 0.7082
vn -0.4633 0.5354 0.7062
vn -0.4743 -0.5299 0.7030
vn -0.4679 0.5315 0.7061
vn 0.4606 -0.5351 0.7082
vn -0.0146 0.4697 0.8827
vn 0.4656 -0.5307 0.7082
vn -0.4541 -0.5477 0.7027
vn 0.4707 -0.5262 0.7082
vn -0.3980 -0.0230 0.9171
vn 0.4761 -0.5212 0.7083
vn 0.4822 -0.5152 0.7086
vn -0.5031 0.4977 0.7065
vn 0.4894 -0.5078 0.7090
vn -0.5058 0.4950 0.7065
vn 0.4999 -0.4954 0.7104
vn -0.5085 0.4923 0.7065
vn 0.5105 -0.4882 0.7079
vn -0.5112 0.4895 0.7065
vn 0.5137 -0.4848 0.7078
vn -0.5141 0.4865 0.7064
vn 0.5169 -0.4814 0.7079
vn -0.5173 0.4832 0.7063
vn 0.5202 -0.4778 0.7079
vn -0.5208 0.4796 0.7063
vn 0.5237 -0.4739 0.7080
vn -0.5247 0.4755 0.7061
vn 0.5275 -0.4695 0.7081
vn -0.5293 0.4706 0.7060
vn -0.5347 0.4648 0.7057
vn 0.5317 -0.4645 0.7082
vn -0.5414 0.4575 0.7054
vn 0.5366 -0.4585 0.7084
vn -0.8130 -0.0838 0.5761
vn 0.5423 -0.4512 0.7087
vn 0.5494 -0.4419 0.7092
vn 0.5582 -0.4294 0.7099
vn 0.1044 -0.8108 0.5759
vn -0.8067 0.1203 0.5785
vn 0.1539 0.6860 0.7112
vn 0.5544 -0.6037 0.5729
vn -0.0540 0.7043 0.7079
vn -0.0575 -0.7040 0.7079
vn -0.5774 -0.4022 0.7105
vn -0.5882 -0.3883 0.7094
vn -0.0530 -0.7081 0.7041
vn -0.5958 -0.3774 0.7090
vn -0.0498 -0.7049 0.7076
vn -0.0472 -0.7051 0.7076
vn -0.0321 -0.7061 0.7074
vn -0.0199 -0.7051 0.7088
vn -0.6260 -0.3245 0.7091
vn -0.6317 -0.3121 0.7096
vn -0.0113 -0.7071 0.7071
vn -0.6386 -0.2966 0.7101
vn 0.2777 -0.1994 0.9397
vn -0.0031 -0.7061 0.7081
vn -0.6181 -0.3484 0.7047
vn 0.5922 0.3806 0.7102
vn 0.5260 -0.4701 0.7088
vt 0.750000 0.000000
vt 0.727273 0.000000
vt 0.738636 0.000000
vt 0.715909 0.000000
vt 0.704545 0.000000
vt 0.761364 0.000000
vt 0.693182 0.000000
vt 0.772727 0.000000
vt 0.681818 0.000000
vt 0.784091 0.000000
vt 0.670455 0.000000
vt 0.795455 0.000000
vt 0.659091 0.000000
vt 0.806818 0.000000
vt 0.647727 0.000000
vt 0.818182 0.000000
vt 0.636364 0.000000
vt 0.829545 0.000000
vt 0.625000 0.000000
vt 0.840909 0.000000
vt 0.613636 0.000000
vt 0.852273 0.000000
vt 0.602273 0.000000
vt 0.863636 0.000000
vt 0.590909 0.000000
vt 0.875000 0.000000
vt 0.886364 0.000000
vt 0.579545 0.000000
vt 0.897727 0.000000
vt 0.909091 0.000000
vt 0.920455 0.000000
vt 0.568182 0.000000
vt 0.556818 0.000000
vt 0.931818 0.000000
vt 0.545455 0.000000
vt 0.534091 0.000000
vt 0.522727 0.000000
vt 0.511364 0.000000
vt 0.943182 0.000000
vt 0.295455 0.000000
vt 0.500000 0.000000
vt 0.284091 0.000000
vt 0.306818 0.000000
vt 0.488636 0.000000
vt 0.318182 0.000000
vt 0.477273 0.000000
vt 0.329545 0.000000
vt 0.340909 0.000000
vt 0.465909 0.000000
vt 0.352273 0.000000
vt 0.454545 0.000000
vt 0.954545 0.000000
vt 0.363636 0.000000
vt 0.443182 0.000000
vt 0.375000 0.000000
vt 0.386364 0.000000
vt 0.397727 0.000000
vt 0.409091 0.000000
vt 0.420455 0.000000
vt 0.431818 0.000000
vt 0.965909 0.000000
vt 0.977273 0.000000
vt 0.988636 0.000000
vt 1.000000 0.000000
vt 0.000000 0.000000
vt 0.011364 0.000000
vt 0.272727 0.000000
vt 0.261364 0.000000
vt 0.022727 0.000000
vt 0.250000 0.000000
vt 0.034091 0.000000
vt 0.238636 0.000000
vt 0.045455 0.000000
vt 0.227273 0.000000
vt 0.056818 0.000000
vt 0.215909 0.000000
vt 0.068182 0.000000
vt 0.204545 0.000000
vt 0.079545 0.000000
vt 0.193182 0.000000
vt 0.090909 0.000000
vt 0.181818 0.000000
vt 0.102273 0.000000
vt 0.170455 0.000000
vt 0.113636 0.000000
vt 0.159091 0.000000
vt 0.125000 0.000000
vt 0.147727 0.000000
vt 0.136364 0.000000
vt 0.013605 0.000000
vt 0.006803 0.000000
vt 0.020408 0.000000
vt 0.258503 0.000000
vt 0.244898 0.000000
vt 0.251701 0.000000
vt 0.027211 0.000000
vt 0.238095 0.000000
vt 0.231293 0.000000
vt 0.034014 0.000000
vt 0.224490 0.000000
vt 0.040816 0.000000
vt 0.217687 0.000000
vt 0.210884 0.000000
vt 0.047619 0.000000
vt 0.204082 0.000000
vt 0.054422 0.000000
vt 0.197279 0.000000
vt 0.061224 0.000000
vt 0.190476 0.000000
vt 0.068027 0.000000
vt 0.183673 0.000000
vt 0.074830 0.000000
vt 0.176871 0.000000
vt 0.081633 0.000000
vt 0.170068 0.000000
vt 0.088435 0.000000
vt 0.163265 0.000000
vt 0.156463 0.000000
vt 0.149660 0.000000
vt 0.142857 0.000000
vt 0.136054 0.000000
vt 0.129252 0.000000
vt 0.122449 0.000000
vt 0.115646 0.000000
vt 0.108844 0.000000
vt 0.102041 0.000000
vt 0.095238 0.000000
vt 0.265306 0.000000
vt 0.993197 0.000000
vt 0.272109 0.000000
vt 0.986395 0.000000
vt 0.278912 0.000000
vt 0.979592 0.000000
vt 0.285714 0.000000
vt 0.292517 0.000000
vt 0.972789 0.000000
vt 0.299320 0.000000
vt 0.965986 0.000000
vt 0.306122 0.000000
vt 0.312925 0.000000
vt 0.959184 0.000000
vt 0.319728 0.000000
vt 0.952381 0.000000
vt 0.326531 0.000000
vt 0.945578 0.000000
vt 0.938776 0.000000
vt 0.333333 0.000000
vt 0.931973 0.000000
vt 0.925170 0.000000
vt 0.340136 0.000000
vt 0.353741 0.000000
vt 0.360544 0.000000
vt 0.367347 0.000000
vt 0.374150 0.000000
vt 0.380952 0.000000
vt 0.387755 0.000000
vt 0.394558 0.000000
vt 0.401361 0.000000
vt 0.408163 0.000000
vt 0.414966 0.000000
vt 0.421769 0.000000
vt 0.918367 0.000000
vt 0.346939 0.000000
vt 0.428571 0.000000
vt 0.911565 0.000000
vt 0.435374 0.000000
vt 0.904762 0.000000
vt 0.442177 0.000000
vt 0.897959 0.000000
vt 0.448980 0.000000
vt 0.891156 0.000000
vt 0.455782 0.000000
vt 0.884354 0.000000
vt 0.462585 0.000000
vt 0.877551 0.000000
vt 0.469388 0.000000
vt 0.870748 0.000000
vt 0.476190 0.000000
vt 0.482993 0.000000
vt 0.863946 0.000000
vt 0.489796 0.000000
vt 0.857143 0.000000
vt 0.496599 0.000000
vt 0.850340 0.000000
vt 0.503401 0.000000
vt 0.843537 0.000000
vt 0.510204 0.000000
vt 0.836735 0.000000
vt 0.517007 0.000000
vt 0.829932 0.000000
vt 0.523810 0.000000
vt 0.673469 0.000000
vt 0.823129 0.000000
vt 0.666667 0.000000
vt 0.680272 0.000000
vt 0.816327 0.000000
vt 0.530612 0.000000
vt 0.687075 0.000000
vt 0.659864 0.000000
vt 0.809524 0.000000
vt 0.537415 0.000000
vt 0.693878 0.000000
vt 0.653061 0.000000
vt 0.802721 0.000000
vt 0.544218 0.000000
vt 0.700680 0.000000
vt 0.646259 0.000000
vt 0.795918 0.000000
vt 0.551020 0.000000
vt 0.707483 0.000000
vt 0.639456 0.000000
vt 0.789116 0.000000
vt 0.557823 0.000000
vt 0.714286 0.000000
vt 0.632653 0.000000
vt 0.782313 0.000000
vt 0.564626 0.000000
vt 0.721088 0.000000
vt 0.625850 0.000000
vt 0.571429 0.000000
vt 0.775510 0.000000
vt 0.727891 0.000000
vt 0.619048 0.000000
vt 0.578231 0.000000
vt 0.768707 0.000000
vt 0.734694 0.000000
vt 0.585034 0.000000
vt 0.612245 0.000000
vt 0.761905 0.000000
vt 0.591837 0.000000
vt 0.741497 0.000000
vt 0.605442 0.000000
vt 0.748299 0.000000
vt 0.755102 0.000000
vt 0.598639 0.000000
vt 0.757009 0.000000
vt 0.738318 0.000000
vt 0.747664 0.000000
vt 0.523364 0.000000
vt 0.504673 0.000000
vt 0.514019 0.000000
vt 0.532710 0.000000
vt 0.728972 0.000000
vt 0.542056 0.000000
vt 0.719626 0.000000
vt 0.551402 0.000000
vt 0.710280 0.000000
vt 0.560748 0.000000
vt 0.700935 0.000000
vt 0.570093 0.000000
vt 0.691589 0.000000
vt 0.579439 0.000000
vt 0.682243 0.000000
vt 0.588785 0.000000
vt 0.672897 0.000000
vt 0.598131 0.000000
vt 0.663551 0.000000
vt 0.607477 0.000000
vt 0.654206 0.000000
vt 0.616822 0.000000
vt 0.644860 0.000000
vt 0.626168 0.000000
vt 0.635514 0.000000
vt 0.766355 0.000000
vt 0.775701 0.000000
vt 0.785047 0.000000
vt 0.794393 0.000000
vt 0.803738 0.000000
vt 0.813084 0.000000
vt 0.822430 0.000000
vt 0.831776 0.000000
vt 0.841121 0.000000
vt 0.850467 0.000000
vt 0.859813 0.000000
vt 0.869159 0.000000
vt 0.878505 0.000000
vt 0.383178 0.000000
vt 0.392523 0.000000
vt 0.401869 0.000000
vt 0.411215 0.000000
vt 0.420561 0.000000
vt 0.429907 0.000000
vt 0.439252 0.000000
vt 0.448598 0.000000
vt 0.457944 0.000000
vt 0.467290 0.000000
vt 0.476636 0.000000
vt 0.485981 0.000000
vt 0.495327 0.000000
vt 0.887850 0.000000
vt 0.373832 0.000000
vt 0.009346 0.000000
vt 0.261682 0.000000
vt 0.242991 0.000000
vt 0.252336 0.000000
vt 0.271028 0.000000
vt 0.990654 0.000000
vt 0.280374 0.000000
vt 0.981308 0.000000
vt 0.289720 0.000000
vt 0.971963 0.000000
vt 0.299065 0.000000
vt 0.962617 0.000000
vt 0.308411 0.000000
vt 0.953271 0.000000
vt 0.317757 0.000000
vt 0.943925 0.000000
vt 0.327103 0.000000
vt 0.934579 0.000000
vt 0.336449 0.000000
vt 0.925234 0.000000
vt 0.345794 0.000000
vt 0.915888 0.000000
vt 0.355140 0.000000
vt 0.906542 0.000000
vt 0.364486 0.000000
vt 0.897196 0.000000
vt 0.018692 0.000000
vt 0.028037 0.000000
vt 0.037383 0.000000
vt 0.046729 0.000000
vt 0.056075 0.000000
vt 0.065421 0.000000
vt 0.074766 0.000000
vt 0.084112 0.000000
vt 0.093458 0.000000
vt 0.102804 0.000000
vt 0.112150 0.000000
vt 0.121495 0.000000
vt 0.130841 0.000000
vt 0.140187 0.000000
vt 0.149533 0.000000
vt 0.158879 0.000000
vt 0.168224 0.000000
vt 0.177570 0.000000
vt 0.186916 0.000000
vt 0.196262 0.000000
vt 0.205607 0.000000
vt 0.214953 0.000000
vt 0.224299 0.000000
vt 0.233645 0.000000
vt 0.015873 0.000000
vt 0.007937 0.000000
vt 0.023810 0.000000
vt 0.031746 0.000000
vt 0.039683 0.000000
vt 0.055556 0.000000
vt 0.992063 0.000000
vt 0.063492 0.000000
vt 0.984127 0.000000
vt 0.071429 0.000000
vt 0.976190 0.000000
vt 0.079365 0.000000
vt 0.968254 0.000000
vt 0.087302 0.000000
vt 0.960317 0.000000
vt 0.103175 0.000000
vt 0.111111 0.000000
vt 0.944444 0.000000
vt 0.936508 0.000000
vt 0.928571 0.000000
vt 0.920635 0.000000
vt 0.119048 0.000000
vt 0.912698 0.000000
vt 0.126984 0.000000
vt 0.793651 0.000000
vt 0.801587 0.000000
vt 0.817460 0.000000
vt 0.825397 0.000000
vt 0.833333 0.000000
vt 0.841270 0.000000
vt 0.849206 0.000000
vt 0.865079 0.000000
vt 0.873016 0.000000
vt 0.880952 0.000000
vt 0.888889 0.000000
vt 0.896825 0.000000
vt 0.134921 0.000000
vt 0.785714 0.000000
vt 0.777778 0.000000
vt 0.769841 0.000000
vt 0.753968 0.000000
vt 0.746032 0.000000
vt 0.738095 0.000000
vt 0.730159 0.000000
vt 0.150794 0.000000
vt 0.301587 0.000000
vt 0.722222 0.000000
vt 0.309524 0.000000
vt 0.293651 0.000000
vt 0.317460 0.000000
vt 0.706349 0.000000
vt 0.698413 0.000000
vt 0.690476 0.000000
vt 0.158730 0.000000
vt 0.325397 0.000000
vt 0.682540 0.000000
vt 0.277778 0.000000
vt 0.166667 0.000000
vt 0.269841 0.000000
vt 0.674603 0.000000
vt 0.341270 0.000000
vt 0.174603 0.000000
vt 0.261905 0.000000
vt 0.349206 0.000000
vt 0.253968 0.000000
vt 0.182540 0.000000
vt 0.658730 0.000000
vt 0.246032 0.000000
vt 0.357143 0.000000
vt 0.650794 0.000000
vt 0.365079 0.000000
vt 0.198413 0.000000
vt 0.230159 0.000000
vt 0.642857 0.000000
vt 0.373016 0.000000
vt 0.222222 0.000000
vt 0.206349 0.000000
vt 0.214286 0.000000
vt 0.634921 0.000000
vt 0.388889 0.000000
vt 0.626984 0.000000
vt 0.396825 0.000000
vt 0.404762 0.000000
vt 0.611111 0.000000
vt 0.412698 0.000000
vt 0.603175 0.000000
vt 0.420635 0.000000
vt 0.595238 0.000000
vt 0.587302 0.000000
vt 0.436508 0.000000
vt 0.579365 0.000000
vt 0.444444 0.000000
vt 0.452381 0.000000
vt 0.460317 0.000000
vt 0.563492 0.000000
vt 0.468254 0.000000
vt 0.555556 0.000000
vt 0.547619 0.000000
vt 0.484127 0.000000
vt 0.539683 0.000000
vt 0.492063 0.000000
vt 0.531746 0.000000
vt 0.507937 0.000000
vt 0.515873 0.000000
vt 0.515789 0.000000
vt 0.505263 0.000000
vt 0.989474 0.000000
vt 0.526316 0.000000
vt 0.978947 0.000000
vt 0.536842 0.000000
vt 0.968421 0.000000
vt 0.547368 0.000000
vt 0.957895 0.000000
vt 0.557895 0.000000
vt 0.947368 0.000000
vt 0.568421 0.000000
vt 0.936842 0.000000
vt 0.578947 0.000000
vt 0.926316 0.000000
vt 0.589474 0.000000
vt 0.915789 0.000000
vt 0.600000 0.000000
vt 0.905263 0.000000
vt 0.610526 0.000000
vt 0.894737 0.000000
vt 0.621053 0.000000
vt 0.884211 0.000000
vt 0.631579 0.000000
vt 0.642105 0.000000
vt 0.873684 0.000000
vt 0.863158 0.000000
vt 0.652632 0.000000
vt 0.852632 0.000000
vt 0.663158 0.000000
vt 0.842105 0.000000
vt 0.673684 0.000000
vt 0.831579 0.000000
vt 0.684211 0.000000
vt 0.821053 0.000000
vt 0.694737 0.000000
vt 0.810526 0.000000
vt 0.705263 0.000000
vt 0.800000 0.000000
vt 0.715789 0.000000
vt 0.789474 0.000000
vt 0.726316 0.000000
vt 0.778947 0.000000
vt 0.736842 0.000000
vt 0.768421 0.000000
vt 0.747368 0.000000
vt 0.757895 0.000000
vt 0.010526 0.000000
vt 0.494737 0.000000
vt 0.021053 0.000000
vt 0.484211 0.000000
vt 0.031579 0.000000
vt 0.473684 0.000000
vt 0.042105 0.000000
vt 0.463158 0.000000
vt 0.052632 0.000000
vt 0.452632 0.000000
vt 0.063158 0.000000
vt 0.442105 0.000000
vt 0.073684 0.000000
vt 0.431579 0.000000
vt 0.084211 0.000000
vt 0.421053 0.000000
vt 0.094737 0.000000
vt 0.410526 0.000000
vt 0.105263 0.000000
vt 0.400000 0.000000
vt 0.115789 0.000000
vt 0.389474 0.000000
vt 0.378947 0.000000
vt 0.126316 0.000000
vt 0.136842 0.000000
vt 0.368421 0.000000
vt 0.147368 0.000000
vt 0.357895 0.000000
vt 0.157895 0.000000
vt 0.347368 0.000000
vt 0.168421 0.000000
vt 0.336842 0.000000
vt 0.178947 0.000000
vt 0.326316 0.000000
vt 0.189474 0.000000
vt 0.315789 0.000000
vt 0.200000 0.000000
vt 0.305263 0.000000
vt 0.210526 0.000000
vt 0.294737 0.000000
vt 0.221053 0.000000
vt 0.284211 0.000000
vt 0.231579 0.000000
vt 0.273684 0.000000
vt 0.242105 0.000000
vt 0.263158 0.000000
vt 0.252632 0.000000
vt 0.008621 0.000000
vt 0.965517 0.000000
vt 0.672414 0.000000
vt 0.655172 0.000000
vt 0.663793 0.000000
vt 0.956897 0.000000
vt 0.681035 0.000000
vt 0.948276 0.000000
vt 0.939655 0.000000
vt 0.689655 0.000000
vt 0.931035 0.000000
vt 0.698276 0.000000
vt 0.922414 0.000000
vt 0.913793 0.000000
vt 0.706897 0.000000
vt 0.905172 0.000000
vt 0.715517 0.000000
vt 0.896552 0.000000
vt 0.724138 0.000000
vt 0.887931 0.000000
vt 0.732759 0.000000
vt 0.879310 0.000000
vt 0.741379 0.000000
vt 0.870690 0.000000
vt 0.758621 0.000000
vt 0.767241 0.000000
vt 0.862069 0.000000
vt 0.853448 0.000000
vt 0.844828 0.000000
vt 0.836207 0.000000
vt 0.827586 0.000000
vt 0.818965 0.000000
vt 0.810345 0.000000
vt 0.801724 0.000000
vt 0.793103 0.000000
vt 0.784483 0.000000
vt 0.775862 0.000000
vt 0.017241 0.000000
vt 0.646552 0.000000
vt 0.025862 0.000000
vt 0.637931 0.000000
vt 0.034483 0.000000
vt 0.629310 0.000000
vt 0.620690 0.000000
vt 0.043103 0.000000
vt 0.612069 0.000000
vt 0.051724 0.000000
vt 0.603448 0.000000
vt 0.060345 0.000000
vt 0.594828 0.000000
vt 0.068966 0.000000
vt 0.586207 0.000000
vt 0.077586 0.000000
vt 0.577586 0.000000
vt 0.086207 0.000000
vt 0.568965 0.000000
vt 0.094828 0.000000
vt 0.560345 0.000000
vt 0.103448 0.000000
vt 0.112069 0.000000
vt 0.982759 0.000000
vt 0.991379 0.000000
vt 0.551724 0.000000
vt 0.974138 0.000000
vt 0.120690 0.000000
vt 0.543103 0.000000
vt 0.129310 0.000000
vt 0.534483 0.000000
vt 0.137931 0.000000
vt 0.525862 0.000000
vt 0.146552 0.000000
vt 0.517241 0.000000
vt 0.155172 0.000000
vt 0.508621 0.000000
vt 0.163793 0.000000
vt 0.172414 0.000000
vt 0.491379 0.000000
vt 0.181034 0.000000
vt 0.482759 0.000000
vt 0.189655 0.000000
vt 0.474138 0.000000
vt 0.198276 0.000000
vt 0.465517 0.000000
vt 0.206897 0.000000
vt 0.456897 0.000000
vt 0.215517 0.000000
vt 0.448276 0.000000
vt 0.224138 0.000000
vt 0.439655 0.000000
vt 0.232759 0.000000
vt 0.431034 0.000000
vt 0.422414 0.000000
vt 0.241379 0.000000
vt 0.413793 0.000000
vt 0.336207 0.000000
vt 0.405172 0.000000
vt 0.258621 0.000000
vt 0.327586 0.000000
vt 0.318966 0.000000
vt 0.344828 0.000000
vt 0.267241 0.000000
vt 0.396552 0.000000
vt 0.275862 0.000000
vt 0.387931 0.000000
vt 0.284483 0.000000
vt 0.379310 0.000000
vt 0.293103 0.000000
vt 0.370690 0.000000
vt 0.301724 0.000000
vt 0.362069 0.000000
vt 0.310345 0.000000
vt 0.353448 0.000000
s 1
usemtl マテリアル.001
f 67/1/1 65/2/2 66/3/3
f 67/1/1 64/4/4 65/2/2
f 67/1/1 63/5/5 64/4/4
f 68/6/6 63/5/5 67/1/1
f 68/6/6 62/7/7 63/5/5
f 69/8/8 62/7/7 68/6/6
f 69/8/8 61/9/9 62/7/7
f 70/10/10 61/9/9 69/8/8
f 70/10/10 60/11/11 61/9/9
f 71/12/12 60/11/11 70/10/10
f 71/12/12 59/13/13 60/11/11
f 72/14/14 59/13/13 71/12/12
f 72/14/14 58/15/15 59/13/13
f 73/16/16 58/15/15 72/14/14
f 73/16/16 57/17/17 58/15/15
f 74/18/18 57/17/17 73/16/16
f 74/18/18 56/19/19 57/17/17
f 75/20/20 56/19/19 74/18/18
f 75/20/20 55/21/21 56/19/19
f 76/22/22 55/21/21 75/20/20
f 76/22/22 54/23/23 55/21/21
f 77/24/24 54/23/23 76/22/22
f 77/24/24 53/25/25 54/23/23
f 78/26/26 53/25/25 77/24/24
f 79/27/27 53/25/25 78/26/26
f 79/27/27 52/28/28 53/25/25
f 80/29/27 52/28/28 79/27/27
f 81/30/27 52/28/28 80/29/27
f 82/31/27 52/28/28 81/30/27
f 82/31/27 51/32/29 52/28/28
f 82/31/27 50/33/30 51/32/29
f 83/34/27 50/33/30 82/31/27
f 83/34/27 49/35/31 50/33/30
f 83/34/27 48/36/32 49/35/31
f 83/34/27 47/37/33 48/36/32
f 83/34/27 46/38/34 47/37/33
f 84/39/27 27/40/35 83/34/27
f 27/40/35 46/38/34 83/34/27
f 27/40/35 45/41/36 46/38/34
f 84/39/27 26/42/37 27/40/35
f 28/43/38 45/41/36 27/40/35
f 28/43/38 44/44/39 45/41/36
f 29/45/40 44/44/39 28/43/38
f 29/45/40 43/46/41 44/44/39
f 30/47/42 43/46/41 29/45/40
f 31/48/43 43/46/41 30/47/42
f 31/48/43 42/49/44 43/46/41
f 32/50/45 42/49/44 31/48/43
f 32/50/45 41/51/46 42/49/44
f 85/52/27 26/42/37 84/39/27
f 33/53/47 41/51/46 32/50/45
f 33/53/47 40/54/48 41/51/46
f 34/55/49 40/54/48 33/53/47
f 34/55/49 35/56/50 40/54/48
f 35/56/50 36/57/51 40/54/48
f 36/57/51 37/58/52 40/54/48
f 37/58/52 38/59/53 40/54/48
f 38/59/53 39/60/54 40/54/48
f 86/61/27 26/42/37 85/52/27
f 87/62/27 26/42/37 86/61/27
f 88/63/27 26/42/37 87/62/27
f 89/64/27 26/42/37 88/63/27
f 1/65/55 26/42/37 89/64/27
f 2/66/56 26/42/37 1/65/55
f 2/66/56 25/67/57 26/42/37
f 2/66/56 24/68/58 25/67/57
f 3/69/59 24/68/58 2/66/56
f 3/69/59 23/70/60 24/68/58
f 4/71/61 23/70/60 3/69/59
f 4/71/61 22/72/62 23/70/60
f 5/73/63 22/72/62 4/71/61
f 5/73/63 21/74/64 22/72/62
f 6/75/65 21/74/64 5/73/63
f 6/75/65 20/76/66 21/74/64
f 7/77/67 20/76/66 6/75/65
f 7/77/67 19/78/68 20/76/66
f 8/79/69 19/78/68 7/77/67
f 8/79/69 18/80/70 19/78/68
f 9/81/71 18/80/70 8/79/69
f 9/81/71 17/82/72 18/80/70
f 10/83/73 17/82/72 9/81/71
f 10/83/73 16/84/74 17/82/72
f 11/85/75 16/84/74 10/83/73
f 11/85/75 15/86/76 16/84/74
f 12/87/77 15/86/76 11/85/75
f 12/87/77 14/88/78 15/86/76
f 13/89/79 14/88/78 12/87/77
f 92/90/80 90/65/81 91/91/82
f 93/92/83 90/65/81 92/90/80
f 128/93/84 126/94/85 127/95/86
f 94/96/87 90/65/81 93/92/83
f 128/93/84 125/97/88 126/94/85
f 128/93/84 124/98/89 125/97/88
f 95/99/90 90/65/81 94/96/87
f 128/93/84 123/100/91 124/98/89
f 96/101/92 90/65/81 95/99/90
f 128/93/84 122/102/93 123/100/91
f 128/93/84 121/103/94 122/102/93
f 97/104/95 90/65/81 96/101/92
f 128/93/84 120/105/96 121/103/94
f 98/106/97 90/65/81 97/104/95
f 128/93/84 119/107/98 120/105/96
f 99/108/99 90/65/81 98/106/97
f 128/93/84 118/109/100 119/107/98
f 100/110/101 90/65/81 99/108/99
f 128/93/84 117/111/102 118/109/100
f 101/112/103 90/65/81 100/110/101
f 128/93/84 116/113/104 117/111/102
f 102/114/105 90/65/81 101/112/103
f 128/93/84 115/115/106 116/113/104
f 103/116/107 90/65/81 102/114/105
f 128/93/84 114/117/108 115/115/106
f 128/93/84 113/118/108 114/117/108
f 128/93/84 112/119/108 113/118/108
f 128/93/84 111/120/108 112/119/108
f 128/93/84 110/121/108 111/120/108
f 128/93/84 109/122/108 110/121/108
f 128/93/84 108/123/108 109/122/108
f 128/93/84 107/124/108 108/123/108
f 128/93/84 106/125/108 107/124/108
f 128/93/84 105/126/108 106/125/108
f 128/93/84 104/127/108 105/126/108
f 128/93/84 103/116/107 104/127/108
f 128/93/84 90/65/81 103/116/107
f 128/93/84 129/128/109 90/65/81
f 129/128/109 237/64/110 90/65/81
f 129/128/109 236/129/111 237/64/110
f 129/128/109 130/130/112 236/129/111
f 130/130/112 235/131/113 236/129/111
f 130/130/112 131/132/114 235/131/113
f 131/132/114 234/133/115 235/131/113
f 131/132/114 132/134/116 234/133/115
f 132/134/116 133/135/117 234/133/115
f 133/135/117 233/136/118 234/133/115
f 133/135/117 134/137/119 233/136/118
f 134/137/119 232/138/120 233/136/118
f 134/137/119 135/139/121 232/138/120
f 135/139/121 136/140/122 232/138/120
f 136/140/122 231/141/123 232/138/120
f 136/140/122 137/142/124 231/141/123
f 137/142/124 230/143/125 231/141/123
f 137/142/124 138/144/126 230/143/125
f 138/144/126 229/145/127 230/143/125
f 138/144/126 228/146/128 229/145/127
f 138/144/126 139/147/129 228/146/128
f 139/147/129 227/148/130 228/146/128
f 139/147/129 226/149/131 227/148/130
f 139/147/129 140/150/132 226/149/131
f 140/150/132 142/151/133 226/149/131
f 142/151/133 143/152/133 226/149/131
f 143/152/133 144/153/133 226/149/131
f 144/153/133 145/154/133 226/149/131
f 145/154/133 146/155/133 226/149/131
f 146/155/133 147/156/133 226/149/131
f 147/156/133 148/157/133 226/149/131
f 148/157/133 149/158/133 226/149/131
f 149/158/133 150/159/133 226/149/131
f 150/159/133 151/160/133 226/149/131
f 151/160/133 152/161/134 226/149/131
f 152/161/134 225/162/135 226/149/131
s 0
f 141/163/133 142/151/133 140/150/136
s 1
f 153/164/137 225/162/135 152/161/134
f 153/164/137 224/165/138 225/162/135
f 154/166/139 224/165/138 153/164/137
f 154/166/139 223/167/140 224/165/138
f 155/168/141 223/167/140 154/166/139
f 155/168/141 222/169/142 223/167/140
f 156/170/143 222/169/142 155/168/141
f 156/170/143 221/171/144 222/169/142
f 157/172/145 221/171/144 156/170/143
f 157/172/145 220/173/146 221/171/144
f 158/174/147 220/173/146 157/172/145
f 158/174/147 219/175/148 220/173/146
f 159/176/149 219/175/148 158/174/147
f 159/176/149 218/177/150 219/175/148
f 160/178/151 218/177/150 159/176/149
f 161/179/152 218/177/150 160/178/151
f 161/179/152 217/180/153 218/177/150
f 162/181/154 217/180/153 161/179/152
f 162/181/154 216/182/155 217/180/153
f 163/183/156 216/182/155 162/181/154
f 163/183/156 215/184/157 216/182/155
f 164/185/158 215/184/157 163/183/156
f 164/185/158 214/186/159 215/184/157
f 165/187/160 214/186/159 164/185/158
f 165/187/160 213/188/161 214/186/159
f 166/189/162 213/188/161 165/187/160
f 166/189/162 212/190/163 213/188/161
f 167/191/164 212/190/163 166/189/162
f 167/191/164 189/192/165 212/190/163
f 189/192/165 211/193/166 212/190/163
f 167/191/164 188/194/167 189/192/165
f 190/195/168 211/193/166 189/192/165
f 190/195/168 210/196/169 211/193/166
f 168/197/170 188/194/167 167/191/164
f 191/198/171 210/196/169 190/195/168
f 168/197/170 187/199/172 188/194/167
f 191/198/171 209/200/173 210/196/169
f 169/201/174 187/199/172 168/197/170
f 192/202/175 209/200/173 191/198/171
f 169/201/174 186/203/176 187/199/172
f 192/202/175 208/204/177 209/200/173
f 170/205/178 186/203/176 169/201/174
f 193/206/179 208/204/177 192/202/175
f 170/205/178 185/207/180 186/203/176
f 193/206/179 207/208/181 208/204/177
f 171/209/182 185/207/180 170/205/178
f 194/210/183 207/208/181 193/206/179
f 171/209/182 184/211/184 185/207/180
f 194/210/183 206/212/185 207/208/181
f 172/213/186 184/211/184 171/209/182
f 195/214/187 206/212/185 194/210/183
f 172/213/186 183/215/188 184/211/184
f 195/214/187 205/216/189 206/212/185
f 173/217/190 183/215/188 172/213/186
f 196/218/191 205/216/189 195/214/187
f 173/217/190 182/219/192 183/215/188
f 174/220/193 182/219/192 173/217/190
f 196/218/191 204/221/194 205/216/189
f 197/222/195 204/221/194 196/218/191
f 174/220/193 181/223/196 182/219/192
f 175/224/197 181/223/196 174/220/193
f 197/222/195 203/225/198 204/221/194
f 198/226/199 203/225/198 197/222/195
f 176/227/200 181/223/196 175/224/197
f 176/227/200 180/228/201 181/223/196
f 198/226/199 202/229/202 203/225/198
f 177/230/203 180/228/201 176/227/200
f 199/231/204 202/229/202 198/226/199
f 177/230/203 179/232/205 180/228/201
f 199/231/204 200/233/206 202/229/202
f 200/233/206 201/234/207 202/229/202
f 177/230/203 178/235/208 179/232/205
f 319/236/209 317/237/210 318/238/211
f 294/239/212 292/240/213 293/241/214
f 295/242/215 292/240/213 294/239/212
f 319/236/209 316/243/216 317/237/210
f 296/244/217 292/240/213 295/242/215
f 319/236/209 315/245/218 316/243/216
f 297/246/219 292/240/213 296/244/217
f 319/236/209 314/247/220 315/245/218
f 298/248/221 292/240/213 297/246/219
f 319/236/209 313/249/222 314/247/220
f 299/250/223 292/240/213 298/248/221
f 319/236/209 312/251/224 313/249/222
f 300/252/225 292/240/213 299/250/223
f 319/236/209 311/253/226 312/251/224
f 301/254/227 292/240/213 300/252/225
f 319/236/209 310/255/228 311/253/226
f 302/256/229 292/240/213 301/254/227
f 319/236/209 309/257/230 310/255/228
f 303/258/231 292/240/213 302/256/229
f 319/236/209 308/259/232 309/257/230
f 304/260/233 292/240/213 303/258/231
f 319/236/209 307/261/234 308/259/232
f 305/262/235 292/240/213 304/260/233
f 319/236/209 306/263/236 307/261/234
f 319/236/209 305/262/235 306/263/236
f 319/236/209 320/264/237 305/262/235
f 320/264/237 321/265/238 305/262/235
f 321/265/238 322/266/239 305/262/235
f 322/266/239 323/267/240 305/262/235
f 323/267/240 324/268/241 305/262/235
f 324/268/241 325/269/242 305/262/235
f 325/269/242 326/270/243 305/262/235
f 326/270/243 327/271/244 305/262/235
f 327/271/244 328/272/245 305/262/235
f 328/272/245 329/273/246 305/262/235
f 329/273/246 330/274/247 305/262/235
f 330/274/247 331/275/248 305/262/235
f 331/275/248 332/276/249 305/262/235
f 332/276/249 279/277/250 305/262/235
f 279/277/250 280/278/251 305/262/235
f 280/278/251 281/279/252 305/262/235
f 281/279/252 282/280/253 305/262/235
f 282/280/253 283/281/254 305/262/235
f 283/281/254 284/282/255 305/262/235
f 284/282/255 285/283/256 305/262/235
f 285/283/256 286/284/257 305/262/235
f 286/284/257 287/285/258 305/262/235
f 287/285/258 288/286/259 305/262/235
f 288/286/259 289/287/260 305/262/235
f 289/287/260 290/288/261 305/262/235
f 290/288/261 291/289/262 305/262/235
f 291/289/262 292/240/213 305/262/235
f 333/290/263 279/277/250 332/276/249
f 333/290/263 278/291/264 279/277/250
f 239/292/265 345/64/266 238/65/267
f 266/293/268 264/294/269 265/295/270
f 267/296/271 264/294/269 266/293/268
f 239/292/265 344/297/272 345/64/266
f 268/298/273 264/294/269 267/296/271
f 239/292/265 343/299/274 344/297/272
f 269/300/275 264/294/269 268/298/273
f 239/292/265 342/301/276 343/299/274
f 270/302/277 264/294/269 269/300/275
f 239/292/265 341/303/278 342/301/276
f 271/304/279 264/294/269 270/302/277
f 239/292/265 340/305/280 341/303/278
f 272/306/281 264/294/269 271/304/279
f 239/292/265 339/307/282 340/305/280
f 273/308/283 264/294/269 272/306/281
f 239/292/265 338/309/284 339/307/282
f 274/310/285 264/294/269 273/308/283
f 239/292/265 337/311/286 338/309/284
f 275/312/287 264/294/269 274/310/285
f 239/292/265 336/313/288 337/311/286
f 276/314/289 264/294/269 275/312/287
f 239/292/265 335/315/290 336/313/288
f 277/316/291 264/294/269 276/314/289
f 239/292/265 334/317/292 335/315/290
f 239/292/265 333/290/263 334/317/292
f 239/292/265 278/291/264 333/290/263
f 239/292/265 277/316/291 278/291/264
f 239/292/265 240/318/293 277/316/291
f 240/318/293 241/319/294 277/316/291
f 241/319/294 242/320/295 277/316/291
f 242/320/295 243/321/296 277/316/291
f 243/321/296 244/322/297 277/316/291
f 244/322/297 245/323/298 277/316/291
f 245/323/298 246/324/299 277/316/291
f 246/324/299 247/325/300 277/316/291
f 247/325/300 248/326/301 277/316/291
f 248/326/301 249/327/302 277/316/291
f 249/327/302 250/328/303 277/316/291
f 250/328/303 251/329/304 277/316/291
f 251/329/304 252/330/305 277/316/291
f 252/330/305 253/331/306 277/316/291
f 253/331/306 254/332/307 277/316/291
f 254/332/307 255/333/308 277/316/291
f 255/333/308 256/334/309 277/316/291
f 256/334/309 257/335/310 277/316/291
f 257/335/310 258/336/311 277/316/291
f 258/336/311 259/337/312 277/316/291
f 259/337/312 260/338/313 277/316/291
f 260/338/313 261/339/314 277/316/291
f 261/339/314 262/340/315 277/316/291
f 262/340/315 263/341/316 277/316/291
f 263/341/316 264/294/269 277/316/291
f 348/342/317 346/65/318 347/343/319
f 349/344/320 346/65/318 348/342/317
f 350/345/321 346/65/318 349/344/320
f 351/346/322 346/65/318 350/345/321
f 352/104/323 346/65/318 351/346/322
f 352/104/323 472/64/324 346/65/318
f 353/347/325 472/64/324 352/104/323
f 353/347/325 471/348/326 472/64/324
f 354/349/327 471/348/326 353/347/325
f 354/349/327 470/350/328 471/348/326
f 355/351/329 470/350/328 354/349/327
f 355/351/329 469/352/330 470/350/328
f 356/353/331 469/352/330 355/351/329
f 356/353/331 468/354/332 469/352/330
f 357/355/333 468/354/332 356/353/331
f 357/355/333 467/356/334 468/354/332
f 358/127/335 467/356/334 357/355/333
f 358/127/335 466/143/336 467/356/334
f 359/357/337 466/143/336 358/127/335
f 360/358/338 466/143/336 359/357/337
f 360/358/338 465/359/339 466/143/336
f 360/358/338 464/360/340 465/359/339
f 360/358/338 463/361/341 464/360/340
f 360/358/338 462/362/342 463/361/341
f 361/363/343 462/362/342 360/358/338
f 361/363/343 461/364/344 462/362/342
f 361/363/343 460/167/345 461/364/344
f 362/365/346 460/167/345 361/363/343
f 448/200/347 446/366/348 447/367/349
f 449/368/350 446/366/348 448/200/347
f 450/369/351 446/366/348 449/368/350
f 451/370/352 446/366/348 450/369/351
f 452/371/353 446/366/348 451/370/352
f 453/372/354 446/366/348 452/371/353
f 454/182/355 446/366/348 453/372/354
f 455/373/356 446/366/348 454/182/355
f 456/374/357 446/366/348 455/373/356
f 457/375/358 446/366/348 456/374/357
f 458/376/359 446/366/348 457/375/358
f 459/377/360 446/366/348 458/376/359
f 362/365/346 459/377/360 460/167/345
f 362/365/346 446/366/348 459/377/360
f 363/378/361 446/366/348 362/365/346
f 363/378/361 445/379/362 446/366/348
f 364/120/363 445/379/362 363/378/361
f 364/120/363 444/380/364 445/379/362
f 364/120/363 443/381/365 444/380/364
f 364/120/363 442/229/366 443/381/365
f 364/120/363 441/382/367 442/229/366
f 364/120/363 440/383/368 441/382/367
f 364/120/363 439/384/369 440/383/368
f 364/120/363 438/385/370 439/384/369
f 365/386/371 384/387/372 364/120/363
f 384/387/372 438/385/370 364/120/363
f 384/387/372 437/388/373 438/385/370
f 384/387/372 385/389/374 437/388/373
f 385/389/374 436/214/375 437/388/373
f 365/386/371 383/390/376 384/387/372
f 386/391/377 436/214/375 385/389/374
f 386/391/377 435/392/378 436/214/375
f 386/391/377 434/393/379 435/392/378
f 386/391/377 433/394/380 434/393/379
f 366/395/381 383/390/376 365/386/371
f 366/395/381 382/134/382 383/390/376
f 387/396/383 433/394/380 386/391/377
f 387/396/383 432/397/384 433/394/380
f 366/395/381 381/398/385 382/134/382
f 388/147/386 432/397/384 387/396/383
f 367/399/387 381/398/385 366/395/381
f 367/399/387 380/400/388 381/398/385
f 388/147/386 431/401/389 432/397/384
f 389/402/390 431/401/389 388/147/386
f 368/403/391 380/400/388 367/399/387
f 368/403/391 379/404/392 380/400/388
f 389/402/390 430/194/393 431/401/389
f 390/405/394 430/194/393 389/402/390
f 368/403/391 378/406/395 379/404/392
f 369/407/396 378/406/395 368/403/391
f 390/405/394 429/408/397 430/194/393
f 369/407/396 377/409/398 378/406/395
f 391/410/399 429/408/397 390/405/394
f 370/109/400 377/409/398 369/407/396
f 370/109/400 376/97/401 377/409/398
f 391/410/399 428/411/402 429/408/397
f 392/412/403 428/411/402 391/410/399
f 371/413/404 376/97/401 370/109/400
f 371/413/404 375/414/405 376/97/401
f 392/412/403 427/415/406 428/411/402
f 393/416/407 427/415/406 392/412/403
f 371/413/404 374/417/408 375/414/405
f 372/418/409 374/417/408 371/413/404
f 372/418/409 373/419/410 374/417/408
f 394/155/411 427/415/406 393/416/407
f 394/155/411 426/420/412 427/415/406
f 395/421/413 426/420/412 394/155/411
f 395/421/413 425/422/414 426/420/412
f 396/423/415 425/422/414 395/421/413
f 396/423/415 424/223/416 425/422/414
f 397/424/417 424/223/416 396/423/415
f 397/424/417 423/425/418 424/223/416
f 398/426/419 423/425/418 397/424/417
f 398/426/419 422/427/420 423/425/418
f 399/428/421 422/427/420 398/426/419
f 399/428/421 421/429/422 422/427/420
f 400/164/423 421/429/422 399/428/421
f 400/164/423 420/430/424 421/429/422
f 401/431/425 420/430/424 400/164/423
f 401/431/425 419/432/426 420/430/424
f 402/433/427 419/432/426 401/431/425
f 403/434/428 419/432/426 402/433/427
f 403/434/428 418/220/429 419/432/426
f 404/435/430 418/220/429 403/434/428
f 404/435/430 417/436/431 418/220/429
f 405/437/432 417/436/431 404/435/430
f 405/437/432 416/438/433 417/436/431
f 406/178/434 416/438/433 405/437/432
f 406/178/434 415/439/435 416/438/433
f 407/440/436 415/439/435 406/178/434
f 407/440/436 414/441/437 415/439/435
f 408/442/438 414/441/437 407/440/436
f 409/41/439 414/441/437 408/442/438
f 409/41/439 413/443/440 414/441/437
f 410/444/441 413/443/440 409/41/439
f 410/444/441 412/191/442 413/443/440
f 410/444/441 411/445/443 412/191/442
f 522/446/444 568/64/445 521/447/446
f 522/446/444 567/448/447 568/64/445
f 523/449/448 567/448/447 522/446/444
f 523/449/448 566/450/449 567/448/447
f 524/451/450 566/450/449 523/449/448
f 524/451/450 565/452/451 566/450/449
f 525/453/452 565/452/451 524/451/450
f 525/453/452 564/454/453 565/452/451
f 526/455/454 564/454/453 525/453/452
f 526/455/454 563/456/455 564/454/453
f 527/457/456 563/456/455 526/455/454
f 527/457/456 562/458/457 563/456/455
f 528/459/458 562/458/457 527/457/456
f 528/459/458 561/460/459 562/458/457
f 529/461/460 561/460/459 528/459/458
f 529/461/460 560/462/461 561/460/459
f 530/463/462 560/462/461 529/461/460
f 530/463/462 559/464/463 560/462/461
f 531/465/464 559/464/463 530/463/462
f 531/465/464 558/466/465 559/464/463
f 532/467/466 558/466/465 531/465/464
f 532/467/466 557/468/467 558/466/465
f 533/469/468 557/468/467 532/467/466
f 534/470/469 557/468/467 533/469/468
f 534/470/469 556/471/470 557/468/467
f 534/470/469 555/472/471 556/471/470
f 535/473/472 555/472/471 534/470/469
f 535/473/472 554/474/473 555/472/471
f 536/475/474 554/474/473 535/473/472
f 536/475/474 553/476/475 554/474/473
f 537/477/476 553/476/475 536/475/474
f 537/477/476 552/478/477 553/476/475
f 538/479/478 552/478/477 537/477/476
f 538/479/478 551/480/479 552/478/477
f 539/481/480 551/480/479 538/479/478
f 539/481/480 550/482/481 551/480/479
f 540/483/482 550/482/481 539/481/480
f 540/483/482 549/484/483 550/482/481
f 541/485/484 549/484/483 540/483/482
f 541/485/484 548/486/485 549/484/483
f 542/487/486 548/486/485 541/485/484
f 542/487/486 547/488/487 548/486/485
f 543/489/488 547/488/487 542/487/486
f 543/489/488 546/490/489 547/488/487
f 544/491/490 546/490/489 543/489/488
f 544/491/490 545/492/491 546/490/489
f 474/493/444 520/494/445 473/65/446
f 475/495/492 520/494/445 474/493/444
f 475/495/492 519/496/447 520/494/445
f 476/497/450 519/496/447 475/495/492
f 476/497/450 518/498/449 519/496/447
f 477/499/452 518/498/449 476/497/450
f 477/499/452 517/500/451 518/498/449
f 478/501/454 517/500/451 477/499/452
f 478/501/454 516/502/453 517/500/451
f 479/503/456 516/502/453 478/501/454
f 479/503/456 515/504/455 516/502/453
f 480/505/458 515/504/455 479/503/456
f 480/505/458 514/506/457 515/504/455
f 481/507/460 514/506/457 480/505/458
f 481/507/460 513/508/459 514/506/457
f 482/509/493 513/508/459 481/507/460
f 482/509/493 512/510/494 513/508/459
f 483/511/464 512/510/494 482/509/493
f 483/511/464 511/512/495 512/510/494
f 484/513/466 511/512/495 483/511/464
f 484/513/466 510/514/465 511/512/495
f 484/513/466 509/515/467 510/514/465
f 485/516/468 509/515/467 484/513/466
f 486/517/469 509/515/467 485/516/468
f 486/517/469 508/518/470 509/515/467
f 487/519/472 508/518/470 486/517/469
f 487/519/472 507/520/496 508/518/470
f 488/521/474 507/520/496 487/519/472
f 488/521/474 506/522/497 507/520/496
f 489/523/476 506/522/497 488/521/474
f 489/523/476 505/524/475 506/522/497
f 490/525/478 505/524/475 489/523/476
f 490/525/478 504/526/477 505/524/475
f 491/527/498 504/526/477 490/525/478
f 491/527/498 503/528/479 504/526/477
f 492/529/482 503/528/479 491/527/498
f 492/529/482 502/530/481 503/528/479
f 493/531/484 502/530/481 492/529/482
f 493/531/484 501/532/483 502/530/481
f 494/533/499 501/532/483 493/531/484
f 494/533/499 500/534/500 501/532/483
f 495/535/488 500/534/500 494/533/499
f 495/535/488 499/536/487 500/534/500
f 496/537/490 499/536/487 495/535/488
f 496/537/490 498/538/489 499/536/487
f 497/539/491 498/538/489 496/537/490
f 570/540/501 681/541/502 569/65/503
f 647/542/504 645/543/505 646/544/506
f 570/540/501 680/545/507 681/541/502
f 648/546/508 645/543/505 647/542/504
f 570/540/501 679/547/509 680/545/507
f 570/540/501 678/548/510 679/547/509
f 649/549/511 645/543/505 648/546/508
f 570/540/501 677/550/512 678/548/510
f 650/551/513 645/543/505 649/549/511
f 570/540/501 676/552/514 677/550/512
f 570/540/501 675/553/515 676/552/514
f 651/554/516 645/543/505 650/551/513
f 570/540/501 674/555/517 675/553/515
f 652/556/518 645/543/505 651/554/516
f 570/540/501 673/557/519 674/555/517
f 653/558/520 645/543/505 652/556/518
f 570/540/501 672/559/521 673/557/519
f 654/560/522 645/543/505 653/558/520
f 570/540/501 671/561/523 672/559/521
f 655/562/524 645/543/505 654/560/522
f 656/1/525 645/543/505 655/562/524
f 570/540/501 670/563/526 671/561/523
f 657/564/527 645/543/505 656/1/525
f 658/565/528 645/543/505 657/564/527
f 570/540/501 669/566/108 670/563/526
f 570/540/501 668/567/108 669/566/108
f 570/540/501 667/568/108 668/567/108
f 570/540/501 666/569/108 667/568/108
f 570/540/501 665/570/108 666/569/108
f 570/540/501 664/571/108 665/570/108
f 570/540/501 663/572/108 664/571/108
f 570/540/501 662/573/108 663/572/108
f 570/540/501 661/574/108 662/573/108
f 570/540/501 660/575/108 661/574/108
f 570/540/501 659/576/108 660/575/108
f 570/540/501 658/565/528 659/576/108
f 570/540/501 645/543/505 658/565/528
f 571/577/529 645/543/505 570/540/501
f 571/577/529 644/578/530 645/543/505
f 572/579/531 644/578/530 571/577/529
f 572/579/531 643/580/532 644/578/530
f 573/581/533 643/580/532 572/579/531
f 573/581/533 642/582/534 643/580/532
f 573/581/533 641/583/535 642/582/534
f 574/584/536 641/583/535 573/581/533
f 574/584/536 640/585/537 641/583/535
f 575/586/538 640/585/537 574/584/536
f 575/586/538 639/587/539 640/585/537
f 576/588/540 639/587/539 575/586/538
f 576/588/540 638/589/541 639/587/539
f 577/590/542 638/589/541 576/588/540
f 577/590/542 637/591/543 638/589/541
f 578/592/544 637/591/543 577/590/542
f 578/592/544 636/593/545 637/591/543
f 579/594/546 636/593/545 578/592/544
f 579/594/546 635/595/547 636/593/545
f 580/596/548 635/595/547 579/594/546
f 580/596/548 634/597/549 635/595/547
f 581/598/550 634/597/549 580/596/548
f 582/599/27 683/600/250 581/598/550
f 683/600/250 634/597/549 581/598/550
f 683/600/250 684/601/249 634/597/549
f 684/601/249 633/602/551 634/597/549
f 582/599/27 682/603/264 683/600/250
f 685/64/263 633/602/551 684/601/249
f 583/604/27 682/603/264 582/599/27
f 685/64/263 632/605/551 633/602/551
f 584/606/27 682/603/264 583/604/27
f 685/64/263 631/607/551 632/605/551
f 585/608/27 682/603/264 584/606/27
f 685/64/263 630/609/551 631/607/551
f 586/610/27 682/603/264 585/608/27
f 685/64/263 629/611/551 630/609/551
f 587/612/27 682/603/264 586/610/27
f 685/64/263 628/613/551 629/611/551
f 588/614/27 682/603/264 587/612/27
f 685/64/263 627/41/551 628/613/551
f 589/615/27 682/603/264 588/614/27
f 685/64/263 626/616/551 627/41/551
f 590/617/27 682/603/264 589/615/27
f 685/64/263 625/618/551 626/616/551
f 591/619/27 682/603/264 590/617/27
f 685/64/263 624/620/551 625/618/551
f 592/621/27 682/603/264 591/619/27
f 685/64/263 623/622/551 624/620/551
f 593/623/552 682/603/264 592/621/27
f 685/64/263 622/624/553 623/622/551
f 593/623/552 685/64/263 682/603/264
f 593/623/552 622/624/553 685/64/263
f 594/625/554 622/624/553 593/623/552
f 594/625/554 621/626/555 622/624/553
f 595/627/556 621/626/555 594/625/554
f 595/627/556 620/628/557 621/626/555
f 596/629/558 620/628/557 595/627/556
f 596/629/558 619/630/559 620/628/557
f 596/629/558 618/631/560 619/630/559
f 597/632/561 618/631/560 596/629/558
f 597/632/561 617/633/562 618/631/560
f 598/70/563 617/633/562 597/632/561
f 598/70/563 608/634/564 617/633/562
f 608/634/564 616/635/565 617/633/562
f 599/636/566 607/637/567 598/70/563
f 607/637/567 608/634/564 598/70/563
f 599/636/566 606/638/568 607/637/567
f 609/639/569 616/635/565 608/634/564
f 600/640/570 606/638/568 599/636/566
f 609/639/569 615/641/571 616/635/565
f 601/642/572 606/638/568 600/640/570
f 609/639/569 614/643/573 615/641/571
f 602/644/574 606/638/568 601/642/572
f 609/639/569 613/645/575 614/643/573
f 603/646/576 606/638/568 602/644/574
f 609/639/569 612/647/577 613/645/575
f 604/648/578 606/638/568 603/646/576
f 609/639/569 611/649/579 612/647/577
f 605/650/580 606/638/568 604/648/578
f 609/639/569 610/651/581 611/649/579
f 688/90/80 686/65/582 687/91/82
f 689/92/583 686/65/582 688/90/80
f 724/93/584 722/94/585 723/95/86
f 690/96/87 686/65/582 689/92/583
f 724/93/584 721/97/88 722/94/585
f 724/93/584 720/98/89 721/97/88
f 691/99/586 686/65/582 690/96/87
f 724/93/584 719/100/91 720/98/89
f 692/101/92 686/65/582 691/99/586
f 724/93/584 718/102/93 719/100/91
f 724/93/584 717/103/94 718/102/93
f 693/104/95 686/65/582 692/101/92
f 724/93/584 716/105/96 717/103/94
f 694/106/97 686/65/582 693/104/95
f 724/93/584 715/107/98 716/105/96
f 695/108/99 686/65/582 694/106/97
f 724/93/584 714/109/100 715/107/98
f 696/110/101 686/65/582 695/108/99
f 724/93/584 713/111/102 714/109/100
f 697/112/103 686/65/582 696/110/101
f 724/93/584 712/113/104 713/111/102
f 698/114/105 686/65/582 697/112/103
f 724/93/584 711/115/106 712/113/104
f 699/116/107 686/65/582 698/114/105
f 724/93/584 710/117/108 711/115/106
f 724/93/584 709/118/108 710/117/108
f 724/93/584 708/119/108 709/118/108
f 724/93/584 707/120/108 708/119/108
f 724/93/584 706/121/108 707/120/108
f 724/93/584 705/122/108 706/121/108
f 724/93/584 704/123/108 705/122/108
f 724/93/584 703/124/108 704/123/108
f 724/93/584 702/125/108 703/124/108
f 724/93/584 701/126/108 702/125/108
f 724/93/584 700/127/108 701/126/108
f 724/93/584 699/116/107 700/127/108
f 724/93/584 686/65/582 699/116/107
f 724/93/584 725/128/109 686/65/582
f 725/128/109 833/64/587 686/65/582
f 725/128/109 832/129/588 833/64/587
f 725/128/109 726/130/112 832/129/588
f 726/130/112 831/131/113 832/129/588
f 726/130/112 727/132/114 831/131/113
f 727/132/114 830/133/115 831/131/113
f 727/132/114 728/134/589 830/133/115
f 728/134/589 729/135/590 830/133/115
f 729/135/590 829/136/118 830/133/115
f 729/135/590 730/137/591 829/136/118
f 730/137/591 828/138/592 829/136/118
f 730/137/591 731/139/121 828/138/592
f 731/139/121 732/140/122 828/138/592
f 732/140/122 827/141/593 828/138/592
f 732/140/122 733/142/594 827/141/593
f 733/142/594 826/143/595 827/141/593
f 733/142/594 734/144/126 826/143/595
f 734/144/126 825/145/127 826/143/595
f 734/144/126 824/146/596 825/145/127
f 734/144/126 735/147/129 824/146/596
f 735/147/129 823/148/597 824/146/596
f 735/147/129 822/149/131 823/148/597
f 735/147/129 736/150/132 822/149/131
f 736/150/132 738/151/133 822/149/131
f 738/151/133 739/152/133 822/149/131
f 739/152/133 740/153/133 822/149/131
f 740/153/133 741/154/133 822/149/131
f 741/154/133 742/155/133 822/149/131
f 742/155/133 743/156/133 822/149/131
f 743/156/133 744/157/133 822/149/131
f 744/157/133 745/158/133 822/149/131
f 745/158/133 746/159/133 822/149/131
f 746/159/133 747/160/133 822/149/131
f 747/160/133 748/161/134 822/149/131
f 748/161/134 821/162/135 822/149/131
s 0
f 737/163/133 738/151/133 736/150/136
s 1
f 749/164/137 821/162/135 748/161/134
f 749/164/137 820/165/138 821/162/135
f 750/166/598 820/165/138 749/164/137
f 750/166/598 819/167/599 820/165/138
f 751/168/141 819/167/599 750/166/598
f 751/168/141 818/169/142 819/167/599
f 752/170/143 818/169/142 751/168/141
f 752/170/143 817/171/144 818/169/142
f 753/172/145 817/171/144 752/170/143
f 753/172/145 816/173/600 817/171/144
f 754/174/147 816/173/600 753/172/145
f 754/174/147 815/175/148 816/173/600
f 755/176/601 815/175/148 754/174/147
f 755/176/601 814/177/150 815/175/148
f 756/178/151 814/177/150 755/176/601
f 757/179/152 814/177/150 756/178/151
f 757/179/152 813/180/153 814/177/150
f 758/181/154 813/180/153 757/179/152
f 758/181/154 812/182/155 813/180/153
f 759/183/156 812/182/155 758/181/154
f 759/183/156 811/184/602 812/182/155
f 760/185/158 811/184/602 759/183/156
f 760/185/158 810/186/159 811/184/602
f 761/187/160 810/186/159 760/185/158
f 761/187/160 809/188/603 810/186/159
f 762/189/162 809/188/603 761/187/160
f 762/189/162 808/190/163 809/188/603
f 763/191/164 808/190/163 762/189/162
f 763/191/164 785/192/165 808/190/163
f 785/192/165 807/193/166 808/190/163
f 763/191/164 784/194/167 785/192/165
f 786/195/168 807/193/166 785/192/165
f 786/195/168 806/196/169 807/193/166
f 764/197/170 784/194/167 763/191/164
f 787/198/171 806/196/169 786/195/168
f 764/197/170 783/199/172 784/194/167
f 787/198/171 805/200/173 806/196/169
f 765/201/174 783/199/172 764/197/170
f 788/202/175 805/200/173 787/198/171
f 765/201/174 782/203/176 783/199/172
f 788/202/175 804/204/177 805/200/173
f 766/205/178 782/203/176 765/201/174
f 789/206/179 804/204/177 788/202/175
f 766/205/178 781/207/180 782/203/176
f 789/206/179 803/208/181 804/204/177
f 767/209/604 781/207/180 766/205/178
f 790/210/183 803/208/181 789/206/179
f 767/209/604 780/211/184 781/207/180
f 790/210/183 802/212/605 803/208/181
f 768/213/186 780/211/184 767/209/604
f 791/214/187 802/212/605 790/210/183
f 768/213/186 779/215/188 780/211/184
f 791/214/187 801/216/189 802/212/605
f 769/217/190 779/215/188 768/213/186
f 792/218/191 801/216/189 791/214/187
f 769/217/190 778/219/192 779/215/188
f 770/220/193 778/219/192 769/217/190
f 792/218/191 800/221/194 801/216/189
f 793/222/195 800/221/194 792/218/191
f 770/220/193 777/223/196 778/219/192
f 771/224/197 777/223/196 770/220/193
f 793/222/195 799/225/198 800/221/194
f 794/226/199 799/225/198 793/222/195
f 772/227/200 777/223/196 771/224/197
f 772/227/200 776/228/606 777/223/196
f 794/226/199 798/229/607 799/225/198
f 773/230/608 776/228/606 772/227/200
f 795/231/609 798/229/607 794/226/199
f 773/230/608 775/232/205 776/228/606
f 795/231/609 796/233/206 798/229/607
f 796/233/206 797/234/207 798/229/607
f 773/230/608 774/235/208 775/232/205
f 921/230/610 919/224/611 920/227/612
f 885/163/613 883/147/614 884/150/615
f 921/230/610 918/220/616 919/224/611
f 886/151/617 883/147/614 885/163/613
f 921/230/610 917/217/618 918/220/616
f 887/152/619 883/147/614 886/151/617
f 921/230/610 916/213/620 917/217/618
f 888/153/621 883/147/614 887/152/619
f 921/230/610 915/209/622 916/213/620
f 889/154/623 883/147/614 888/153/621
f 921/230/610 914/205/624 915/209/622
f 890/155/625 883/147/614 889/154/623
f 921/230/610 913/201/626 914/205/624
f 891/156/627 883/147/614 890/155/625
f 921/230/610 912/197/628 913/201/626
f 892/157/629 883/147/614 891/156/627
f 921/230/610 911/191/630 912/197/628
f 893/158/631 883/147/614 892/157/629
f 921/230/610 910/189/632 911/191/630
f 894/159/633 883/147/614 893/158/631
f 921/230/610 909/187/634 910/189/632
f 895/160/635 883/147/614 894/159/633
f 921/230/610 908/185/636 909/187/634
f 896/161/637 883/147/614 895/160/635
f 921/230/610 907/183/108 908/185/636
f 921/230/610 906/181/108 907/183/108
f 921/230/610 905/179/108 906/181/108
f 921/230/610 904/178/108 905/179/108
f 921/230/610 903/176/108 904/178/108
f 921/230/610 902/174/108 903/176/108
f 921/230/610 901/172/108 902/174/108
f 921/230/610 900/170/108 901/172/108
f 921/230/610 899/168/108 900/170/108
f 921/230/610 898/166/108 899/168/108
f 921/230/610 897/164/108 898/166/108
f 921/230/610 896/161/637 897/164/108
f 921/230/610 922/235/638 896/161/637
f 922/235/638 923/232/639 896/161/637
f 923/232/639 924/228/640 896/161/637
f 924/228/640 925/223/641 896/161/637
f 925/223/641 926/219/642 896/161/637
f 926/219/642 927/215/643 896/161/637
f 927/215/643 928/211/644 896/161/637
f 928/211/644 929/207/645 896/161/637
f 929/207/645 930/203/646 896/161/637
f 930/203/646 883/147/614 896/161/637
f 930/203/646 882/144/647 883/147/614
f 930/203/646 881/142/648 882/144/647
f 930/203/646 931/199/649 881/142/648
f 931/199/649 880/140/650 881/142/648
f 931/199/649 879/139/651 880/140/650
f 931/199/649 878/137/652 879/139/651
f 931/199/649 877/135/653 878/137/652
f 931/199/649 932/194/654 877/135/653
f 932/194/654 876/134/655 877/135/653
f 932/194/654 875/132/656 876/134/655
f 932/194/654 874/130/657 875/132/656
f 932/194/654 873/128/658 874/130/657
f 932/194/654 933/192/659 873/128/658
f 933/192/659 872/93/660 873/128/658
f 933/192/659 871/95/661 872/93/660
f 933/192/659 934/195/133 871/95/661
f 934/195/133 935/198/133 871/95/661
f 935/198/133 937/206/133 871/95/661
f 937/206/133 938/210/133 871/95/661
f 938/210/133 939/214/133 871/95/661
f 939/214/133 940/218/133 871/95/661
f 940/218/133 941/222/133 871/95/661
f 941/222/133 942/226/133 871/95/661
f 942/226/133 944/233/133 871/95/661
f 944/233/133 945/234/662 871/95/661
f 945/234/662 870/94/663 871/95/661
s 0
f 936/202/133 937/206/133 935/198/133
f 943/231/133 944/233/133 942/226/133
s 1
f 946/229/664 870/94/663 945/234/662
f 947/225/665 870/94/663 946/229/664
f 947/225/665 869/97/666 870/94/663
f 948/221/667 869/97/666 947/225/665
f 948/221/667 868/98/668 869/97/666
f 949/216/669 868/98/668 948/221/667
f 949/216/669 867/100/670 868/98/668
f 950/212/671 867/100/670 949/216/669
f 950/212/671 866/102/672 867/100/670
f 951/208/673 866/102/672 950/212/671
f 951/208/673 865/103/674 866/102/672
f 952/204/675 865/103/674 951/208/673
f 970/149/676 968/165/677 969/162/678
f 953/200/679 865/103/674 952/204/675
f 953/200/679 864/105/680 865/103/674
f 970/149/676 967/167/681 968/165/677
f 970/149/676 966/169/682 967/167/681
f 970/149/676 965/171/683 966/169/682
f 954/196/684 864/105/680 953/200/679
f 970/149/676 964/173/685 965/171/683
f 954/196/684 863/107/686 864/105/680
f 970/149/676 963/175/687 964/173/685
f 971/148/688 963/175/687 970/149/676
f 972/146/689 963/175/687 971/148/688
f 972/146/689 962/177/690 963/175/687
f 955/193/691 863/107/686 954/196/684
f 973/145/692 962/177/690 972/146/689
f 955/193/691 862/109/693 863/107/686
f 973/145/692 961/180/694 962/177/690
f 974/143/695 961/180/694 973/145/692
f 974/143/695 960/182/696 961/180/694
f 956/190/697 862/109/693 955/193/691
f 975/141/698 960/182/696 974/143/695
f 975/141/698 959/184/699 960/182/696
f 956/190/697 861/111/700 862/109/693
f 975/141/698 958/186/701 959/184/699
f 976/138/702 958/186/701 975/141/698
f 957/188/703 861/111/700 956/190/697
f 976/138/702 957/188/703 958/186/701
f 977/136/704 957/188/703 976/138/702
f 957/188/703 860/113/705 861/111/700
f 977/136/704 860/113/705 957/188/703
f 978/133/706 860/113/705 977/136/704
f 978/133/706 859/115/707 860/113/705
f 979/131/708 859/115/707 978/133/706
f 980/129/709 859/115/707 979/131/708
f 980/129/709 858/117/710 859/115/707
f 981/64/711 858/117/710 980/129/709
f 981/64/711 857/118/712 858/117/710
f 834/65/713 857/118/712 981/64/711
f 834/65/713 856/119/714 857/118/712
f 835/91/715 856/119/714 834/65/713
f 835/91/715 855/120/716 856/119/714
f 836/90/717 855/120/716 835/91/715
f 836/90/717 854/121/718 855/120/716
f 837/92/719 854/121/718 836/90/717
f 837/92/719 853/122/720 854/121/718
f 838/96/721 853/122/720 837/92/719
f 838/96/721 852/123/722 853/122/720
f 839/99/723 852/123/722 838/96/721
f 839/99/723 851/124/724 852/123/722
f 840/101/725 851/124/724 839/99/723
f 840/101/725 850/125/726 851/124/724
f 840/101/725 849/126/727 850/125/726
f 841/104/728 849/126/727 840/101/725
f 841/104/728 848/127/729 849/126/727
f 842/106/730 848/127/729 841/104/728
f 842/106/730 847/116/731 848/127/729
f 843/108/732 847/116/731 842/106/730
f 843/108/732 844/110/733 847/116/731
f 844/110/733 845/112/734 847/116/731
f 845/112/734 846/114/735 847/116/731
f 984/90/80 982/65/736 983/91/737
f 985/92/583 982/65/736 984/90/80
f 1020/93/584 1018/94/585 1019/95/86
f 986/96/87 982/65/736 985/92/583
f 1020/93/584 1017/97/88 1018/94/585
f 1020/93/584 1016/98/89 1017/97/88
f 987/99/90 982/65/736 986/96/87
f 1020/93/584 1015/100/91 1016/98/89
f 988/101/92 982/65/736 987/99/90
f 1020/93/584 1014/102/93 1015/100/91
f 1020/93/584 1013/103/94 1014/102/93
f 989/104/95 982/65/736 988/101/92
f 1020/93/584 1012/105/96 1013/103/94
f 990/106/97 982/65/736 989/104/95
f 1020/93/584 1011/107/98 1012/105/96
f 991/108/99 982/65/736 990/106/97
f 1020/93/584 1010/109/100 1011/107/98
f 992/110/101 982/65/736 991/108/99
f 1020/93/584 1009/111/102 1010/109/100
f 993/112/103 982/65/736 992/110/101
f 1020/93/584 1008/113/104 1009/111/102
f 994/114/105 982/65/736 993/112/103
f 1020/93/584 1007/115/106 1008/113/104
f 995/116/107 982/65/736 994/114/105
f 1020/93/584 1006/117/108 1007/115/106
f 1020/93/584 1005/118/108 1006/117/108
f 1020/93/584 1004/119/108 1005/118/108
f 1020/93/584 1003/120/108 1004/119/108
f 1020/93/584 1002/121/108 1003/120/108
f 1020/93/584 1001/122/108 1002/121/108
f 1020/93/584 1000/123/108 1001/122/108
f 1020/93/584 999/124/108 1000/123/108
f 1020/93/584 998/125/108 999/124/108
f 1020/93/584 997/126/108 998/125/108
f 1020/93/584 996/127/108 997/126/108
f 1020/93/584 995/116/107 996/127/108
f 1020/93/584 982/65/736 995/116/107
f 1020/93/584 1021/128/109 982/65/736
f 1021/128/109 1129/64/738 982/65/736
f 1021/128/109 1128/129/739 1129/64/738
f 1021/128/109 1022/130/740 1128/129/739
f 1022/130/740 1127/131/113 1128/129/739
f 1022/130/740 1023/132/741 1127/131/113
f 1023/132/741 1126/133/742 1127/131/113
f 1023/132/741 1024/134/116 1126/133/742
f 1024/134/116 1025/135/590 1126/133/742
f 1025/135/590 1125/136/118 1126/133/742
f 1025/135/590 1026/137/591 1125/136/118
f 1026/137/591 1124/138/743 1125/136/118
f 1026/137/591 1027/139/121 1124/138/743
f 1027/139/121 1028/140/744 1124/138/743
f 1028/140/744 1123/141/745 1124/138/743
f 1028/140/744 1029/142/594 1123/141/745
f 1029/142/594 1122/143/125 1123/141/745
f 1029/142/594 1030/144/126 1122/143/125
f 1030/144/126 1121/145/127 1122/143/125
f 1030/144/126 1120/146/596 1121/145/127
f 1030/144/126 1031/147/129 1120/146/596
f 1031/147/129 1119/148/746 1120/146/596
f 1031/147/129 1118/149/131 1119/148/746
f 1031/147/129 1032/150/132 1118/149/131
f 1032/150/132 1034/151/133 1118/149/131
f 1034/151/133 1035/152/133 1118/149/131
f 1035/152/133 1036/153/133 1118/149/131
f 1036/153/133 1037/154/133 1118/149/131
f 1037/154/133 1039/156/133 1118/149/131
f 1039/156/133 1040/157/133 1118/149/131
f 1040/157/133 1042/159/133 1118/149/131
f 1042/159/133 1044/161/134 1118/149/131
f 1044/161/134 1117/162/747 1118/149/131
s 0
f 1033/163/133 1034/151/133 1032/150/136
f 1038/155/748 1039/156/133 1037/154/133
f 1041/158/133 1042/159/133 1040/157/133
f 1043/160/133 1044/161/134 1042/159/133
s 1
f 1045/164/137 1117/162/747 1044/161/134
f 1045/164/137 1116/165/138 1117/162/747
f 1046/166/139 1116/165/138 1045/164/137
f 1046/166/139 1115/167/599 1116/165/138
f 1047/168/141 1115/167/599 1046/166/139
f 1047/168/141 1114/169/142 1115/167/599
f 1048/170/143 1114/169/142 1047/168/141
f 1048/170/143 1113/171/144 1114/169/142
f 1049/172/145 1113/171/144 1048/170/143
f 1049/172/145 1112/173/600 1113/171/144
f 1050/174/749 1112/173/600 1049/172/145
f 1050/174/749 1111/175/148 1112/173/600
f 1051/176/149 1111/175/148 1050/174/749
f 1051/176/149 1110/177/150 1111/175/148
f 1052/178/151 1110/177/150 1051/176/149
f 1053/179/750 1110/177/150 1052/178/151
f 1053/179/750 1109/180/153 1110/177/150
f 1054/181/154 1109/180/153 1053/179/750
f 1054/181/154 1108/182/155 1109/180/153
f 1055/183/156 1108/182/155 1054/181/154
f 1055/183/156 1107/184/602 1108/182/155
f 1056/185/158 1107/184/602 1055/183/156
f 1056/185/158 1106/186/159 1107/184/602
f 1057/187/160 1106/186/159 1056/185/158
f 1057/187/160 1105/188/603 1106/186/159
f 1058/189/751 1105/188/603 1057/187/160
f 1058/189/751 1104/190/163 1105/188/603
f 1059/191/164 1104/190/163 1058/189/751
f 1059/191/164 1081/192/165 1104/190/163
f 1081/192/165 1103/193/166 1104/190/163
f 1059/191/164 1080/194/167 1081/192/165
f 1082/195/168 1103/193/166 1081/192/165
f 1082/195/168 1102/196/169 1103/193/166
f 1060/197/170 1080/194/167 1059/191/164
f 1083/198/171 1102/196/169 1082/195/168
f 1060/197/170 1079/199/752 1080/194/167
f 1083/198/171 1101/200/173 1102/196/169
f 1061/201/174 1079/199/752 1060/197/170
f 1084/202/175 1101/200/173 1083/198/171
f 1061/201/174 1078/203/176 1079/199/752
f 1084/202/175 1100/204/177 1101/200/173
f 1062/205/178 1078/203/176 1061/201/174
f 1085/206/179 1100/204/177 1084/202/175
f 1062/205/178 1077/207/180 1078/203/176
f 1085/206/179 1099/208/181 1100/204/177
f 1063/209/604 1077/207/180 1062/205/178
f 1086/210/183 1099/208/181 1085/206/179
f 1063/209/604 1076/211/184 1077/207/180
f 1086/210/183 1098/212/185 1099/208/181
f 1064/213/186 1076/211/184 1063/209/604
f 1087/214/187 1098/212/185 1086/210/183
f 1064/213/186 1075/215/188 1076/211/184
f 1087/214/187 1097/216/753 1098/212/185
f 1065/217/190 1075/215/188 1064/213/186
f 1088/218/754 1097/216/753 1087/214/187
f 1065/217/190 1074/219/192 1075/215/188
f 1066/220/193 1074/219/192 1065/217/190
f 1088/218/754 1096/221/194 1097/216/753
f 1089/222/195 1096/221/194 1088/218/754
f 1066/220/193 1073/223/755 1074/219/192
f 1067/224/197 1073/223/755 1066/220/193
f 1089/222/195 1095/225/198 1096/221/194
f 1090/226/199 1095/225/198 1089/222/195
f 1068/227/200 1073/223/755 1067/224/197
f 1068/227/200 1072/228/201 1073/223/755
f 1090/226/199 1094/229/202 1095/225/198
f 1069/230/203 1072/228/201 1068/227/200
f 1091/231/609 1094/229/202 1090/226/199
f 1069/230/203 1071/232/205 1072/228/201
f 1091/231/609 1092/233/206 1094/229/202
f 1092/233/206 1093/234/207 1094/229/202
f 1069/230/203 1070/235/208 1071/232/205
f 1196/1/756 1195/3/757 1194/2/758
f 1196/1/756 1194/2/758 1193/4/759
f 1196/1/756 1193/4/759 1192/5/760
f 1197/6/761 1196/1/756 1192/5/760
f 1197/6/761 1192/5/760 1191/7/762
f 1198/8/763 1197/6/761 1191/7/762
f 1198/8/763 1191/7/762 1190/9/764
f 1199/10/765 1198/8/763 1190/9/764
f 1199/10/765 1190/9/764 1189/11/766
f 1200/12/767 1199/10/765 1189/11/766
f 1200/12/767 1189/11/766 1188/13/768
f 1201/14/769 1200/12/767 1188/13/768
f 1201/14/769 1188/13/768 1187/15/770
f 1202/16/771 1201/14/769 1187/15/770
f 1202/16/771 1187/15/770 1186/17/772
f 1203/18/773 1202/16/771 1186/17/772
f 1203/18/773 1186/17/772 1185/19/774
f 1204/20/775 1203/18/773 1185/19/774
f 1204/20/775 1185/19/774 1184/21/776
f 1205/22/777 1204/20/775 1184/21/776
f 1205/22/777 1184/21/776 1183/23/778
f 1206/24/779 1205/22/777 1183/23/778
f 1206/24/779 1183/23/778 1182/25/780
f 1207/26/781 1206/24/779 1182/25/780
f 1208/27/782 1207/26/781 1182/25/780
f 1208/27/782 1182/25/780 1181/28/783
f 1209/29/782 1208/27/782 1181/28/783
f 1210/30/782 1209/29/782 1181/28/783
f 1211/31/782 1210/30/782 1181/28/783
f 1211/31/782 1181/28/783 1180/32/784
f 1211/31/782 1180/32/784 1179/33/785
f 1212/34/782 1211/31/782 1179/33/785
f 1212/34/782 1179/33/785 1178/35/786
f 1212/34/782 1178/35/786 1177/36/787
f 1212/34/782 1177/36/787 1176/37/788
f 1212/34/782 1176/37/788 1175/38/789
f 1213/39/782 1212/34/782 1156/40/790
f 1156/40/790 1212/34/782 1175/38/789
f 1156/40/790 1175/38/789 1174/41/791
f 1213/39/782 1156/40/790 1155/42/792
f 1157/43/793 1156/40/790 1174/41/791
f 1157/43/793 1174/41/791 1173/44/794
f 1158/45/795 1157/43/793 1173/44/794
f 1158/45/795 1173/44/794 1172/46/796
f 1159/47/797 1158/45/795 1172/46/796
f 1160/48/798 1159/47/797 1172/46/796
f 1160/48/798 1172/46/796 1171/49/799
f 1161/50/800 1160/48/798 1171/49/799
f 1161/50/800 1171/49/799 1170/51/801
f 1214/52/782 1213/39/782 1155/42/792
f 1162/53/802 1161/50/800 1170/51/801
f 1162/53/802 1170/51/801 1169/54/803
f 1163/55/804 1162/53/802 1169/54/803
f 1163/55/804 1169/54/803 1164/56/805
f 1164/56/805 1169/54/803 1165/57/806
f 1165/57/806 1169/54/803 1166/58/807
f 1166/58/807 1169/54/803 1167/59/808
f 1167/59/808 1169/54/803 1168/60/809
f 1215/61/782 1214/52/782 1155/42/792
f 1216/62/782 1215/61/782 1155/42/792
f 1217/63/782 1216/62/782 1155/42/792
f 1218/64/782 1217/63/782 1155/42/792
f 1130/65/810 1218/64/782 1155/42/792
f 1131/66/811 1130/65/810 1155/42/792
f 1131/66/811 1155/42/792 1154/67/812
f 1131/66/811 1154/67/812 1153/68/813
f 1132/69/814 1131/66/811 1153/68/813
f 1132/69/814 1153/68/813 1152/70/815
f 1133/71/816 1132/69/814 1152/70/815
f 1133/71/816 1152/70/815 1151/72/817
f 1134/73/818 1133/71/816 1151/72/817
f 1134/73/818 1151/72/817 1150/74/819
f 1135/75/820 1134/73/818 1150/74/819
f 1135/75/820 1150/74/819 1149/76/821
f 1136/77/822 1135/75/820 1149/76/821
f 1136/77/822 1149/76/821 1148/78/823
f 1137/79/824 1136/77/822 1148/78/823
f 1137/79/824 1148/78/823 1147/80/825
f 1138/81/826 1137/79/824 1147/80/825
f 1138/81/826 1147/80/825 1146/82/827
f 1139/83/828 1138/81/826 1146/82/827
f 1139/83/828 1146/82/827 1145/84/829
f 1140/85/830 1139/83/828 1145/84/829
f 1140/85/830 1145/84/829 1144/86/831
f 1141/87/832 1140/85/830 1144/86/831
f 1141/87/832 1144/86/831 1143/88/833
f 1142/89/834 1141/87/832 1143/88/833
f 1221/90/835 1220/91/836 1219/65/837
f 1222/92/838 1221/90/835 1219/65/837
f 1257/93/839 1256/95/840 1255/94/841
f 1223/96/842 1222/92/838 1219/65/837
f 1257/93/839 1255/94/841 1254/97/843
f 1257/93/839 1254/97/843 1253/98/844
f 1224/99/845 1223/96/842 1219/65/837
f 1257/93/839 1253/98/844 1252/100/846
f 1225/101/847 1224/99/845 1219/65/837
f 1257/93/839 1252/100/846 1251/102/848
f 1257/93/839 1251/102/848 1250/103/849
f 1226/104/850 1225/101/847 1219/65/837
f 1257/93/839 1250/103/849 1249/105/851
f 1227/106/852 1226/104/850 1219/65/837
f 1257/93/839 1249/105/851 1248/107/853
f 1228/108/854 1227/106/852 1219/65/837
f 1257/93/839 1248/107/853 1247/109/855
f 1229/110/856 1228/108/854 1219/65/837
f 1257/93/839 1247/109/855 1246/111/857
f 1230/112/858 1229/110/856 1219/65/837
f 1257/93/839 1246/111/857 1245/113/859
f 1231/114/860 1230/112/858 1219/65/837
f 1257/93/839 1245/113/859 1244/115/861
f 1232/116/862 1231/114/860 1219/65/837
f 1257/93/839 1244/115/861 1243/117/863
f 1257/93/839 1243/117/863 1242/118/863
f 1257/93/839 1242/118/863 1241/119/863
f 1257/93/839 1241/119/863 1240/120/863
f 1257/93/839 1240/120/863 1239/121/863
f 1257/93/839 1239/121/863 1238/122/863
f 1257/93/839 1238/122/863 1237/123/863
f 1257/93/839 1237/123/863 1236/124/863
f 1257/93/839 1236/124/863 1235/125/863
f 1257/93/839 1235/125/863 1234/126/863
f 1257/93/839 1234/126/863 1233/127/863
f 1257/93/839 1233/127/863 1232/116/862
f 1257/93/839 1232/116/862 1219/65/837
f 1257/93/839 1219/65/837 1258/128/864
f 1258/128/864 1219/65/837 1366/64/865
f 1258/128/864 1366/64/865 1365/129/866
f 1258/128/864 1365/129/866 1259/130/867
f 1259/130/867 1365/129/866 1364/131/868
f 1259/130/867 1364/131/868 1260/132/869
f 1260/132/869 1364/131/868 1363/133/870
f 1260/132/869 1363/133/870 1261/134/871
f 1261/134/871 1363/133/870 1262/135/872
f 1262/135/872 1363/133/870 1362/136/873
f 1262/135/872 1362/136/873 1263/137/874
f 1263/137/874 1362/136/873 1361/138/875
f 1263/137/874 1361/138/875 1264/139/876
f 1264/139/876 1361/138/875 1265/140/877
f 1265/140/877 1361/138/875 1360/141/878
f 1265/140/877 1360/141/878 1266/142/879
f 1266/142/879 1360/141/878 1359/143/880
f 1266/142/879 1359/143/880 1267/144/881
f 1267/144/881 1359/143/880 1358/145/882
f 1267/144/881 1358/145/882 1357/146/883
f 1267/144/881 1357/146/883 1268/147/884
f 1268/147/884 1357/146/883 1356/148/885
f 1268/147/884 1356/148/885 1355/149/886
f 1268/147/884 1355/149/886 1269/150/887
f 1269/150/887 1355/149/886 1271/151/888
f 1271/151/888 1355/149/886 1272/152/888
f 1272/152/888 1355/149/886 1273/153/888
f 1273/153/888 1355/149/886 1274/154/888
f 1274/154/888 1355/149/886 1275/155/888
f 1275/155/888 1355/149/886 1276/156/888
f 1276/156/888 1355/149/886 1277/157/888
f 1277/157/888 1355/149/886 1278/158/888
f 1278/158/888 1355/149/886 1279/159/888
f 1279/159/888 1355/149/886 1280/160/888
f 1280/160/888 1355/149/886 1281/161/889
f 1281/161/889 1355/149/886 1354/162/890
s 0
f 1270/163/133 1269/150/887 1271/151/748
s 1
f 1282/164/891 1281/161/889 1354/162/890
f 1282/164/891 1354/162/890 1353/165/892
f 1283/166/893 1282/164/891 1353/165/892
f 1283/166/893 1353/165/892 1352/167/894
f 1284/168/895 1283/166/893 1352/167/894
f 1284/168/895 1352/167/894 1351/169/896
f 1285/170/897 1284/168/895 1351/169/896
f 1285/170/897 1351/169/896 1350/171/898
f 1286/172/899 1285/170/897 1350/171/898
f 1286/172/899 1350/171/898 1349/173/900
f 1287/174/901 1286/172/899 1349/173/900
f 1287/174/901 1349/173/900 1348/175/902
f 1288/176/903 1287/174/901 1348/175/902
f 1288/176/903 1348/175/902 1347/177/904
f 1289/178/905 1288/176/903 1347/177/904
f 1290/179/906 1289/178/905 1347/177/904
f 1290/179/906 1347/177/904 1346/180/907
f 1291/181/908 1290/179/906 1346/180/907
f 1291/181/908 1346/180/907 1345/182/909
f 1292/183/910 1291/181/908 1345/182/909
f 1292/183/910 1345/182/909 1344/184/911
f 1293/185/912 1292/183/910 1344/184/911
f 1293/185/912 1344/184/911 1343/186/913
f 1294/187/914 1293/185/912 1343/186/913
f 1294/187/914 1343/186/913 1342/188/915
f 1295/189/916 1294/187/914 1342/188/915
f 1295/189/916 1342/188/915 1341/190/917
f 1296/191/918 1295/189/916 1341/190/917
f 1296/191/918 1341/190/917 1318/192/919
f 1318/192/919 1341/190/917 1340/193/920
f 1296/191/918 1318/192/919 1317/194/921
f 1319/195/922 1318/192/919 1340/193/920
f 1319/195/922 1340/193/920 1339/196/923
f 1297/197/924 1296/191/918 1317/194/921
f 1320/198/925 1319/195/922 1339/196/923
f 1297/197/924 1317/194/921 1316/199/926
f 1320/198/925 1339/196/923 1338/200/927
f 1298/201/928 1297/197/924 1316/199/926
f 1321/202/929 1320/198/925 1338/200/927
f 1298/201/928 1316/199/926 1315/203/930
f 1321/202/929 1338/200/927 1337/204/931
f 1299/205/932 1298/201/928 1315/203/930
f 1322/206/933 1321/202/929 1337/204/931
f 1299/205/932 1315/203/930 1314/207/934
f 1322/206/933 1337/204/931 1336/208/935
f 1300/209/936 1299/205/932 1314/207/934
f 1323/210/937 1322/206/933 1336/208/935
f 1300/209/936 1314/207/934 1313/211/938
f 1323/210/937 1336/208/935 1335/212/939
f 1301/213/940 1300/209/936 1313/211/938
f 1324/214/941 1323/210/937 1335/212/939
f 1301/213/940 1313/211/938 1312/215/942
f 1324/214/941 1335/212/939 1334/216/943
f 1302/217/944 1301/213/940 1312/215/942
f 1325/218/945 1324/214/941 1334/216/943
f 1302/217/944 1312/215/942 1311/219/946
f 1303/220/947 1302/217/944 1311/219/946
f 1325/218/945 1334/216/943 1333/221/948
f 1326/222/949 1325/218/945 1333/221/948
f 1303/220/947 1311/219/946 1310/223/950
f 1304/224/951 1303/220/947 1310/223/950
f 1326/222/949 1333/221/948 1332/225/952
f 1327/226/953 1326/222/949 1332/225/952
f 1305/227/954 1304/224/951 1310/223/950
f 1305/227/954 1310/223/950 1309/228/955
f 1327/226/953 1332/225/952 1331/229/956
f 1306/230/957 1305/227/954 1309/228/955
f 1328/231/958 1327/226/953 1331/229/956
f 1306/230/957 1309/228/955 1308/232/959
f 1328/231/958 1331/229/956 1329/233/960
f 1329/233/960 1331/229/956 1330/234/961
f 1306/230/957 1308/232/959 1307/235/962
f 1448/236/963 1447/238/964 1446/237/965
f 1423/239/966 1422/241/967 1421/240/968
f 1424/242/969 1423/239/966 1421/240/968
f 1448/236/963 1446/237/965 1445/243/970
f 1425/244/971 1424/242/969 1421/240/968
f 1448/236/963 1445/243/970 1444/245/972
f 1426/246/973 1425/244/971 1421/240/968
f 1448/236/963 1444/245/972 1443/247/974
f 1427/248/975 1426/246/973 1421/240/968
f 1448/236/963 1443/247/974 1442/249/976
f 1428/250/977 1427/248/975 1421/240/968
f 1448/236/963 1442/249/976 1441/251/978
f 1429/252/979 1428/250/977 1421/240/968
f 1448/236/963 1441/251/978 1440/253/980
f 1430/254/981 1429/252/979 1421/240/968
f 1448/236/963 1440/253/980 1439/255/982
f 1431/256/983 1430/254/981 1421/240/968
f 1448/236/963 1439/255/982 1438/257/984
f 1432/258/985 1431/256/983 1421/240/968
f 1448/236/963 1438/257/984 1437/259/986
f 1433/260/987 1432/258/985 1421/240/968
f 1448/236/963 1437/259/986 1436/261/988
f 1434/262/989 1433/260/987 1421/240/968
f 1448/236/963 1436/261/988 1435/263/990
f 1448/236/963 1435/263/990 1434/262/989
f 1448/236/963 1434/262/989 1449/264/991
f 1449/264/991 1434/262/989 1450/265/992
f 1450/265/992 1434/262/989 1451/266/993
f 1451/266/993 1434/262/989 1452/267/994
f 1452/267/994 1434/262/989 1453/268/995
f 1453/268/995 1434/262/989 1454/269/996
f 1454/269/996 1434/262/989 1455/270/997
f 1455/270/997 1434/262/989 1456/271/998
f 1456/271/998 1434/262/989 1457/272/999
f 1457/272/999 1434/262/989 1458/273/1000
f 1458/273/1000 1434/262/989 1459/274/1001
f 1459/274/1001 1434/262/989 1460/275/1002
f 1460/275/1002 1434/262/989 1461/276/1003
f 1461/276/1003 1434/262/989 1408/277/1004
f 1408/277/1004 1434/262/989 1409/278/1005
f 1409/278/1005 1434/262/989 1410/279/1006
f 1410/279/1006 1434/262/989 1411/280/1007
f 1411/280/1007 1434/262/989 1412/281/1008
f 1412/281/1008 1434/262/989 1413/282/1009
f 1413/282/1009 1434/262/989 1414/283/1010
f 1414/283/1010 1434/262/989 1415/284/1011
f 1415/284/1011 1434/262/989 1416/285/1012
f 1416/285/1012 1434/262/989 1417/286/1013
f 1417/286/1013 1434/262/989 1418/287/1014
f 1418/287/1014 1434/262/989 1419/288/1015
f 1419/288/1015 1434/262/989 1420/289/1016
f 1420/289/1016 1434/262/989 1421/240/968
f 1462/290/1017 1461/276/1003 1408/277/1004
f 1462/290/1017 1408/277/1004 1407/291/1018
f 1368/292/1019 1367/65/1020 1474/64/1021
f 1395/293/1022 1394/295/1023 1393/294/1024
f 1396/296/1025 1395/293/1022 1393/294/1024
f 1368/292/1019 1474/64/1021 1473/297/1026
f 1397/298/1027 1396/296/1025 1393/294/1024
f 1368/292/1019 1473/297/1026 1472/299/1028
f 1398/300/1029 1397/298/1027 1393/294/1024
f 1368/292/1019 1472/299/1028 1471/301/1030
f 1399/302/1031 1398/300/1029 1393/294/1024
f 1368/292/1019 1471/301/1030 1470/303/1032
f 1400/304/1033 1399/302/1031 1393/294/1024
f 1368/292/1019 1470/303/1032 1469/305/1034
f 1401/306/1035 1400/304/1033 1393/294/1024
f 1368/292/1019 1469/305/1034 1468/307/1036
f 1402/308/1037 1401/306/1035 1393/294/1024
f 1368/292/1019 1468/307/1036 1467/309/1038
f 1403/310/1039 1402/308/1037 1393/294/1024
f 1368/292/1019 1467/309/1038 1466/311/1040
f 1404/312/1041 1403/310/1039 1393/294/1024
f 1368/292/1019 1466/311/1040 1465/313/1042
f 1405/314/1043 1404/312/1041 1393/294/1024
f 1368/292/1019 1465/313/1042 1464/315/1044
f 1406/316/1045 1405/314/1043 1393/294/1024
f 1368/292/1019 1464/315/1044 1463/317/1046
f 1368/292/1019 1463/317/1046 1462/290/1017
f 1368/292/1019 1462/290/1017 1407/291/1018
f 1368/292/1019 1407/291/1018 1406/316/1045
f 1368/292/1019 1406/316/1045 1369/318/1047
f 1369/318/1047 1406/316/1045 1370/319/1048
f 1370/319/1048 1406/316/1045 1371/320/1049
f 1371/320/1049 1406/316/1045 1372/321/1050
f 1372/321/1050 1406/316/1045 1373/322/1051
f 1373/322/1051 1406/316/1045 1374/323/1052
f 1374/323/1052 1406/316/1045 1375/324/1053
f 1375/324/1053 1406/316/1045 1376/325/1054
f 1376/325/1054 1406/316/1045 1377/326/1055
f 1377/326/1055 1406/316/1045 1378/327/1056
f 1378/327/1056 1406/316/1045 1379/328/1057
f 1379/328/1057 1406/316/1045 1380/329/1058
f 1380/329/1058 1406/316/1045 1381/330/1059
f 1381/330/1059 1406/316/1045 1382/331/1060
f 1382/331/1060 1406/316/1045 1383/332/1061
f 1383/332/1061 1406/316/1045 1384/333/1062
f 1384/333/1062 1406/316/1045 1385/334/1063
f 1385/334/1063 1406/316/1045 1386/335/1064
f 1386/335/1064 1406/316/1045 1387/336/1065
f 1387/336/1065 1406/316/1045 1388/337/1066
f 1388/337/1066 1406/316/1045 1389/338/1067
f 1389/338/1067 1406/316/1045 1390/339/1068
f 1390/339/1068 1406/316/1045 1391/340/1069
f 1391/340/1069 1406/316/1045 1392/341/1070
f 1392/341/1070 1406/316/1045 1393/294/1024
f 1477/342/1071 1476/343/1072 1475/65/1073
f 1478/344/1074 1477/342/1071 1475/65/1073
f 1479/345/1075 1478/344/1074 1475/65/1073
f 1480/346/1076 1479/345/1075 1475/65/1073
f 1481/104/1077 1480/346/1076 1475/65/1073
f 1481/104/1077 1475/65/1073 1601/64/1078
f 1482/347/1079 1481/104/1077 1601/64/1078
f 1482/347/1079 1601/64/1078 1600/348/1080
f 1483/349/1081 1482/347/1079 1600/348/1080
f 1483/349/1081 1600/348/1080 1599/350/1082
f 1484/351/1083 1483/349/1081 1599/350/1082
f 1484/351/1083 1599/350/1082 1598/352/1084
f 1485/353/1085 1484/351/1083 1598/352/1084
f 1485/353/1085 1598/352/1084 1597/354/1086
f 1486/355/1087 1485/353/1085 1597/354/1086
f 1486/355/1087 1597/354/1086 1596/356/1088
f 1487/127/1089 1486/355/1087 1596/356/1088
f 1487/127/1089 1596/356/1088 1595/143/1090
f 1488/357/1091 1487/127/1089 1595/143/1090
f 1489/358/1092 1488/357/1091 1595/143/1090
f 1489/358/1092 1595/143/1090 1594/359/1093
f 1489/358/1092 1594/359/1093 1593/360/1094
f 1489/358/1092 1593/360/1094 1592/361/1095
f 1489/358/1092 1592/361/1095 1591/362/1096
f 1490/363/1097 1489/358/1092 1591/362/1096
f 1490/363/1097 1591/362/1096 1590/364/1098
f 1490/363/1097 1590/364/1098 1589/167/1099
f 1491/365/1100 1490/363/1097 1589/167/1099
f 1577/200/1101 1576/367/1102 1575/366/1103
f 1578/368/1104 1577/200/1101 1575/366/1103
f 1579/369/1105 1578/368/1104 1575/366/1103
f 1580/370/1106 1579/369/1105 1575/366/1103
f 1581/371/1107 1580/370/1106 1575/366/1103
f 1582/372/1108 1581/371/1107 1575/366/1103
f 1583/182/1109 1582/372/1108 1575/366/1103
f 1584/373/1110 1583/182/1109 1575/366/1103
f 1585/374/1111 1584/373/1110 1575/366/1103
f 1586/375/1112 1585/374/1111 1575/366/1103
f 1587/376/1113 1586/375/1112 1575/366/1103
f 1588/377/1114 1587/376/1113 1575/366/1103
f 1491/365/1100 1589/167/1099 1588/377/1114
f 1491/365/1100 1588/377/1114 1575/366/1103
f 1492/378/1115 1491/365/1100 1575/366/1103
f 1492/378/1115 1575/366/1103 1574/379/1116
f 1493/120/1117 1492/378/1115 1574/379/1116
f 1493/120/1117 1574/379/1116 1573/380/1118
f 1493/120/1117 1573/380/1118 1572/381/1119
f 1493/120/1117 1572/381/1119 1571/229/1120
f 1493/120/1117 1571/229/1120 1570/382/1121
f 1493/120/1117 1570/382/1121 1569/383/1122
f 1493/120/1117 1569/383/1122 1568/384/1123
f 1493/120/1117 1568/384/1123 1567/385/1124
f 1494/386/1125 1493/120/1117 1513/387/1126
f 1513/387/1126 1493/120/1117 1567/385/1124
f 1513/387/1126 1567/385/1124 1566/388/1127
f 1513/387/1126 1566/388/1127 1514/389/1128
f 1514/389/1128 1566/388/1127 1565/214/1129
f 1494/386/1125 1513/387/1126 1512/390/1130
f 1515/391/1131 1514/389/1128 1565/214/1129
f 1515/391/1131 1565/214/1129 1564/392/1132
f 1515/391/1131 1564/392/1132 1563/393/1133
f 1515/391/1131 1563/393/1133 1562/394/1134
f 1495/395/1135 1494/386/1125 1512/390/1130
f 1495/395/1135 1512/390/1130 1511/134/1136
f 1516/396/1137 1515/391/1131 1562/394/1134
f 1516/396/1137 1562/394/1134 1561/397/1138
f 1495/395/1135 1511/134/1136 1510/398/1139
f 1517/147/1140 1516/396/1137 1561/397/1138
f 1496/399/1141 1495/395/1135 1510/398/1139
f 1496/399/1141 1510/398/1139 1509/400/1142
f 1517/147/1140 1561/397/1138 1560/401/1143
f 1518/402/1144 1517/147/1140 1560/401/1143
f 1497/403/1145 1496/399/1141 1509/400/1142
f 1497/403/1145 1509/400/1142 1508/404/1146
f 1518/402/1144 1560/401/1143 1559/194/1147
f 1519/405/1148 1518/402/1144 1559/194/1147
f 1497/403/1145 1508/404/1146 1507/406/1149
f 1498/407/1150 1497/403/1145 1507/406/1149
f 1519/405/1148 1559/194/1147 1558/408/1151
f 1498/407/1150 1507/406/1149 1506/409/1152
f 1520/410/1153 1519/405/1148 1558/408/1151
f 1499/109/1154 1498/407/1150 1506/409/1152
f 1499/109/1154 1506/409/1152 1505/97/1155
f 1520/410/1153 1558/408/1151 1557/411/1156
f 1521/412/1157 1520/410/1153 1557/411/1156
f 1500/413/1158 1499/109/1154 1505/97/1155
f 1500/413/1158 1505/97/1155 1504/414/1159
f 1521/412/1157 1557/411/1156 1556/415/1160
f 1522/416/1161 1521/412/1157 1556/415/1160
f 1500/413/1158 1504/414/1159 1503/417/1162
f 1501/418/1163 1500/413/1158 1503/417/1162
f 1501/418/1163 1503/417/1162 1502/419/1164
f 1523/155/1165 1522/416/1161 1556/415/1160
f 1523/155/1165 1556/415/1160 1555/420/1166
f 1524/421/1167 1523/155/1165 1555/420/1166
f 1524/421/1167 1555/420/1166 1554/422/1168
f 1525/423/1169 1524/421/1167 1554/422/1168
f 1525/423/1169 1554/422/1168 1553/223/1170
f 1526/424/1171 1525/423/1169 1553/223/1170
f 1526/424/1171 1553/223/1170 1552/425/1172
f 1527/426/1173 1526/424/1171 1552/425/1172
f 1527/426/1173 1552/425/1172 1551/427/1174
f 1528/428/1175 1527/426/1173 1551/427/1174
f 1528/428/1175 1551/427/1174 1550/429/1176
f 1529/164/1177 1528/428/1175 1550/429/1176
f 1529/164/1177 1550/429/1176 1549/430/1178
f 1530/431/1179 1529/164/1177 1549/430/1178
f 1530/431/1179 1549/430/1178 1548/432/1180
f 1531/433/1181 1530/431/1179 1548/432/1180
f 1532/434/1182 1531/433/1181 1548/432/1180
f 1532/434/1182 1548/432/1180 1547/220/1183
f 1533/435/1184 1532/434/1182 1547/220/1183
f 1533/435/1184 1547/220/1183 1546/436/1185
f 1534/437/1186 1533/435/1184 1546/436/1185
f 1534/437/1186 1546/436/1185 1545/438/1187
f 1535/178/1188 1534/437/1186 1545/438/1187
f 1535/178/1188 1545/438/1187 1544/439/1189
f 1536/440/1190 1535/178/1188 1544/439/1189
f 1536/440/1190 1544/439/1189 1543/441/1191
f 1537/442/1192 1536/440/1190 1543/441/1191
f 1538/41/1193 1537/442/1192 1543/441/1191
f 1538/41/1193 1543/441/1191 1542/443/1194
f 1539/444/1195 1538/41/1193 1542/443/1194
f 1539/444/1195 1542/443/1194 1541/191/1196
f 1539/444/1195 1541/191/1196 1540/445/1197
f 1651/446/1198 1650/447/1199 1697/64/1200
f 1651/446/1198 1697/64/1200 1696/448/1201
f 1652/449/1202 1651/446/1198 1696/448/1201
f 1652/449/1202 1696/448/1201 1695/450/1203
f 1653/451/1204 1652/449/1202 1695/450/1203
f 1653/451/1204 1695/450/1203 1694/452/1205
f 1654/453/1206 1653/451/1204 1694/452/1205
f 1654/453/1206 1694/452/1205 1693/454/1207
f 1655/455/1208 1654/453/1206 1693/454/1207
f 1655/455/1208 1693/454/1207 1692/456/1209
f 1656/457/1210 1655/455/1208 1692/456/1209
f 1656/457/1210 1692/456/1209 1691/458/1211
f 1657/459/1212 1656/457/1210 1691/458/1211
f 1657/459/1212 1691/458/1211 1690/460/1213
f 1658/461/1214 1657/459/1212 1690/460/1213
f 1658/461/1214 1690/460/1213 1689/462/1215
f 1659/463/1216 1658/461/1214 1689/462/1215
f 1659/463/1216 1689/462/1215 1688/464/1217
f 1660/465/1218 1659/463/1216 1688/464/1217
f 1660/465/1218 1688/464/1217 1687/466/1219
f 1661/467/1220 1660/465/1218 1687/466/1219
f 1661/467/1220 1687/466/1219 1686/468/1221
f 1662/469/1222 1661/467/1220 1686/468/1221
f 1663/470/1223 1662/469/1222 1686/468/1221
f 1663/470/1223 1686/468/1221 1685/471/1224
f 1663/470/1223 1685/471/1224 1684/472/1225
f 1664/473/1226 1663/470/1223 1684/472/1225
f 1664/473/1226 1684/472/1225 1683/474/1227
f 1665/475/1228 1664/473/1226 1683/474/1227
f 1665/475/1228 1683/474/1227 1682/476/1229
f 1666/477/1230 1665/475/1228 1682/476/1229
f 1666/477/1230 1682/476/1229 1681/478/1231
f 1667/479/1232 1666/477/1230 1681/478/1231
f 1667/479/1232 1681/478/1231 1680/480/1233
f 1668/481/1234 1667/479/1232 1680/480/1233
f 1668/481/1234 1680/480/1233 1679/482/1235
f 1669/483/1236 1668/481/1234 1679/482/1235
f 1669/483/1236 1679/482/1235 1678/484/1237
f 1670/485/1238 1669/483/1236 1678/484/1237
f 1670/485/1238 1678/484/1237 1677/486/1239
f 1671/487/1240 1670/485/1238 1677/486/1239
f 1671/487/1240 1677/486/1239 1676/488/1241
f 1672/489/1242 1671/487/1240 1676/488/1241
f 1672/489/1242 1676/488/1241 1675/490/1243
f 1673/491/1244 1672/489/1242 1675/490/1243
f 1673/491/1244 1675/490/1243 1674/492/1245
f 1603/493/1246 1602/65/1199 1649/494/1247
f 1604/495/1202 1603/493/1246 1649/494/1247
f 1604/495/1202 1649/494/1247 1648/496/1201
f 1605/497/1248 1604/495/1202 1648/496/1201
f 1605/497/1248 1648/496/1201 1647/498/1203
f 1606/499/1206 1605/497/1248 1647/498/1203
f 1606/499/1206 1647/498/1203 1646/500/1205
f 1607/501/1208 1606/499/1206 1646/500/1205
f 1607/501/1208 1646/500/1205 1645/502/1207
f 1608/503/1210 1607/501/1208 1645/502/1207
f 1608/503/1210 1645/502/1207 1644/504/1209
f 1609/505/1212 1608/503/1210 1644/504/1209
f 1609/505/1212 1644/504/1209 1643/506/1211
f 1610/507/1214 1609/505/1212 1643/506/1211
f 1610/507/1214 1643/506/1211 1642/508/1213
f 1611/509/1216 1610/507/1214 1642/508/1213
f 1611/509/1216 1642/508/1213 1641/510/1215
f 1612/511/1218 1611/509/1216 1641/510/1215
f 1612/511/1218 1641/510/1215 1640/512/1217
f 1613/513/1220 1612/511/1218 1640/512/1217
f 1613/513/1220 1640/512/1217 1639/514/1219
f 1613/513/1220 1639/514/1219 1638/515/1221
f 1614/516/1222 1613/513/1220 1638/515/1221
f 1615/517/1223 1614/516/1222 1638/515/1221
f 1615/517/1223 1638/515/1221 1637/518/1224
f 1616/519/1226 1615/517/1223 1637/518/1224
f 1616/519/1226 1637/518/1224 1636/520/1225
f 1617/521/1228 1616/519/1226 1636/520/1225
f 1617/521/1228 1636/520/1225 1635/522/1227
f 1618/523/1230 1617/521/1228 1635/522/1227
f 1618/523/1230 1635/522/1227 1634/524/1229
f 1619/525/1249 1618/523/1230 1634/524/1229
f 1619/525/1249 1634/524/1229 1633/526/1250
f 1620/527/1234 1619/525/1249 1633/526/1250
f 1620/527/1234 1633/526/1250 1632/528/1233
f 1621/529/1236 1620/527/1234 1632/528/1233
f 1621/529/1236 1632/528/1233 1631/530/1235
f 1622/531/1238 1621/529/1236 1631/530/1235
f 1622/531/1238 1631/530/1235 1630/532/1237
f 1623/533/1240 1622/531/1238 1630/532/1237
f 1623/533/1240 1630/532/1237 1629/534/1239
f 1624/535/1242 1623/533/1240 1629/534/1239
f 1624/535/1242 1629/534/1239 1628/536/1241
f 1625/537/1251 1624/535/1242 1628/536/1241
f 1625/537/1251 1628/536/1241 1627/538/1252
f 1626/539/1245 1625/537/1251 1627/538/1252
f 1699/540/1253 1698/65/1254 1810/541/1255
f 1776/542/1256 1775/544/1257 1774/543/1258
f 1699/540/1253 1810/541/1255 1809/545/1259
f 1777/546/1260 1776/542/1256 1774/543/1258
f 1699/540/1253 1809/545/1259 1808/547/1261
f 1699/540/1253 1808/547/1261 1807/548/1261
f 1778/549/1262 1777/546/1260 1774/543/1258
f 1699/540/1253 1807/548/1261 1806/550/1263
f 1779/551/1264 1778/549/1262 1774/543/1258
f 1699/540/1253 1806/550/1263 1805/552/1265
f 1699/540/1253 1805/552/1265 1804/553/1266
f 1780/554/1267 1779/551/1264 1774/543/1258
f 1699/540/1253 1804/553/1266 1803/555/1268
f 1781/556/1269 1780/554/1267 1774/543/1258
f 1699/540/1253 1803/555/1268 1802/557/1270
f 1782/558/1271 1781/556/1269 1774/543/1258
f 1699/540/1253 1802/557/1270 1801/559/1272
f 1783/560/1273 1782/558/1271 1774/543/1258
f 1699/540/1253 1801/559/1272 1800/561/1274
f 1784/562/1275 1783/560/1273 1774/543/1258
f 1785/1/1276 1784/562/1275 1774/543/1258
f 1699/540/1253 1800/561/1274 1799/563/1277
f 1786/564/1278 1785/1/1276 1774/543/1258
f 1787/565/1279 1786/564/1278 1774/543/1258
f 1699/540/1253 1799/563/1277 1798/566/863
f 1699/540/1253 1798/566/863 1797/567/863
f 1699/540/1253 1797/567/863 1796/568/863
f 1699/540/1253 1796/568/863 1795/569/863
f 1699/540/1253 1795/569/863 1794/570/863
f 1699/540/1253 1794/570/863 1793/571/863
f 1699/540/1253 1793/571/863 1792/572/863
f 1699/540/1253 1792/572/863 1791/573/863
f 1699/540/1253 1791/573/863 1790/574/863
f 1699/540/1253 1790/574/863 1789/575/863
f 1699/540/1253 1789/575/863 1788/576/863
f 1699/540/1253 1788/576/863 1787/565/1279
f 1699/540/1253 1787/565/1279 1774/543/1258
f 1700/577/1280 1699/540/1253 1774/543/1258
f 1700/577/1280 1774/543/1258 1773/578/1281
f 1701/579/1282 1700/577/1280 1773/578/1281
f 1701/579/1282 1773/578/1281 1772/580/1283
f 1702/581/1284 1701/579/1282 1772/580/1283
f 1702/581/1284 1772/580/1283 1771/582/1285
f 1702/581/1284 1771/582/1285 1770/583/1286
f 1703/584/1287 1702/581/1284 1770/583/1286
f 1703/584/1287 1770/583/1286 1769/585/1288
f 1704/586/1289 1703/584/1287 1769/585/1288
f 1704/586/1289 1769/585/1288 1768/587/1290
f 1705/588/1291 1704/586/1289 1768/587/1290
f 1705/588/1291 1768/587/1290 1767/589/1292
f 1706/590/1293 1705/588/1291 1767/589/1292
f 1706/590/1293 1767/589/1292 1766/591/1294
f 1707/592/1295 1706/590/1293 1766/591/1294
f 1707/592/1295 1766/591/1294 1765/593/1296
f 1708/594/1297 1707/592/1295 1765/593/1296
f 1708/594/1297 1765/593/1296 1764/595/1298
f 1709/596/1299 1708/594/1297 1764/595/1298
f 1709/596/1299 1764/595/1298 1763/597/1300
f 1710/598/1301 1709/596/1299 1763/597/1300
f 1711/599/782 1710/598/1301 1812/600/1004
f 1812/600/1004 1710/598/1301 1763/597/1300
f 1812/600/1004 1763/597/1300 1813/601/1003
f 1813/601/1003 1763/597/1300 1762/602/1302
f 1711/599/782 1812/600/1004 1811/603/1018
f 1814/64/1303 1813/601/1003 1762/602/1302
f 1712/604/782 1711/599/782 1811/603/1018
f 1814/64/1303 1762/602/1302 1761/605/1302
f 1713/606/782 1712/604/782 1811/603/1018
f 1814/64/1303 1761/605/1302 1760/607/1302
f 1714/608/782 1713/606/782 1811/603/1018
f 1814/64/1303 1760/607/1302 1759/609/1302
f 1715/610/782 1714/608/782 1811/603/1018
f 1814/64/1303 1759/609/1302 1758/611/1302
f 1716/612/782 1715/610/782 1811/603/1018
f 1814/64/1303 1758/611/1302 1757/613/1302
f 1717/614/782 1716/612/782 1811/603/1018
f 1814/64/1303 1757/613/1302 1756/41/1302
f 1718/615/782 1717/614/782 1811/603/1018
f 1814/64/1303 1756/41/1302 1755/616/1302
f 1719/617/782 1718/615/782 1811/603/1018
f 1814/64/1303 1755/616/1302 1754/618/1302
f 1720/619/782 1719/617/782 1811/603/1018
f 1814/64/1303 1754/618/1302 1753/620/1302
f 1721/621/782 1720/619/782 1811/603/1018
f 1814/64/1303 1753/620/1302 1752/622/1302
f 1722/623/1304 1721/621/782 1811/603/1018
f 1814/64/1303 1752/622/1302 1751/624/1305
f 1722/623/1304 1811/603/1018 1814/64/1303
f 1722/623/1304 1814/64/1303 1751/624/1305
f 1723/625/1306 1722/623/1304 1751/624/1305
f 1723/625/1306 1751/624/1305 1750/626/1307
f 1724/627/1308 1723/625/1306 1750/626/1307
f 1724/627/1308 1750/626/1307 1749/628/1309
f 1725/629/1310 1724/627/1308 1749/628/1309
f 1725/629/1310 1749/628/1309 1748/630/1311
f 1725/629/1310 1748/630/1311 1747/631/1312
f 1726/632/1313 1725/629/1310 1747/631/1312
f 1726/632/1313 1747/631/1312 1746/633/1314
f 1727/70/1315 1726/632/1313 1746/633/1314
f 1727/70/1315 1746/633/1314 1737/634/1316
f 1737/634/1316 1746/633/1314 1745/635/1317
f 1728/636/1318 1727/70/1315 1736/637/1319
f 1736/637/1319 1727/70/1315 1737/634/1316
f 1728/636/1318 1736/637/1319 1735/638/1320
f 1738/639/1321 1737/634/1316 1745/635/1317
f 1729/640/1322 1728/636/1318 1735/638/1320
f 1738/639/1321 1745/635/1317 1744/641/1323
f 1730/642/1324 1729/640/1322 1735/638/1320
f 1738/639/1321 1744/641/1323 1743/643/1325
f 1731/644/1326 1730/642/1324 1735/638/1320
f 1738/639/1321 1743/643/1325 1742/645/1327
f 1732/646/1328 1731/644/1326 1735/638/1320
f 1738/639/1321 1742/645/1327 1741/647/1329
f 1733/648/1330 1732/646/1328 1735/638/1320
f 1738/639/1321 1741/647/1329 1740/649/1331
f 1734/650/1332 1733/648/1330 1735/638/1320
f 1738/639/1321 1740/649/1331 1739/651/1333
f 1817/90/835 1816/91/836 1815/65/1334
f 1818/92/1335 1817/90/835 1815/65/1334
f 1853/93/839 1852/95/840 1851/94/1336
f 1819/96/842 1818/92/1335 1815/65/1334
f 1853/93/839 1851/94/1336 1850/97/843
f 1853/93/839 1850/97/843 1849/98/844
f 1820/99/845 1819/96/842 1815/65/1334
f 1853/93/839 1849/98/844 1848/100/846
f 1821/101/847 1820/99/845 1815/65/1334
f 1853/93/839 1848/100/846 1847/102/848
f 1853/93/839 1847/102/848 1846/103/849
f 1822/104/850 1821/101/847 1815/65/1334
f 1853/93/839 1846/103/849 1845/105/851
f 1823/106/852 1822/104/850 1815/65/1334
f 1853/93/839 1845/105/851 1844/107/853
f 1824/108/854 1823/106/852 1815/65/1334
f 1853/93/839 1844/107/853 1843/109/855
f 1825/110/856 1824/108/854 1815/65/1334
f 1853/93/839 1843/109/855 1842/111/857
f 1826/112/858 1825/110/856 1815/65/1334
f 1853/93/839 1842/111/857 1841/113/859
f 1827/114/860 1826/112/858 1815/65/1334
f 1853/93/839 1841/113/859 1840/115/861
f 1828/116/862 1827/114/860 1815/65/1334
f 1853/93/839 1840/115/861 1839/117/863
f 1853/93/839 1839/117/863 1838/118/863
f 1853/93/839 1838/118/863 1837/119/863
f 1853/93/839 1837/119/863 1836/120/863
f 1853/93/839 1836/120/863 1835/121/863
f 1853/93/839 1835/121/863 1834/122/863
f 1853/93/839 1834/122/863 1833/123/863
f 1853/93/839 1833/123/863 1832/124/863
f 1853/93/839 1832/124/863 1831/125/863
f 1853/93/839 1831/125/863 1830/126/863
f 1853/93/839 1830/126/863 1829/127/863
f 1853/93/839 1829/127/863 1828/116/862
f 1853/93/839 1828/116/862 1815/65/1334
f 1853/93/839 1815/65/1334 1854/128/1337
f 1854/128/1337 1815/65/1334 1962/64/1338
f 1854/128/1337 1962/64/1338 1961/129/1339
f 1854/128/1337 1961/129/1339 1855/130/1340
f 1855/130/1340 1961/129/1339 1960/131/1341
f 1855/130/1340 1960/131/1341 1856/132/869
f 1856/132/869 1960/131/1341 1959/133/1342
f 1856/132/869 1959/133/1342 1857/134/1343
f 1857/134/1343 1959/133/1342 1858/135/1344
f 1858/135/1344 1959/133/1342 1958/136/1345
f 1858/135/1344 1958/136/1345 1859/137/874
f 1859/137/874 1958/136/1345 1957/138/1346
f 1859/137/874 1957/138/1346 1860/139/1347
f 1860/139/1347 1957/138/1346 1861/140/1348
f 1861/140/1348 1957/138/1346 1956/141/1349
f 1861/140/1348 1956/141/1349 1862/142/879
f 1862/142/879 1956/141/1349 1955/143/1350
f 1862/142/879 1955/143/1350 1863/144/881
f 1863/144/881 1955/143/1350 1954/145/882
f 1863/144/881 1954/145/882 1953/146/1351
f 1863/144/881 1953/146/1351 1864/147/1352
f 1864/147/1352 1953/146/1351 1952/148/1353
f 1864/147/1352 1952/148/1353 1951/149/1354
f 1864/147/1352 1951/149/1354 1865/150/1355
f 1865/150/1355 1951/149/1354 1867/151/748
f 1867/151/748 1951/149/1354 1868/152/748
f 1868/152/748 1951/149/1354 1869/153/748
f 1869/153/748 1951/149/1354 1870/154/748
f 1870/154/748 1951/149/1354 1871/155/748
f 1871/155/748 1951/149/1354 1872/156/748
f 1872/156/748 1951/149/1354 1873/157/748
f 1873/157/748 1951/149/1354 1874/158/748
f 1874/158/748 1951/149/1354 1875/159/748
f 1875/159/748 1951/149/1354 1876/160/748
f 1876/160/748 1951/149/1354 1877/161/1356
f 1877/161/1356 1951/149/1354 1950/162/890
s 0
f 1866/163/133 1865/150/1357 1867/151/748
s 1
f 1878/164/891 1877/161/1356 1950/162/890
f 1878/164/891 1950/162/890 1949/165/892
f 1879/166/1358 1878/164/891 1949/165/892
f 1879/166/1358 1949/165/892 1948/167/894
f 1880/168/895 1879/166/1358 1948/167/894
f 1880/168/895 1948/167/894 1947/169/896
f 1881/170/897 1880/168/895 1947/169/896
f 1881/170/897 1947/169/896 1946/171/898
f 1882/172/899 1881/170/897 1946/171/898
f 1882/172/899 1946/171/898 1945/173/900
f 1883/174/1359 1882/172/899 1945/173/900
f 1883/174/1359 1945/173/900 1944/175/902
f 1884/176/1360 1883/174/1359 1944/175/902
f 1884/176/1360 1944/175/902 1943/177/904
f 1885/178/905 1884/176/1360 1943/177/904
f 1886/179/1361 1885/178/905 1943/177/904
f 1886/179/1361 1943/177/904 1942/180/907
f 1887/181/908 1886/179/1361 1942/180/907
f 1887/181/908 1942/180/907 1941/182/909
f 1888/183/910 1887/181/908 1941/182/909
f 1888/183/910 1941/182/909 1940/184/1362
f 1889/185/912 1888/183/910 1940/184/1362
f 1889/185/912 1940/184/1362 1939/186/913
f 1890/187/914 1889/185/912 1939/186/913
f 1890/187/914 1939/186/913 1938/188/1363
f 1891/189/1364 1890/187/914 1938/188/1363
f 1891/189/1364 1938/188/1363 1937/190/917
f 1892/191/918 1891/189/1364 1937/190/917
f 1892/191/918 1937/190/917 1914/192/1365
f 1914/192/1365 1937/190/917 1936/193/920
f 1892/191/918 1914/192/1365 1913/194/921
f 1915/195/922 1914/192/1365 1936/193/920
f 1915/195/922 1936/193/920 1935/196/923
f 1893/197/924 1892/191/918 1913/194/921
f 1916/198/925 1915/195/922 1935/196/923
f 1893/197/924 1913/194/921 1912/199/926
f 1916/198/925 1935/196/923 1934/200/927
f 1894/201/928 1893/197/924 1912/199/926
f 1917/202/929 1916/198/925 1934/200/927
f 1894/201/928 1912/199/926 1911/203/930
f 1917/202/929 1934/200/927 1933/204/931
f 1895/205/932 1894/201/928 1911/203/930
f 1918/206/933 1917/202/929 1933/204/931
f 1895/205/932 1911/203/930 1910/207/934
f 1918/206/933 1933/204/931 1932/208/935
f 1896/209/936 1895/205/932 1910/207/934
f 1919/210/937 1918/206/933 1932/208/935
f 1896/209/936 1910/207/934 1909/211/938
f 1919/210/937 1932/208/935 1931/212/1366
f 1897/213/940 1896/209/936 1909/211/938
f 1920/214/941 1919/210/937 1931/212/1366
f 1897/213/940 1909/211/938 1908/215/942
f 1920/214/941 1931/212/1366 1930/216/943
f 1898/217/944 1897/213/940 1908/215/942
f 1921/218/945 1920/214/941 1930/216/943
f 1898/217/944 1908/215/942 1907/219/946
f 1899/220/947 1898/217/944 1907/219/946
f 1921/218/945 1930/216/943 1929/221/948
f 1922/222/949 1921/218/945 1929/221/948
f 1899/220/947 1907/219/946 1906/223/950
f 1900/224/951 1899/220/947 1906/223/950
f 1922/222/949 1929/221/948 1928/225/1367
f 1923/226/953 1922/222/949 1928/225/1367
f 1901/227/954 1900/224/951 1906/223/950
f 1901/227/954 1906/223/950 1905/228/1368
f 1923/226/953 1928/225/1367 1927/229/1369
f 1902/230/957 1901/227/954 1905/228/1368
f 1924/231/958 1923/226/953 1927/229/1369
f 1902/230/957 1905/228/1368 1904/232/959
f 1924/231/958 1927/229/1369 1925/233/960
f 1925/233/960 1927/229/1369 1926/234/961
f 1902/230/957 1904/232/959 1903/235/962
f 2050/230/1370 2049/227/1371 2048/224/1372
f 2014/163/1373 2013/150/1374 2012/147/1375
f 2050/230/1370 2048/224/1372 2047/220/1376
f 2015/151/1377 2014/163/1373 2012/147/1375
f 2050/230/1370 2047/220/1376 2046/217/1378
f 2016/152/1379 2015/151/1377 2012/147/1375
f 2050/230/1370 2046/217/1378 2045/213/1380
f 2017/153/1381 2016/152/1379 2012/147/1375
f 2050/230/1370 2045/213/1380 2044/209/1382
f 2018/154/1383 2017/153/1381 2012/147/1375
f 2050/230/1370 2044/209/1382 2043/205/1384
f 2019/155/1385 2018/154/1383 2012/147/1375
f 2050/230/1370 2043/205/1384 2042/201/1386
f 2020/156/1387 2019/155/1385 2012/147/1375
f 2050/230/1370 2042/201/1386 2041/197/1388
f 2021/157/1389 2020/156/1387 2012/147/1375
f 2050/230/1370 2041/197/1388 2040/191/1390
f 2022/158/1391 2021/157/1389 2012/147/1375
f 2050/230/1370 2040/191/1390 2039/189/1392
f 2023/159/1393 2022/158/1391 2012/147/1375
f 2050/230/1370 2039/189/1392 2038/187/1394
f 2024/160/1395 2023/159/1393 2012/147/1375
f 2050/230/1370 2038/187/1394 2037/185/1396
f 2025/161/1397 2024/160/1395 2012/147/1375
f 2050/230/1370 2037/185/1396 2036/183/863
f 2050/230/1370 2036/183/863 2035/181/863
f 2050/230/1370 2035/181/863 2034/179/863
f 2050/230/1370 2034/179/863 2033/178/863
f 2050/230/1370 2033/178/863 2032/176/863
f 2050/230/1370 2032/176/863 2031/174/863
f 2050/230/1370 2031/174/863 2030/172/863
f 2050/230/1370 2030/172/863 2029/170/863
f 2050/230/1370 2029/170/863 2028/168/863
f 2050/230/1370 2028/168/863 2027/166/863
f 2050/230/1370 2027/166/863 2026/164/863
f 2050/230/1370 2026/164/863 2025/161/1397
f 2050/230/1370 2025/161/1397 2051/235/1398
f 2051/235/1398 2025/161/1397 2052/232/1399
f 2052/232/1399 2025/161/1397 2053/228/1400
f 2053/228/1400 2025/161/1397 2054/223/1401
f 2054/223/1401 2025/161/1397 2055/219/1402
f 2055/219/1402 2025/161/1397 2056/215/1403
f 2056/215/1403 2025/161/1397 2057/211/1404
f 2057/211/1404 2025/161/1397 2058/207/1405
f 2058/207/1405 2025/161/1397 2059/203/1406
f 2059/203/1406 2025/161/1397 2012/147/1375
f 2059/203/1406 2012/147/1375 2011/144/1407
f 2059/203/1406 2011/144/1407 2010/142/1408
f 2059/203/1406 2010/142/1408 2060/199/1409
f 2060/199/1409 2010/142/1408 2009/140/1410
f 2060/199/1409 2009/140/1410 2008/139/1411
f 2060/199/1409 2008/139/1411 2007/137/1412
f 2060/199/1409 2007/137/1412 2006/135/1413
f 2060/199/1409 2006/135/1413 2061/194/1414
f 2061/194/1414 2006/135/1413 2005/134/1415
f 2061/194/1414 2005/134/1415 2004/132/1416
f 2061/194/1414 2004/132/1416 2003/130/1417
f 2061/194/1414 2003/130/1417 2002/128/1418
f 2061/194/1414 2002/128/1418 2062/192/1419
f 2062/192/1419 2002/128/1418 2001/93/1420
f 2062/192/1419 2001/93/1420 2000/95/1421
f 2062/192/1419 2000/95/1421 2063/195/1422
f 2063/195/1422 2000/95/1421 2064/198/748
f 2064/198/748 2000/95/1421 2066/206/748
f 2066/206/748 2000/95/1421 2067/210/748
f 2067/210/748 2000/95/1421 2068/214/748
f 2068/214/748 2000/95/1421 2069/218/748
f 2069/218/748 2000/95/1421 2070/222/748
f 2070/222/748 2000/95/1421 2071/226/748
f 2071/226/748 2000/95/1421 2073/233/748
f 2073/233/748 2000/95/1421 2074/234/1423
f 2074/234/1423 2000/95/1421 1999/94/1424
s 0
f 2065/202/133 2064/198/748 2066/206/748
f 2072/231/1425 2071/226/1426 2073/233/748
s 1
f 2075/229/1427 2074/234/1423 1999/94/1424
f 2076/225/1428 2075/229/1427 1999/94/1424
f 2076/225/1428 1999/94/1424 1998/97/1429
f 2077/221/1430 2076/225/1428 1998/97/1429
f 2077/221/1430 1998/97/1429 1997/98/1431
f 2078/216/1432 2077/221/1430 1997/98/1431
f 2078/216/1432 1997/98/1431 1996/100/1433
f 2079/212/1434 2078/216/1432 1996/100/1433
f 2079/212/1434 1996/100/1433 1995/102/1435
f 2080/208/1436 2079/212/1434 1995/102/1435
f 2080/208/1436 1995/102/1435 1994/103/1437
f 2081/204/1438 2080/208/1436 1994/103/1437
f 2099/149/1439 2098/162/1440 2097/165/1441
f 2082/200/1442 2081/204/1438 1994/103/1437
f 2082/200/1442 1994/103/1437 1993/105/1443
f 2099/149/1439 2097/165/1441 2096/167/1444
f 2099/149/1439 2096/167/1444 2095/169/1445
f 2099/149/1439 2095/169/1445 2094/171/1446
f 2083/196/1447 2082/200/1442 1993/105/1443
f 2099/149/1439 2094/171/1446 2093/173/1448
f 2083/196/1447 1993/105/1443 1992/107/1449
f 2099/149/1439 2093/173/1448 2092/175/1450
f 2100/148/1451 2099/149/1439 2092/175/1450
f 2101/146/1452 2100/148/1451 2092/175/1450
f 2101/146/1452 2092/175/1450 2091/177/1453
f 2084/193/1454 2083/196/1447 1992/107/1449
f 2102/145/1455 2101/146/1452 2091/177/1453
f 2084/193/1454 1992/107/1449 1991/109/1456
f 2102/145/1455 2091/177/1453 2090/180/1457
f 2103/143/1458 2102/145/1455 2090/180/1457
f 2103/143/1458 2090/180/1457 2089/182/1459
f 2085/190/1460 2084/193/1454 1991/109/1456
f 2104/141/1461 2103/143/1458 2089/182/1459
f 2104/141/1461 2089/182/1459 2088/184/1462
f 2085/190/1460 1991/109/1456 1990/111/1463
f 2104/141/1461 2088/184/1462 2087/186/1464
f 2105/138/1465 2104/141/1461 2087/186/1464
f 2086/188/1466 2085/190/1460 1990/111/1463
f 2105/138/1465 2087/186/1464 2086/188/1466
f 2106/136/1467 2105/138/1465 2086/188/1466
f 2086/188/1466 1990/111/1463 1989/113/1468
f 2106/136/1467 2086/188/1466 1989/113/1468
f 2107/133/1469 2106/136/1467 1989/113/1468
f 2107/133/1469 1989/113/1468 1988/115/1470
f 2108/131/1471 2107/133/1469 1988/115/1470
f 2109/129/1472 2108/131/1471 1988/115/1470
f 2109/129/1472 1988/115/1470 1987/117/1473
f 2110/64/1474 2109/129/1472 1987/117/1473
f 2110/64/1474 1987/117/1473 1986/118/1475
f 1963/65/1476 2110/64/1474 1986/118/1475
f 1963/65/1476 1986/118/1475 1985/119/1477
f 1964/91/1478 1963/65/1476 1985/119/1477
f 1964/91/1478 1985/119/1477 1984/120/1479
f 1965/90/1480 1964/91/1478 1984/120/1479
f 1965/90/1480 1984/120/1479 1983/121/1481
f 1966/92/1482 1965/90/1480 1983/121/1481
f 1966/92/1482 1983/121/1481 1982/122/1483
f 1967/96/1484 1966/92/1482 1982/122/1483
f 1967/96/1484 1982/122/1483 1981/123/1485
f 1968/99/1486 1967/96/1484 1981/123/1485
f 1968/99/1486 1981/123/1485 1980/124/1487
f 1969/101/1488 1968/99/1486 1980/124/1487
f 1969/101/1488 1980/124/1487 1979/125/1489
f 1969/101/1488 1979/125/1489 1978/126/1490
f 1970/104/1491 1969/101/1488 1978/126/1490
f 1970/104/1491 1978/126/1490 1977/127/1492
f 1971/106/1493 1970/104/1491 1977/127/1492
f 1971/106/1493 1977/127/1492 1976/116/1494
f 1972/108/1495 1971/106/1493 1976/116/1494
f 1972/108/1495 1976/116/1494 1973/110/1496
f 1973/110/1496 1976/116/1494 1974/112/1497
f 1974/112/1497 1976/116/1494 1975/114/1498
f 2113/90/835 2112/91/836 2111/65/1499
f 2114/92/1500 2113/90/835 2111/65/1499
f 2149/93/1501 2148/95/840 2147/94/1336
f 2115/96/842 2114/92/1500 2111/65/1499
f 2149/93/1501 2147/94/1336 2146/97/843
f 2149/93/1501 2146/97/843 2145/98/844
f 2116/99/845 2115/96/842 2111/65/1499
f 2149/93/1501 2145/98/844 2144/100/1502
f 2117/101/847 2116/99/845 2111/65/1499
f 2149/93/1501 2144/100/1502 2143/102/848
f 2149/93/1501 2143/102/848 2142/103/849
f 2118/104/850 2117/101/847 2111/65/1499
f 2149/93/1501 2142/103/849 2141/105/851
f 2119/106/852 2118/104/850 2111/65/1499
f 2149/93/1501 2141/105/851 2140/107/853
f 2120/108/854 2119/106/852 2111/65/1499
f 2149/93/1501 2140/107/853 2139/109/855
f 2121/110/856 2120/108/854 2111/65/1499
f 2149/93/1501 2139/109/855 2138/111/857
f 2122/112/858 2121/110/856 2111/65/1499
f 2149/93/1501 2138/111/857 2137/113/859
f 2123/114/860 2122/112/858 2111/65/1499
f 2149/93/1501 2137/113/859 2136/115/861
f 2124/116/862 2123/114/860 2111/65/1499
f 2149/93/1501 2136/115/861 2135/117/863
f 2149/93/1501 2135/117/863 2134/118/863
f 2149/93/1501 2134/118/863 2133/119/863
f 2149/93/1501 2133/119/863 2132/120/863
f 2149/93/1501 2132/120/863 2131/121/863
f 2149/93/1501 2131/121/863 2130/122/863
f 2149/93/1501 2130/122/863 2129/123/863
f 2149/93/1501 2129/123/863 2128/124/863
f 2149/93/1501 2128/124/863 2127/125/863
f 2149/93/1501 2127/125/863 2126/126/863
f 2149/93/1501 2126/126/863 2125/127/863
f 2149/93/1501 2125/127/863 2124/116/862
f 2149/93/1501 2124/116/862 2111/65/1499
f 2149/93/1501 2111/65/1499 2150/128/1503
f 2150/128/1503 2111/65/1499 2257/64/1504
f 2150/128/1503 2257/64/1504 2256/129/1505
f 2150/128/1503 2256/129/1505 2151/130/1506
f 2151/130/1506 2256/129/1505 2255/131/1507
f 2151/130/1506 2255/131/1507 2152/132/1508
f 2152/132/1508 2255/131/1507 2254/133/1342
f 2152/132/1508 2254/133/1342 2153/134/1509
f 2153/134/1509 2254/133/1342 2154/135/872
f 2154/135/872 2254/133/1342 2253/136/1345
f 2154/135/872 2253/136/1345 2155/137/874
f 2155/137/874 2253/136/1345 2252/138/1346
f 2155/137/874 2252/138/1346 2156/139/1347
f 2156/139/1347 2252/138/1346 2157/140/1510
f 2157/140/1510 2252/138/1346 2251/141/1349
f 2157/140/1510 2251/141/1349 2158/142/879
f 2158/142/879 2251/141/1349 2250/143/880
f 2158/142/879 2250/143/880 2159/144/1511
f 2159/144/1511 2250/143/880 2249/145/1512
f 2159/144/1511 2249/145/1512 2248/146/1513
f 2159/144/1511 2248/146/1513 2160/147/1514
f 2160/147/1514 2248/146/1513 2247/148/1515
f 2160/147/1514 2247/148/1515 2246/149/886
f 2160/147/1514 2246/149/886 2161/150/1355
f 2161/150/1355 2246/149/886 2163/151/748
f 2163/151/748 2246/149/886 2164/152/748
f 2164/152/748 2246/149/886 2165/153/748
f 2165/153/748 2246/149/886 2166/154/748
f 2166/154/748 2246/149/886 2167/156/748
f 2167/156/748 2246/149/886 2168/157/748
f 2168/157/748 2246/149/886 2170/159/748
f 2170/159/748 2246/149/886 2172/161/1516
f 2172/161/1516 2246/149/886 2245/162/890
s 0
f 2162/163/133 2161/150/1517 2163/151/748
s 1
f 1038/155/748 2166/154/748 1039/156/133
s 0
f 2169/158/133 2168/157/748 2170/159/748
s 1
f 2171/160/1425 2170/159/748 2172/161/1516
f 2173/164/891 2172/161/1516 2245/162/890
f 2173/164/891 2245/162/890 2244/165/892
f 2174/166/1358 2173/164/891 2244/165/892
f 2174/166/1358 2244/165/892 2243/167/894
f 2175/168/895 2174/166/1358 2243/167/894
f 2175/168/895 2243/167/894 2242/169/896
f 2176/170/897 2175/168/895 2242/169/896
f 2176/170/897 2242/169/896 2241/171/898
f 2177/172/899 2176/170/897 2241/171/898
f 2177/172/899 2241/171/898 2240/173/1518
f 2178/174/1359 2177/172/899 2240/173/1518
f 2178/174/1359 2240/173/1518 2239/175/902
f 2179/176/1519 2178/174/1359 2239/175/902
f 2179/176/1519 2239/175/902 2238/177/904
f 2180/178/905 2179/176/1519 2238/177/904
f 2181/179/1361 2180/178/905 2238/177/904
f 2181/179/1361 2238/177/904 2237/180/907
f 2182/181/908 2181/179/1361 2237/180/907
f 2182/181/908 2237/180/907 2236/182/909
f 2183/183/910 2182/181/908 2236/182/909
f 2183/183/910 2236/182/909 2235/184/1362
f 2184/185/912 2183/183/910 2235/184/1362
f 2184/185/912 2235/184/1362 2234/186/913
f 2185/187/914 2184/185/912 2234/186/913
f 2185/187/914 2234/186/913 2233/188/915
f 2186/189/916 2185/187/914 2233/188/915
f 2186/189/916 2233/188/915 2232/190/917
f 2187/191/918 2186/189/916 2232/190/917
f 2187/191/918 2232/190/917 2209/192/1365
f 2209/192/1365 2232/190/917 2231/193/920
f 2187/191/918 2209/192/1365 2208/194/921
f 2210/195/922 2209/192/1365 2231/193/920
f 2210/195/922 2231/193/920 2230/196/923
f 2188/197/924 2187/191/918 2208/194/921
f 2211/198/925 2210/195/922 2230/196/923
f 2188/197/924 2208/194/921 2207/199/926
f 2211/198/925 2230/196/923 2229/200/927
f 2189/201/928 2188/197/924 2207/199/926
f 2212/202/929 2211/198/925 2229/200/927
f 2189/201/928 2207/199/926 2206/203/930
f 2212/202/929 2229/200/927 2228/204/931
f 2190/205/932 2189/201/928 2206/203/930
f 2213/206/933 2212/202/929 2228/204/931
f 2190/205/932 2206/203/930 2205/207/934
f 2213/206/933 2228/204/931 2227/208/935
f 2191/209/936 2190/205/932 2205/207/934
f 2214/210/937 2213/206/933 2227/208/935
f 2191/209/936 2205/207/934 2204/211/938
f 2214/210/937 2227/208/935 2226/212/1366
f 2192/213/940 2191/209/936 2204/211/938
f 2215/214/941 2214/210/937 2226/212/1366
f 2192/213/940 2204/211/938 2203/215/942
f 2215/214/941 2226/212/1366 2225/216/943
f 2193/217/944 2192/213/940 2203/215/942
f 2216/218/1520 2215/214/941 2225/216/943
f 2193/217/944 2203/215/942 2202/219/946
f 2194/220/947 2193/217/944 2202/219/946
f 2216/218/1520 2225/216/943 2224/221/948
f 2217/222/949 2216/218/1520 2224/221/948
f 2194/220/947 2202/219/946 2201/223/950
f 2195/224/951 2194/220/947 2201/223/950
f 2217/222/949 2224/221/948 2223/225/1367
f 2218/226/953 2217/222/949 2223/225/1367
f 2196/227/954 2195/224/951 2201/223/950
f 2196/227/954 2201/223/950 2200/228/1368
f 2218/226/953 2223/225/1367 2222/229/956
f 2197/230/957 2196/227/954 2200/228/1368
f 2219/231/958 2218/226/953 2222/229/956
f 2197/230/957 2200/228/1368 2199/232/959
f 2219/231/958 2222/229/956 2220/233/960
f 2220/233/960 2222/229/956 2221/234/961
f 2197/230/957 2199/232/959 2198/235/962
f 65/2/2 1195/3/757 66/3/3
f 57/17/17 1187/15/770 58/15/15
f 73/16/16 1203/18/773 74/18/18
f 82/31/27 1210/30/782 1211/31/782
f 49/35/31 1179/33/785 50/33/30
f 42/49/44 1170/51/801 1171/49/799
f 34/55/49 1162/53/802 1163/55/804
f 89/64/27 1130/65/810 1/65/55
f 1/65/55 1131/66/811 2/66/56
f 25/67/57 1155/42/792 26/42/37
f 18/80/70 1146/82/827 1147/80/825
f 9/81/71 1139/83/828 10/83/73
f 121/103/94 1251/102/848 122/102/93
f 97/104/95 1227/106/852 98/106/97
f 113/118/108 1243/117/863 114/117/108
f 105/126/108 1235/125/863 106/125/108
f 129/128/109 1259/130/867 130/130/112
f 233/136/118 1363/133/870 234/133/115
f 137/142/124 1267/144/881 138/144/126
f 145/154/133 1275/155/888 146/155/133
f 225/162/135 1355/149/886 226/149/131
f 153/164/137 1283/166/893 154/166/139
f 217/180/153 1347/177/904 218/177/150
f 161/179/152 1291/181/908 162/181/154
f 209/200/173 1339/196/923 210/196/169
f 169/201/174 1299/205/932 170/205/178
f 185/207/180 1315/203/930 186/203/176
f 193/206/179 1323/210/937 194/210/183
f 201/234/207 1331/229/956 202/229/202
f 177/230/203 1307/235/962 178/235/208
f 297/246/219 1427/248/975 298/248/221
f 313/249/222 1443/247/974 314/247/220
f 305/262/235 1435/263/990 306/263/236
f 321/265/238 1451/266/993 322/266/239
f 329/273/246 1459/274/1001 330/274/247
f 281/279/252 1411/280/1007 282/280/253
f 289/287/260 1419/288/1015 290/288/261
f 265/295/270 1395/293/1022 266/293/268
f 273/308/283 1403/310/1039 274/310/285
f 337/311/286 1467/309/1038 338/309/284
f 241/319/294 1371/320/1049 242/320/295
f 249/327/302 1379/328/1057 250/328/303
f 257/335/310 1387/336/1065 258/336/311
f 354/349/327 1482/347/1079 1483/349/1081
f 466/143/336 1594/359/1093 1595/143/1090
f 361/363/343 1491/365/1100 362/365/346
f 449/368/350 1579/369/1105 450/369/351
f 457/375/358 1587/376/1113 458/376/359
f 441/382/367 1571/229/1120 442/229/366
f 385/389/374 1515/391/1131 386/391/377
f 433/394/380 1563/393/1133 434/393/379
f 377/409/398 1507/406/1149 378/406/395
f 369/407/396 1499/109/1154 370/109/400
f 393/416/407 1523/155/1165 394/155/411
f 425/422/414 1555/420/1166 426/420/412
f 401/431/425 1531/433/1181 402/433/427
f 417/436/431 1547/220/1183 418/220/429
f 409/41/439 1539/444/1195 410/444/441
f 521/447/446 1651/446/1198 522/446/444
f 568/64/445 1650/447/1199 521/447/446
f 561/460/459 1691/458/1211 562/458/457
f 529/461/460 1659/463/1216 530/463/462
f 553/476/475 1683/474/1227 554/474/473
f 538/479/478 1666/477/1230 1667/479/1232
f 545/492/491 1675/490/1243 546/490/489
f 473/65/446 1603/493/1246 474/493/444
f 520/494/445 1602/65/1199 473/65/446
f 513/508/459 1643/506/1211 514/506/457
f 481/507/460 1611/509/1216 482/509/493
f 505/524/475 1635/522/1227 506/522/497
f 489/523/476 1619/525/1249 490/525/478
f 497/539/491 1627/538/1252 498/538/489
f 569/65/503 1699/540/1253 570/540/501
f 681/541/502 1698/65/1254 569/65/503
f 649/549/511 1779/551/1264 650/551/513
f 674/555/517 1802/557/1270 1803/555/1268
f 657/564/527 1787/565/1279 658/565/528
f 665/570/108 1795/569/863 666/569/108
f 641/583/535 1771/582/1285 642/582/534
f 577/590/542 1707/592/1295 578/592/544
f 633/602/551 1763/597/1300 634/597/549
f 585/608/27 1715/610/782 586/610/27
f 625/618/551 1755/616/1302 626/616/551
f 593/623/552 1723/625/1306 594/625/554
f 617/633/562 1747/631/1312 618/631/560
f 601/642/572 1731/644/1326 602/644/574
f 609/639/569 1739/651/1333 610/651/581
f 689/92/583 1819/96/842 690/96/87
f 721/97/88 1851/94/1336 722/94/585
f 714/109/100 1842/111/857 1843/109/855
f 697/112/103 1827/114/860 698/114/105
f 705/122/108 1835/121/863 706/121/108
f 729/135/590 1859/137/874 730/137/591
f 825/145/127 1955/143/1350 826/143/595
f 745/158/133 1875/159/748 746/159/133
f 737/163/133 1867/151/748 738/151/133
f 817/171/144 1947/169/896 818/169/142
f 753/172/145 1883/174/1359 754/174/147
f 809/188/603 1939/186/913 810/186/159
f 761/187/160 1891/189/1364 762/189/162
f 785/192/165 1915/195/922 786/195/168
f 801/216/189 1931/212/1366 802/212/605
f 769/217/190 1899/220/947 770/220/193
f 777/223/196 1907/219/946 778/219/192
f 793/222/195 1923/226/953 794/226/199
f 889/154/623 2019/155/1385 890/155/625
f 913/201/626 2043/205/1384 914/205/624
f 905/179/108 2035/181/863 906/181/108
f 898/166/108 2026/164/863 2027/166/863
f 922/235/638 2050/230/1370 2051/235/1398
f 929/207/645 2059/203/1406 930/203/646
f 881/142/648 2011/144/1407 882/144/647
f 873/128/658 2003/130/1417 874/130/657
f 937/206/133 2067/210/748 938/210/133
f 945/234/662 2075/229/1427 946/229/664
f 865/103/674 1995/102/1435 866/102/672
f 969/162/678 2099/149/1439 970/149/676
f 954/196/684 2082/200/1442 2083/196/1447
f 961/180/694 2091/177/1453 962/177/690
f 977/136/704 2107/133/1469 978/133/706
f 857/118/712 1987/117/1473 858/117/710
f 849/126/727 1979/125/1489 850/125/726
f 841/104/728 1971/106/1493 842/106/730
f 985/92/583 2115/96/842 986/96/87
f 1017/97/88 2147/94/1336 1018/94/585
f 1009/111/102 2139/109/855 1010/109/100
f 993/112/103 2123/114/860 994/114/105
f 1001/122/108 2131/121/863 1002/121/108
f 1025/135/590 2155/137/874 1026/137/591
f 1121/145/127 2250/143/880 1122/143/125
f 1033/163/133 2163/151/748 1034/151/133
f 1041/158/133 2170/159/748 1042/159/133
f 1113/171/144 2242/169/896 1114/169/142
f 1049/172/145 2178/174/1359 1050/174/749
f 1105/188/603 2234/186/913 1106/186/159
f 1057/187/160 2186/189/916 1058/189/751
f 1081/192/165 2210/195/922 1082/195/168
f 1097/216/753 2226/212/1366 1098/212/185
f 1065/217/190 2194/220/947 1066/220/193
f 1073/223/755 2202/219/946 1074/219/192
f 1090/226/199 2217/222/949 2218/226/953
f 66/3/3 1196/1/756 67/1/1
f 58/15/15 1188/13/768 59/13/13
f 74/18/18 1204/20/775 75/20/20
f 50/33/30 1180/32/784 51/32/29
f 82/31/27 1212/34/782 83/34/27
f 26/42/37 1156/40/790 27/40/35
f 42/49/44 1172/46/796 43/46/41
f 34/55/49 1164/56/805 35/56/50
f 2/66/56 1132/69/814 3/69/59
f 18/80/70 1148/78/823 19/78/68
f 10/83/73 1140/85/830 11/85/75
f 90/65/81 1220/91/836 91/91/82
f 122/102/93 1252/100/846 123/100/91
f 98/106/97 1228/108/854 99/108/99
f 114/117/108 1244/115/861 115/115/106
f 106/125/108 1236/124/863 107/124/108
f 237/64/110 1219/65/837 90/65/81
f 130/130/112 1260/132/869 131/132/114
f 234/133/115 1364/131/868 235/131/113
f 138/144/126 1268/147/884 139/147/129
f 226/149/131 1356/148/885 227/148/130
f 146/155/133 1276/156/888 147/156/133
f 154/166/139 1284/168/895 155/168/141
f 218/177/150 1348/175/902 219/175/148
f 162/181/154 1292/183/910 163/183/156
f 210/196/169 1340/193/920 211/193/166
f 186/203/176 1316/199/926 187/199/172
f 170/205/178 1300/209/936 171/209/182
f 194/210/183 1324/214/941 195/214/187
f 202/229/202 1332/225/952 203/225/198
f 178/235/208 1308/232/959 179/232/205
f 314/247/220 1444/245/972 315/245/218
f 298/248/221 1428/250/977 299/250/223
f 306/263/236 1436/261/988 307/261/234
f 322/266/239 1452/267/994 323/267/240
f 330/274/247 1460/275/1002 331/275/248
f 282/280/253 1412/281/1008 283/281/254
f 290/288/261 1420/289/1016 291/289/262
f 266/293/268 1396/296/1025 267/296/271
f 338/309/284 1468/307/1036 339/307/282
f 274/310/285 1404/312/1041 275/312/287
f 242/320/295 1372/321/1050 243/321/296
f 250/328/303 1380/329/1058 251/329/304
f 258/336/311 1388/337/1066 259/337/312
f 346/65/318 1476/343/1072 347/343/319
f 472/64/324 1475/65/1073 346/65/318
f 354/349/327 1484/351/1083 355/351/329
f 466/143/336 1596/356/1088 467/356/334
f 450/369/351 1580/370/1106 451/370/352
f 458/376/359 1588/377/1114 459/377/360
f 363/378/361 1491/365/1100 1492/378/1115
f 442/229/366 1572/381/1119 443/381/365
f 434/393/379 1564/392/1132 435/392/378
f 386/391/377 1516/396/1137 387/396/383
f 379/404/392 1507/406/1149 1508/404/1146
f 370/109/400 1500/413/1158 371/413/404
f 426/420/412 1556/415/1160 427/415/406
f 394/155/411 1524/421/1167 395/421/413
f 402/433/427 1532/434/1182 403/434/428
f 418/220/429 1548/432/1180 419/432/426
f 410/444/441 1540/445/1197 411/445/443
f 522/446/444 1652/449/1202 523/449/448
f 562/458/457 1692/456/1209 563/456/455
f 530/463/462 1660/465/1218 531/465/464
f 554/474/473 1684/472/1225 555/472/471
f 538/479/478 1668/481/1234 539/481/480
f 546/490/489 1676/488/1241 547/488/487
f 475/495/492 1603/493/1246 1604/495/1202
f 514/506/457 1644/504/1209 515/504/455
f 483/511/464 1611/509/1216 1612/511/1218
f 507/520/496 1635/522/1227 1636/520/1225
f 490/525/478 1620/527/1234 491/527/498
f 498/538/489 1628/536/1241 499/536/487
f 651/554/516 1779/551/1264 1780/554/1267
f 674/555/517 1804/553/1266 675/553/515
f 666/569/108 1796/568/863 667/568/108
f 658/565/528 1788/576/863 659/576/108
f 570/540/501 1700/577/1280 571/577/529
f 642/582/534 1772/580/1283 643/580/532
f 578/592/544 1708/594/1297 579/594/546
f 634/597/549 1764/595/1298 635/595/547
f 683/600/250 1811/603/1018 1812/600/1004
f 586/610/27 1716/612/782 587/612/27
f 626/616/551 1756/41/1302 627/41/551
f 685/64/263 1811/603/1018 682/603/264
f 594/625/554 1724/627/1308 595/627/556
f 618/631/560 1748/630/1311 619/630/559
f 602/644/574 1732/646/1328 603/646/576
f 610/651/581 1740/649/1331 611/649/579
f 722/94/585 1852/95/840 723/95/86
f 690/96/87 1820/99/845 691/99/586
f 714/109/100 1844/107/853 715/107/98
f 698/114/105 1828/116/862 699/116/107
f 706/121/108 1836/120/863 707/120/108
f 730/137/591 1860/139/1347 731/139/121
f 826/143/595 1956/141/1349 827/141/593
f 739/152/133 1867/151/748 1868/152/748
f 746/159/133 1876/160/748 747/160/133
f 818/169/142 1948/167/894 819/167/599
f 755/176/601 1883/174/1359 1884/176/1360
f 810/186/159 1940/184/1362 811/184/602
f 762/189/162 1892/191/918 763/191/164
f 786/195/168 1916/198/925 787/198/171
f 802/212/605 1932/208/935 803/208/181
f 778/219/192 1908/215/942 779/215/188
f 770/220/193 1900/224/951 771/224/197
f 794/226/199 1924/231/958 795/231/609
f 914/205/624 2044/209/1382 915/209/622
f 890/155/625 2020/156/1387 891/156/627
f 906/181/108 2036/183/863 907/183/108
f 898/166/108 2028/168/863 899/168/108
f 922/235/638 2052/232/1399 923/232/639
f 883/147/614 2011/144/1407 2012/147/1375
f 930/203/646 2060/199/1409 931/199/649
f 874/130/657 2004/132/1416 875/132/656
f 938/210/133 2068/214/748 939/214/133
f 946/229/664 2076/225/1428 947/225/665
f 866/102/672 1996/100/1433 867/100/670
f 970/149/676 2100/148/1451 971/148/688
f 963/175/687 2091/177/1453 2092/175/1450
f 954/196/684 2084/193/1454 955/193/691
f 978/133/706 2108/131/1471 979/131/708
f 858/117/710 1988/115/1470 859/115/707
f 981/64/711 1963/65/1476 834/65/713
f 834/65/713 1964/91/1478 835/91/715
f 850/125/726 1980/124/1487 851/124/724
f 842/106/730 1972/108/1495 843/108/732
f 1018/94/585 2148/95/840 1019/95/86
f 986/96/87 2116/99/845 987/99/90
f 1010/109/100 2140/107/853 1011/107/98
f 994/114/105 2124/116/862 995/116/107
f 1002/121/108 2132/120/863 1003/120/108
f 1026/137/591 2156/139/1347 1027/139/121
f 1122/143/125 2251/141/1349 1123/141/745
f 1034/151/133 2164/152/748 1035/152/133
f 1042/159/133 2171/160/1425 1043/160/133
f 1114/169/142 2243/167/894 1115/167/599
f 1050/174/749 2179/176/1519 1051/176/149
f 1106/186/159 2235/184/1362 1107/184/602
f 1059/191/164 2186/189/916 2187/191/918
f 1082/195/168 2211/198/925 1083/198/171
f 1098/212/185 2227/208/935 1099/208/181
f 1074/219/192 2203/215/942 1075/215/188
f 1066/220/193 2195/224/951 1067/224/197
f 1090/226/199 2219/231/958 1091/231/609
f 67/1/1 1197/6/761 68/6/6
f 59/13/13 1189/11/766 60/11/11
f 75/20/20 1205/22/777 76/22/22
f 51/32/29 1181/28/783 52/28/28
f 83/34/27 1213/39/782 84/39/27
f 28/43/38 1156/40/790 1157/43/793
f 43/46/41 1173/44/794 44/44/39
f 35/56/50 1165/57/806 36/57/51
f 3/69/59 1133/71/816 4/71/61
f 19/78/68 1149/76/821 20/76/66
f 11/85/75 1141/87/832 12/87/77
f 91/91/82 1221/90/835 92/90/80
f 123/100/91 1253/98/844 124/98/89
f 99/108/99 1229/110/856 100/110/101
f 115/115/106 1245/113/859 116/113/104
f 107/124/108 1237/123/863 108/123/108
f 235/131/113 1365/129/866 236/129/111
f 131/132/114 1261/134/871 132/134/116
f 227/148/130 1357/146/883 228/146/128
f 139/147/129 1269/150/887 140/150/132
f 147/156/133 1277/157/888 148/157/133
f 155/168/141 1285/170/897 156/170/143
f 219/175/148 1349/173/900 220/173/146
f 164/185/158 1292/183/910 1293/185/912
f 211/193/166 1341/190/917 212/190/163
f 188/194/167 1316/199/926 1317/194/921
f 171/209/182 1301/213/940 172/213/186
f 195/214/187 1325/218/945 196/218/191
f 203/225/198 1333/221/948 204/221/194
f 179/232/205 1309/228/955 180/228/201
f 315/245/218 1445/243/970 316/243/216
f 299/250/223 1429/252/979 300/252/225
f 307/261/234 1437/259/986 308/259/232
f 323/267/240 1453/268/995 324/268/241
f 331/275/248 1461/276/1003 332/276/249
f 283/281/254 1413/282/1009 284/282/255
f 291/289/262 1421/240/968 292/240/213
f 267/296/271 1397/298/1027 268/298/273
f 340/305/280 1468/307/1036 1469/305/1034
f 275/312/287 1405/314/1043 276/314/289
f 243/321/296 1373/322/1051 244/322/297
f 251/329/304 1381/330/1059 252/330/305
f 259/337/312 1389/338/1067 260/338/313
f 347/343/319 1477/342/1071 348/342/317
f 355/351/329 1485/353/1085 356/353/331
f 467/356/334 1597/354/1086 468/354/332
f 451/370/352 1581/371/1107 452/371/353
f 459/377/360 1589/167/1099 460/167/345
f 363/378/361 1493/120/1117 364/120/363
f 443/381/365 1573/380/1118 444/380/364
f 435/392/378 1565/214/1129 436/214/375
f 387/396/383 1517/147/1140 388/147/386
f 379/404/392 1509/400/1142 380/400/388
f 427/415/406 1557/411/1156 428/411/402
f 371/413/404 1501/418/1163 372/418/409
f 395/421/413 1525/423/1169 396/423/415
f 419/432/426 1549/430/1178 420/430/424
f 403/434/428 1533/435/1184 404/435/430
f 411/445/443 1541/191/1196 412/191/442
f 523/449/448 1653/451/1204 524/451/450
f 563/456/455 1693/454/1207 564/454/453
f 531/465/464 1661/467/1220 532/467/466
f 555/472/471 1685/471/1224 556/471/470
f 539/481/480 1669/483/1236 540/483/482
f 547/488/487 1677/486/1239 548/486/485
f 475/495/492 1605/497/1248 476/497/450
f 515/504/455 1645/502/1207 516/502/453
f 483/511/464 1613/513/1220 484/513/466
f 507/520/496 1637/518/1224 508/518/470
f 491/527/498 1621/529/1236 492/529/482
f 499/536/487 1629/534/1239 500/534/500
f 675/553/515 1805/552/1265 676/552/514
f 651/554/516 1781/556/1269 652/556/518
f 667/568/108 1797/567/863 668/567/108
f 659/576/108 1789/575/863 660/575/108
f 571/577/529 1701/579/1282 572/579/531
f 643/580/532 1773/578/1281 644/578/530
f 635/595/547 1765/593/1296 636/593/545
f 579/594/546 1709/596/1299 580/596/548
f 683/600/250 1813/601/1003 684/601/249
f 587/612/27 1717/614/782 588/614/27
f 627/41/551 1757/613/1302 628/613/551
f 595/627/556 1725/629/1310 596/629/558
f 619/630/559 1749/628/1309 620/628/557
f 603/646/576 1733/648/1330 604/648/578
f 611/649/579 1741/647/1329 612/647/577
f 723/95/86 1853/93/839 724/93/584
f 691/99/586 1821/101/847 692/101/92
f 715/107/98 1845/105/851 716/105/96
f 707/120/108 1837/119/863 708/119/108
f 699/116/107 1829/127/863 700/127/108
f 731/139/121 1861/140/1348 732/140/122
f 827/141/593 1957/138/1346 828/138/592
f 739/152/133 1869/153/748 740/153/133
f 747/160/133 1877/161/1356 748/161/134
f 819/167/599 1949/165/892 820/165/138
f 755/176/601 1885/178/905 756/178/151
f 811/184/602 1941/182/909 812/182/155
f 763/191/164 1893/197/924 764/197/170
f 787/198/171 1917/202/929 788/202/175
f 803/208/181 1933/204/931 804/204/177
f 779/215/188 1909/211/938 780/211/184
f 771/224/197 1901/227/954 772/227/200
f 795/231/609 1925/233/960 796/233/206
f 883/147/614 2013/150/1374 884/150/615
f 915/209/622 2045/213/1380 916/213/620
f 892/157/629 2020/156/1387 2021/157/1389
f 907/183/108 2037/185/1396 908/185/636
f 899/168/108 2029/170/863 900/170/108
f 923/232/639 2053/228/1400 924/228/640
f 931/199/649 2061/194/1414 932/194/654
f 875/132/656 2005/134/1415 876/134/655
f 939/214/133 2069/218/748 940/218/133
f 947/225/665 2077/221/1430 948/221/667
f 867/100/670 1997/98/1431 868/98/668
f 963/175/687 2093/173/1448 964/173/685
f 971/148/688 2101/146/1452 972/146/689
f 955/193/691 2085/190/1460 956/190/697
f 859/115/707 1989/113/1468 860/113/705
f 979/131/708 2109/129/1472 980/129/709
f 835/91/715 1965/90/1480 836/90/717
f 851/124/724 1981/123/1485 852/123/722
f 844/110/733 1972/108/1495 1973/110/1496
f 1020/93/584 2148/95/840 2149/93/1501
f 987/99/90 2117/101/847 988/101/92
f 1011/107/98 2141/105/851 1012/105/96
f 1003/120/108 2133/119/863 1004/119/108
f 995/116/107 2125/127/863 996/127/108
f 1027/139/121 2157/140/1510 1028/140/744
f 1123/141/745 2252/138/1346 1124/138/743
f 1035/152/133 2165/153/748 1036/153/133
f 1044/161/134 2171/160/1425 2172/161/1516
f 1115/167/599 2244/165/892 1116/165/138
f 1052/178/151 2179/176/1519 2180/178/905
f 1107/184/602 2236/182/909 1108/182/155
f 1059/191/164 2188/197/924 1060/197/170
f 1083/198/171 2212/202/929 1084/202/175
f 1099/208/181 2228/204/931 1100/204/177
f 1075/215/188 2204/211/938 1076/211/184
f 1067/224/197 2196/227/954 1068/227/200
f 1091/231/609 2220/233/960 1092/233/206
f 68/6/6 1198/8/763 69/8/8
f 60/11/11 1190/9/764 61/9/9
f 76/22/22 1206/24/779 77/24/24
f 52/28/28 1182/25/780 53/25/25
f 44/44/39 1174/41/791 45/41/36
f 28/43/38 1158/45/795 29/45/40
f 84/39/27 1214/52/782 85/52/27
f 36/57/51 1166/58/807 37/58/52
f 4/71/61 1134/73/818 5/73/63
f 20/76/66 1150/74/819 21/74/64
f 12/87/77 1142/89/834 13/89/79
f 92/90/80 1222/92/838 93/92/83
f 124/98/89 1254/97/843 125/97/88
f 100/110/101 1230/112/858 101/112/103
f 116/113/104 1246/111/857 117/111/102
f 109/122/108 1237/123/863 1238/122/863
f 236/129/111 1366/64/865 237/64/110
f 132/134/116 1262/135/872 133/135/117
f 228/146/128 1358/145/882 229/145/127
f 148/157/133 1278/158/888 149/158/133
f 140/150/132 1270/163/133 141/163/133
f 156/170/143 1286/172/899 157/172/145
f 220/173/146 1350/171/898 221/171/144
f 164/185/158 1294/187/914 165/187/160
f 212/190/163 1342/188/915 213/188/161
f 188/194/167 1318/192/919 189/192/165
f 172/213/186 1302/217/944 173/217/190
f 204/221/194 1334/216/943 205/216/189
f 196/218/191 1326/222/949 197/222/195
f 180/228/201 1310/223/950 181/223/196
f 292/240/213 1422/241/967 293/241/214
f 316/243/216 1446/237/965 317/237/210
f 300/252/225 1430/254/981 301/254/227
f 308/259/232 1438/257/984 309/257/230
f 324/268/241 1454/269/996 325/269/242
f 284/282/255 1414/283/1010 285/283/256
f 332/276/249 1462/290/1017 333/290/263
f 268/298/273 1398/300/1029 269/300/275
f 340/305/280 1470/303/1032 341/303/278
f 276/314/289 1406/316/1045 277/316/291
f 244/322/297 1374/323/1052 245/323/298
f 252/330/305 1382/331/1060 253/331/306
f 260/338/313 1390/339/1068 261/339/314
f 348/342/317 1478/344/1074 349/344/320
f 468/354/332 1598/352/1084 469/352/330
f 356/353/331 1486/355/1087 357/355/333
f 461/364/344 1589/167/1099 1590/364/1098
f 452/371/353 1582/372/1108 453/372/354
f 444/380/364 1574/379/1116 445/379/362
f 364/120/363 1494/386/1125 365/386/371
f 436/214/375 1566/388/1127 437/388/373
f 381/398/385 1509/400/1142 1510/398/1139
f 388/147/386 1518/402/1144 389/402/390
f 428/411/402 1558/408/1151 429/408/397
f 372/418/409 1502/419/1164 373/419/410
f 396/423/415 1526/424/1171 397/424/417
f 420/430/424 1550/429/1176 421/429/422
f 404/435/430 1534/437/1186 405/437/432
f 412/191/442 1542/443/1194 413/443/440
f 525/453/452 1653/451/1204 1654/453/1206
f 565/452/451 1693/454/1207 1694/452/1205
f 533/469/468 1661/467/1220 1662/469/1222
f 557/468/467 1685/471/1224 1686/468/1221
f 540/483/482 1670/485/1238 541/485/484
f 548/486/485 1678/484/1237 549/484/483
f 476/497/450 1606/499/1206 477/499/452
f 516/502/453 1646/500/1205 517/500/451
f 484/513/466 1614/516/1222 485/516/468
f 508/518/470 1638/515/1221 509/515/467
f 492/529/482 1622/531/1238 493/531/484
f 500/534/500 1630/532/1237 501/532/483
f 676/552/514 1806/550/1263 677/550/512
f 652/556/518 1782/558/1271 653/558/520
f 668/567/108 1798/566/863 669/566/108
f 660/575/108 1790/574/863 661/574/108
f 644/578/530 1774/543/1258 645/543/505
f 572/579/531 1702/581/1284 573/581/533
f 637/591/543 1765/593/1296 1766/591/1294
f 580/596/548 1710/598/1301 581/598/550
f 684/601/249 1814/64/1303 685/64/263
f 628/613/551 1758/611/1302 629/611/551
f 588/614/27 1718/615/782 589/615/27
f 620/628/557 1750/626/1307 621/626/555
f 596/629/558 1726/632/1313 597/632/561
f 612/647/577 1742/645/1327 613/645/575
f 604/648/578 1734/650/1332 605/650/580
f 692/101/92 1822/104/850 693/104/95
f 716/105/96 1846/103/849 717/103/94
f 708/119/108 1838/118/863 709/118/108
f 700/127/108 1830/126/863 701/126/108
f 724/93/584 1854/128/1337 725/128/109
f 828/138/592 1958/136/1345 829/136/118
f 732/140/122 1862/142/879 733/142/594
f 740/153/133 1870/154/748 741/154/133
f 748/161/134 1878/164/891 749/164/137
f 820/165/138 1950/162/890 821/162/135
f 756/178/151 1886/179/1361 757/179/152
f 812/182/155 1942/180/907 813/180/153
f 764/197/170 1894/201/928 765/201/174
f 804/204/177 1934/200/927 805/200/173
f 788/202/175 1918/206/933 789/206/179
f 780/211/184 1910/207/934 781/207/180
f 772/227/200 1902/230/957 773/230/608
f 796/233/206 1926/234/961 797/234/207
f 884/150/615 2014/163/1373 885/163/613
f 916/213/620 2046/217/1378 917/217/618
f 892/157/629 2022/158/1391 893/158/631
f 908/185/636 2038/187/1394 909/187/634
f 900/170/108 2030/172/863 901/172/108
f 924/228/640 2054/223/1401 925/223/641
f 876/134/655 2006/135/1413 877/135/653
f 932/194/654 2062/192/1419 933/192/659
f 940/218/133 2070/222/748 941/222/133
f 868/98/668 1998/97/1429 869/97/666
f 948/221/667 2078/216/1432 949/216/669
f 964/173/685 2094/171/1446 965/171/683
f 972/146/689 2102/145/1455 973/145/692
f 956/190/697 2086/188/1466 957/188/703
f 860/113/705 1990/111/1463 861/111/700
f 980/129/709 2110/64/1474 981/64/711
f 836/90/717 1966/92/1482 837/92/719
f 852/123/722 1982/122/1483 853/122/720
f 844/110/733 1974/112/1497 845/112/734
f 988/101/92 2118/104/850 989/104/95
f 1012/105/96 2142/103/849 1013/103/94
f 1004/119/108 2134/118/863 1005/118/108
f 996/127/108 2126/126/863 997/126/108
f 1020/93/584 2150/128/1503 1021/128/109
f 1124/138/743 2253/136/1345 1125/136/118
f 1028/140/744 2158/142/879 1029/142/594
f 1036/153/133 2166/154/748 1037/154/133
f 1044/161/134 2173/164/891 1045/164/137
f 1116/165/138 2245/162/890 1117/162/747
f 1052/178/151 2181/179/1361 1053/179/750
f 1108/182/155 2237/180/907 1109/180/153
f 1060/197/170 2189/201/928 1061/201/174
f 1100/204/177 2229/200/927 1101/200/173
f 1084/202/175 2213/206/933 1085/206/179
f 1076/211/184 2205/207/934 1077/207/180
f 1068/227/200 2197/230/957 1069/230/203
f 1092/233/206 2221/234/961 1093/234/207
f 61/9/9 1191/7/762 62/7/7
f 69/8/8 1199/10/765 70/10/10
f 53/25/25 1183/23/778 54/23/23
f 77/24/24 1207/26/781 78/26/26
f 45/41/36 1175/38/789 46/38/34
f 29/45/40 1159/47/797 30/47/42
f 38/59/53 1166/58/807 1167/59/808
f 85/52/27 1215/61/782 86/61/27
f 21/74/64 1151/72/817 22/72/62
f 5/73/63 1135/75/820 6/75/65
f 13/89/79 1143/88/833 14/88/78
f 93/92/83 1223/96/842 94/96/87
f 125/97/88 1255/94/841 126/94/85
f 117/111/102 1247/109/855 118/109/100
f 101/112/103 1231/114/860 102/114/105
f 109/122/108 1239/121/863 110/121/108
f 133/135/117 1263/137/874 134/137/119
f 229/145/127 1359/143/880 230/143/125
f 149/158/133 1279/159/888 150/159/133
f 141/163/133 1271/151/888 142/151/133
f 221/171/144 1351/169/896 222/169/142
f 157/172/145 1287/174/901 158/174/147
f 213/188/161 1343/186/913 214/186/159
f 166/189/162 1294/187/914 1295/189/916
f 189/192/165 1319/195/922 190/195/168
f 205/216/189 1335/212/939 206/212/185
f 173/217/190 1303/220/947 174/220/193
f 181/223/196 1311/219/946 182/219/192
f 197/222/195 1327/226/953 198/226/199
f 318/238/211 1446/237/965 1447/238/964
f 293/241/214 1423/239/966 294/239/212
f 301/254/227 1431/256/983 302/256/229
f 309/257/230 1439/255/982 310/255/228
f 325/269/242 1455/270/997 326/270/243
f 286/284/257 1414/283/1010 1415/284/1011
f 270/302/277 1398/300/1029 1399/302/1031
f 341/303/278 1471/301/1030 342/301/276
f 333/290/263 1463/317/1046 334/317/292
f 277/316/291 1407/291/1018 278/291/264
f 245/323/298 1375/324/1053 246/324/299
f 253/331/306 1383/332/1061 254/332/307
f 261/339/314 1391/340/1069 262/340/315
f 349/344/320 1479/345/1075 350/345/321
f 469/352/330 1599/350/1082 470/350/328
f 357/355/333 1487/127/1089 358/127/335
f 461/364/344 1591/362/1096 462/362/342
f 453/372/354 1583/182/1109 454/182/355
f 445/379/362 1575/366/1103 446/366/348
f 437/388/373 1567/385/1124 438/385/370
f 366/395/381 1494/386/1125 1495/395/1135
f 381/398/385 1511/134/1136 382/134/382
f 390/405/394 1518/402/1144 1519/405/1148
f 429/408/397 1559/194/1147 430/194/393
f 373/419/410 1503/417/1162 374/417/408
f 397/424/417 1527/426/1173 398/426/419
f 421/429/422 1551/427/1174 422/427/420
f 405/437/432 1535/178/1188 406/178/434
f 413/443/440 1543/441/1191 414/441/437
f 565/452/451 1695/450/1203 566/450/449
f 525/453/452 1655/455/1208 526/455/454
f 557/468/467 1687/466/1219 558/466/465
f 533/469/468 1663/470/1223 534/470/469
f 549/484/483 1679/482/1235 550/482/481
f 541/485/484 1671/487/1240 542/487/486
f 517/500/451 1647/498/1203 518/498/449
f 477/499/452 1607/501/1208 478/501/454
f 509/515/467 1639/514/1219 510/514/465
f 485/516/468 1615/517/1223 486/517/469
f 501/532/483 1631/530/1235 502/530/481
f 493/531/484 1623/533/1240 494/533/499
f 645/543/505 1775/544/1257 646/544/506
f 677/550/512 1807/548/1261 678/548/510
f 653/558/520 1783/560/1273 654/560/522
f 669/566/108 1799/563/1277 670/563/526
f 661/574/108 1791/573/863 662/573/108
f 573/581/533 1703/584/1287 574/584/536
f 637/591/543 1767/589/1292 638/589/541
f 582/599/27 1710/598/1301 1711/599/782
f 629/611/551 1759/609/1302 630/609/551
f 589/615/27 1719/617/782 590/617/27
f 621/626/555 1751/624/1305 622/624/553
f 597/632/561 1727/70/1315 598/70/563
f 613/645/575 1743/643/1325 614/643/573
f 605/650/580 1735/638/1320 606/638/568
f 717/103/94 1847/102/848 718/102/93
f 693/104/95 1823/106/852 694/106/97
f 709/118/108 1839/117/863 710/117/108
f 701/126/108 1831/125/863 702/125/108
f 725/128/109 1855/130/1340 726/130/112
f 829/136/118 1959/133/1342 830/133/115
f 733/142/594 1863/144/881 734/144/126
f 741/154/133 1871/155/748 742/155/133
f 822/149/131 1950/162/890 1951/149/1354
f 749/164/137 1879/166/1358 750/166/598
f 813/180/153 1943/177/904 814/177/150
f 757/179/152 1887/181/908 758/181/154
f 805/200/173 1935/196/923 806/196/169
f 765/201/174 1895/205/932 766/205/178
f 781/207/180 1911/203/930 782/203/176
f 789/206/179 1919/210/937 790/210/183
f 797/234/207 1927/229/1369 798/229/607
f 773/230/608 1903/235/962 774/235/208
f 885/163/613 2015/151/1377 886/151/617
f 917/217/618 2047/220/1376 918/220/616
f 893/158/631 2023/159/1393 894/159/633
f 909/187/634 2039/189/1392 910/189/632
f 901/172/108 2031/174/863 902/174/108
f 925/223/641 2055/219/1402 926/219/642
f 877/135/653 2007/137/1412 878/137/652
f 933/192/659 2063/195/1422 934/195/133
f 941/222/133 2071/226/748 942/226/133
f 869/97/666 1999/94/1424 870/94/663
f 949/216/669 2079/212/1434 950/212/671
f 965/171/683 2095/169/1445 966/169/682
f 973/145/692 2103/143/1458 974/143/695
f 861/111/700 1991/109/1456 862/109/693
f 957/188/703 2087/186/1464 958/186/701
f 853/122/720 1983/121/1481 854/121/718
f 838/96/721 1966/92/1482 1967/96/1484
f 845/112/734 1975/114/1498 846/114/735
f 1013/103/94 2143/102/848 1014/102/93
f 989/104/95 2119/106/852 990/106/97
f 1005/118/108 2135/117/863 1006/117/108
f 997/126/108 2127/125/863 998/125/108
f 1021/128/109 2151/130/1506 1022/130/740
f 1125/136/118 2254/133/1342 1126/133/742
f 1029/142/594 2159/144/1511 1030/144/126
f 1117/162/747 2246/149/886 1118/149/131
f 1045/164/137 2174/166/1358 1046/166/139
f 1109/180/153 2238/177/904 1110/177/150
f 1053/179/750 2182/181/908 1054/181/154
f 1101/200/173 2230/196/923 1102/196/169
f 1061/201/174 2190/205/932 1062/205/178
f 1077/207/180 2206/203/930 1078/203/176
f 1085/206/179 2214/210/937 1086/210/183
f 1093/234/207 2222/229/956 1094/229/202
f 1069/230/203 2198/235/962 1070/235/208
f 62/7/7 1192/5/760 63/5/5
f 70/10/10 1200/12/767 71/12/12
f 54/23/23 1184/21/776 55/21/21
f 78/26/26 1208/27/782 79/27/27
f 46/38/34 1176/37/788 47/37/33
f 30/47/42 1160/48/798 31/48/43
f 38/59/53 1168/60/809 39/60/54
f 86/61/27 1216/62/782 87/62/27
f 22/72/62 1152/70/815 23/70/60
f 7/77/67 1135/75/820 1136/77/822
f 14/88/78 1144/86/831 15/86/76
f 126/94/85 1256/95/840 127/95/86
f 94/96/87 1224/99/845 95/99/90
f 118/109/100 1248/107/853 119/107/98
f 102/114/105 1232/116/862 103/116/107
f 110/121/108 1240/120/863 111/120/108
f 134/137/119 1264/139/876 135/139/121
f 230/143/125 1360/141/878 231/141/123
f 143/152/133 1271/151/888 1272/152/888
f 150/159/133 1280/160/888 151/160/133
f 222/169/142 1352/167/894 223/167/140
f 158/174/147 1288/176/903 159/176/149
f 214/186/159 1344/184/911 215/184/157
f 166/189/162 1296/191/918 167/191/164
f 191/198/171 1319/195/922 1320/198/925
f 207/208/181 1335/212/939 1336/208/935
f 182/219/192 1312/215/942 183/215/188
f 174/220/193 1304/224/951 175/224/197
f 198/226/199 1328/231/958 199/231/204
f 318/238/211 1448/236/963 319/236/209
f 294/239/212 1424/242/969 295/242/215
f 310/255/228 1440/253/980 311/253/226
f 302/256/229 1432/258/985 303/258/231
f 326/270/243 1456/271/998 327/271/244
f 286/284/257 1416/285/1012 287/285/258
f 278/291/264 1408/277/1004 279/277/250
f 238/65/267 1368/292/1019 239/292/265
f 345/64/266 1367/65/1020 238/65/267
f 342/301/276 1472/299/1028 343/299/274
f 270/302/277 1400/304/1033 271/304/279
f 334/317/292 1464/315/1044 335/315/290
f 246/324/299 1376/325/1054 247/325/300
f 254/332/307 1384/333/1062 255/333/308
f 262/340/315 1392/341/1070 263/341/316
f 350/345/321 1480/346/1076 351/346/322
f 470/350/328 1600/348/1080 471/348/326
f 358/127/335 1488/357/1091 359/357/337
f 462/362/342 1592/361/1095 463/361/341
f 446/366/348 1576/367/1102 447/367/349
f 454/182/355 1584/373/1110 455/373/356
f 438/385/370 1568/384/1123 439/384/369
f 382/134/382 1512/390/1130 383/390/376
f 366/395/381 1496/399/1141 367/399/387
f 430/194/393 1560/401/1143 431/401/389
f 390/405/394 1520/410/1153 391/410/399
f 374/417/408 1504/414/1159 375/414/405
f 422/427/420 1552/425/1172 423/425/418
f 398/426/419 1528/428/1175 399/428/421
f 406/178/434 1536/440/1190 407/440/436
f 414/441/437 1544/439/1189 415/439/435
f 566/450/449 1696/448/1201 567/448/447
f 526/455/454 1656/457/1210 527/457/456
f 558/466/465 1688/464/1217 559/464/463
f 534/470/469 1664/473/1226 535/473/472
f 550/482/481 1680/480/1233 551/480/479
f 542/487/486 1672/489/1242 543/489/488
f 518/498/449 1648/496/1201 519/496/447
f 478/501/454 1608/503/1210 479/503/456
f 511/512/495 1639/514/1219 1640/512/1217
f 486/517/469 1616/519/1226 487/519/472
f 502/530/481 1632/528/1233 503/528/479
f 495/535/488 1623/533/1240 1624/535/1242
f 646/544/506 1776/542/1256 647/542/504
f 678/548/510 1808/547/1261 679/547/509
f 654/560/522 1784/562/1275 655/562/524
f 670/563/526 1800/561/1274 671/561/523
f 662/573/108 1792/572/863 663/572/108
f 574/584/536 1704/586/1289 575/586/538
f 638/589/541 1768/587/1290 639/587/539
f 582/599/27 1712/604/782 583/604/27
f 630/609/551 1760/607/1302 631/607/551
f 590/617/27 1720/619/782 591/619/27
f 622/624/553 1752/622/1302 623/622/551
f 598/70/563 1728/636/1318 599/636/566
f 606/638/568 1736/637/1319 607/637/567
f 614/643/573 1744/641/1323 615/641/571
f 687/91/82 1815/65/1334 1816/91/836
f 718/102/93 1848/100/846 719/100/91
f 694/106/97 1824/108/854 695/108/99
f 710/117/108 1840/115/861 711/115/106
f 703/124/108 1831/125/863 1832/124/863
f 833/64/587 1815/65/1334 686/65/582
f 726/130/112 1856/132/869 727/132/114
f 830/133/115 1960/131/1341 831/131/113
f 734/144/126 1864/147/1352 735/147/129
f 822/149/131 1952/148/1353 823/148/597
f 743/156/133 1871/155/748 1872/156/748
f 750/166/598 1880/168/895 751/168/141
f 814/177/150 1944/175/902 815/175/148
f 758/181/154 1888/183/910 759/183/156
f 806/196/169 1936/193/920 807/193/166
f 782/203/176 1912/199/926 783/199/172
f 766/205/178 1896/209/936 767/209/604
f 790/210/183 1920/214/941 791/214/187
f 799/225/198 1927/229/1369 1928/225/1367
f 774/235/208 1904/232/959 775/232/205
f 918/220/616 2048/224/1372 919/224/611
f 886/151/617 2016/152/1379 887/152/619
f 910/189/632 2040/191/1390 911/191/630
f 894/159/633 2024/160/1395 895/160/635
f 902/174/108 2032/176/863 903/176/108
f 926/219/642 2056/215/1403 927/215/643
f 878/137/652 2008/139/1411 879/139/651
f 934/195/133 2064/198/748 935/198/133
f 870/94/663 2000/95/1421 871/95/661
f 942/226/133 2072/231/1425 943/231/133
f 950/212/671 2080/208/1436 951/208/673
f 966/169/682 2096/167/1444 967/167/681
f 862/109/693 1992/107/1449 863/107/686
f 974/143/695 2104/141/1461 975/141/698
f 958/186/701 2088/184/1462 959/184/699
f 854/121/718 1984/120/1479 855/120/716
f 838/96/721 1968/99/1486 839/99/723
f 847/116/731 1975/114/1498 1976/116/1494
f 983/91/737 2111/65/1499 2112/91/836
f 1014/102/93 2144/100/1502 1015/100/91
f 990/106/97 2120/108/854 991/108/99
f 1006/117/108 2136/115/861 1007/115/106
f 998/125/108 2128/124/863 999/124/108
f 1129/64/738 2111/65/1499 982/65/736
f 1022/130/740 2152/132/1508 1023/132/741
f 1126/133/742 2255/131/1507 1127/131/113
f 1030/144/126 2160/147/1514 1031/147/129
f 1118/149/131 2247/148/1515 1119/148/746
f 1046/166/139 2175/168/895 1047/168/141
f 1110/177/150 2239/175/902 1111/175/148
f 1054/181/154 2183/183/910 1055/183/156
f 1102/196/169 2231/193/920 1103/193/166
f 1078/203/176 2207/199/926 1079/199/752
f 1062/205/178 2191/209/936 1063/209/604
f 1086/210/183 2215/214/941 1087/214/187
f 1094/229/202 2223/225/1367 1095/225/198
f 1070/235/208 2199/232/959 1071/232/205
f 63/5/5 1193/4/759 64/4/4
f 71/12/12 1201/14/769 72/14/14
f 55/21/21 1185/19/774 56/19/19
f 79/27/27 1209/29/782 80/29/27
f 47/37/33 1177/36/787 48/36/32
f 31/48/43 1161/50/800 32/50/45
f 39/60/54 1169/54/803 40/54/48
f 87/62/27 1217/63/782 88/63/27
f 23/70/60 1153/68/813 24/68/58
f 7/77/67 1137/79/824 8/79/69
f 15/86/76 1145/84/829 16/84/74
f 127/95/86 1257/93/839 128/93/84
f 95/99/90 1225/101/847 96/101/92
f 119/107/98 1249/105/851 120/105/96
f 111/120/108 1241/119/863 112/119/108
f 103/116/107 1233/127/863 104/127/108
f 135/139/121 1265/140/877 136/140/122
f 231/141/123 1361/138/875 232/138/120
f 143/152/133 1273/153/888 144/153/133
f 151/160/133 1281/161/889 152/161/134
f 223/167/140 1353/165/892 224/165/138
f 160/178/151 1288/176/903 1289/178/905
f 215/184/157 1345/182/909 216/182/155
f 167/191/164 1297/197/924 168/197/170
f 191/198/171 1321/202/929 192/202/175
f 207/208/181 1337/204/931 208/204/177
f 183/215/188 1313/211/938 184/211/184
f 175/224/197 1305/227/954 176/227/200
f 199/231/204 1329/233/960 200/233/206
f 295/242/215 1425/244/971 296/244/217
f 311/253/226 1441/251/978 312/251/224
f 303/258/231 1433/260/987 304/260/233
f 319/236/209 1449/264/991 320/264/237
f 328/272/245 1456/271/998 1457/272/999
f 280/278/251 1408/277/1004 1409/278/1005
f 287/285/258 1417/286/1013 288/286/259
f 343/299/274 1473/297/1026 344/297/272
f 271/304/279 1401/306/1035 272/306/281
f 335/315/290 1465/313/1042 336/313/288
f 239/292/265 1369/318/1047 240/318/293
f 247/325/300 1377/326/1055 248/326/301
f 255/333/308 1385/334/1063 256/334/309
f 263/341/316 1393/294/1024 264/294/269
f 351/346/322 1481/104/1077 352/104/323
f 471/348/326 1601/64/1078 472/64/324
f 359/357/337 1489/358/1092 360/358/338
f 463/361/341 1593/360/1094 464/360/340
f 447/367/349 1577/200/1101 448/200/347
f 455/373/356 1585/374/1111 456/374/357
f 439/384/369 1569/383/1122 440/383/368
f 383/390/376 1513/387/1126 384/387/372
f 431/401/389 1561/397/1138 432/397/384
f 367/399/387 1497/403/1145 368/403/391
f 391/410/399 1521/412/1157 392/412/403
f 375/414/405 1505/97/1155 376/97/401
f 423/425/418 1553/223/1170 424/223/416
f 399/428/421 1529/164/1177 400/164/423
f 415/439/435 1545/438/1187 416/438/433
f 407/440/436 1537/442/1192 408/442/438
f 567/448/447 1697/64/1200 568/64/445
f 527/457/456 1657/459/1212 528/459/458
f 559/464/463 1689/462/1215 560/462/461
f 535/473/472 1665/475/1228 536/475/474
f 552/478/477 1680/480/1233 1681/478/1231
f 543/489/488 1673/491/1244 544/491/490
f 520/494/445 1648/496/1201 1649/494/1247
f 479/503/456 1609/505/1212 480/505/458
f 511/512/495 1641/510/1215 512/510/494
f 488/521/474 1616/519/1226 1617/521/1228
f 503/528/479 1633/526/1250 504/526/477
f 495/535/488 1625/537/1251 496/537/490
f 647/542/504 1777/546/1260 648/546/508
f 680/545/507 1808/547/1261 1809/545/1259
f 671/561/523 1801/559/1272 672/559/521
f 655/562/524 1785/1/1276 656/1/525
f 663/572/108 1793/571/863 664/571/108
f 639/587/539 1769/585/1288 640/585/537
f 575/586/538 1705/588/1291 576/588/540
f 583/604/27 1713/606/782 584/606/27
f 631/607/551 1761/605/1302 632/605/551
f 592/621/27 1720/619/782 1721/621/782
f 623/622/551 1753/620/1302 624/620/551
f 607/637/567 1737/634/1316 608/634/564
f 599/636/566 1729/640/1322 600/640/570
f 615/641/571 1745/635/1317 616/635/565
f 687/91/82 1817/90/835 688/90/80
f 719/100/91 1849/98/844 720/98/89
f 695/108/99 1825/110/856 696/110/101
f 711/115/106 1841/113/859 712/113/104
f 703/124/108 1833/123/863 704/123/108
f 831/131/113 1961/129/1339 832/129/588
f 727/132/114 1857/134/1343 728/134/589
f 823/148/597 1953/146/1351 824/146/596
f 735/147/129 1865/150/1355 736/150/132
f 743/156/133 1873/157/748 744/157/133
f 751/168/141 1881/170/897 752/170/143
f 815/175/148 1945/173/900 816/173/600
f 759/183/156 1889/185/912 760/185/158
f 807/193/166 1937/190/917 808/190/163
f 783/199/172 1913/194/921 784/194/167
f 767/209/604 1897/213/940 768/213/186
f 791/214/187 1921/218/945 792/218/191
f 799/225/198 1929/221/948 800/221/194
f 775/232/205 1905/228/1368 776/228/606
f 919/224/611 2049/227/1371 920/227/612
f 887/152/619 2017/153/1381 888/153/621
f 911/191/630 2041/197/1388 912/197/628
f 896/161/637 2024/160/1395 2025/161/1397
f 903/176/108 2033/178/863 904/178/108
f 927/215/643 2057/211/1404 928/211/644
f 880/140/650 2008/139/1411 2009/140/1410
f 871/95/661 2001/93/1420 872/93/660
f 935/198/133 2065/202/133 936/202/133
f 943/231/133 2073/233/748 944/233/133
f 951/208/673 2081/204/1438 952/204/675
f 967/167/681 2097/165/1441 968/165/677
f 863/107/686 1993/105/1443 864/105/680
f 959/184/699 2089/182/1459 960/182/696
f 975/141/698 2105/138/1465 976/138/702
f 855/120/716 1985/119/1477 856/119/714
f 839/99/723 1969/101/1488 840/101/725
f 847/116/731 1977/127/1492 848/127/729
f 983/91/737 2113/90/835 984/90/80
f 1015/100/91 2145/98/844 1016/98/89
f 991/108/99 2121/110/856 992/110/101
f 1007/115/106 2137/113/859 1008/113/104
f 999/124/108 2129/123/863 1000/123/108
f 1127/131/113 2256/129/1505 1128/129/739
f 1023/132/741 2153/134/1509 1024/134/116
f 1119/148/746 2248/146/1513 1120/146/596
f 1031/147/129 2161/150/1355 1032/150/132
f 1039/156/133 2168/157/748 1040/157/133
f 1047/168/141 2176/170/897 1048/170/143
f 1111/175/148 2240/173/1518 1112/173/600
f 1055/183/156 2184/185/912 1056/185/158
f 1103/193/166 2232/190/917 1104/190/163
f 1079/199/752 2208/194/921 1080/194/167
f 1063/209/604 2192/213/940 1064/213/186
f 1088/218/754 2215/214/941 2216/218/1520
f 1095/225/198 2224/221/948 1096/221/194
f 1071/232/205 2200/228/1368 1072/228/201
f 64/4/4 1194/2/758 65/2/2
f 72/14/14 1202/16/771 73/16/16
f 56/19/19 1186/17/772 57/17/17
f 80/29/27 1210/30/782 81/30/27
f 48/36/32 1178/35/786 49/35/31
f 32/50/45 1162/53/802 33/53/47
f 40/54/48 1170/51/801 41/51/46
f 88/63/27 1218/64/782 89/64/27
f 24/68/58 1154/67/812 25/67/57
f 9/81/71 1137/79/824 1138/81/826
f 16/84/74 1146/82/827 17/82/72
f 96/101/92 1226/104/850 97/104/95
f 120/105/96 1250/103/849 121/103/94
f 112/119/108 1242/118/863 113/118/108
f 104/127/108 1234/126/863 105/126/108
f 128/93/84 1258/128/864 129/128/109
f 232/138/120 1362/136/873 233/136/118
f 136/140/122 1266/142/879 137/142/124
f 144/153/133 1274/154/888 145/154/133
f 152/161/134 1282/164/891 153/164/137
f 224/165/138 1354/162/890 225/162/135
f 160/178/151 1290/179/906 161/179/152
f 216/182/155 1346/180/907 217/180/153
f 168/197/170 1298/201/928 169/201/174
f 208/204/177 1338/200/927 209/200/173
f 192/202/175 1322/206/933 193/206/179
f 184/211/184 1314/207/934 185/207/180
f 176/227/200 1306/230/957 177/230/203
f 200/233/206 1330/234/961 201/234/207
f 296/244/217 1426/246/973 297/246/219
f 312/251/224 1442/249/976 313/249/222
f 305/262/235 1433/260/987 1434/262/989
f 320/264/237 1450/265/992 321/265/238
f 328/272/245 1458/273/1000 329/273/246
f 280/278/251 1410/279/1006 281/279/252
f 288/286/259 1418/287/1014 289/287/260
f 264/294/269 1394/295/1023 265/295/270
f 344/297/272 1474/64/1021 345/64/266
f 272/306/281 1402/308/1037 273/308/283
f 336/313/288 1466/311/1040 337/311/286
f 240/318/293 1370/319/1048 241/319/294
f 248/326/301 1378/327/1056 249/327/302
f 256/334/309 1386/335/1064 257/335/310
f 352/104/323 1482/347/1079 353/347/325
f 464/360/340 1594/359/1093 465/359/339
f 360/358/338 1490/363/1097 361/363/343
f 448/200/347 1578/368/1104 449/368/350
f 456/374/357 1586/375/1112 457/375/358
f 440/383/368 1570/382/1121 441/382/367
f 384/387/372 1514/389/1128 385/389/374
f 432/397/384 1562/394/1134 433/394/380
f 368/403/391 1498/407/1150 369/407/396
f 376/97/401 1506/409/1152 377/409/398
f 392/412/403 1522/416/1161 393/416/407
f 424/223/416 1554/422/1168 425/422/414
f 400/164/423 1530/431/1179 401/431/425
f 416/438/433 1546/436/1185 417/436/431
f 408/442/438 1538/41/1193 409/41/439
f 529/461/460 1657/459/1212 1658/461/1214
f 560/462/461 1690/460/1213 561/460/459
f 536/475/474 1666/477/1230 537/477/476
f 552/478/477 1682/476/1229 553/476/475
f 544/491/490 1674/492/1245 545/492/491
f 480/505/458 1610/507/1214 481/507/460
f 512/510/494 1642/508/1213 513/508/459
f 488/521/474 1618/523/1230 489/523/476
f 504/526/477 1634/524/1229 505/524/475
f 496/537/490 1626/539/1245 497/539/491
f 680/545/507 1810/541/1255 681/541/502
f 648/546/508 1778/549/1262 649/549/511
f 672/559/521 1802/557/1270 673/557/519
f 656/1/525 1786/564/1278 657/564/527
f 664/571/108 1794/570/863 665/570/108
f 641/583/535 1769/585/1288 1770/583/1286
f 576/588/540 1706/590/1293 577/590/542
f 632/605/551 1762/602/1302 633/602/551
f 584/606/27 1714/608/782 585/608/27
f 624/620/551 1754/618/1302 625/618/551
f 592/621/27 1722/623/1304 593/623/552
f 616/635/565 1746/633/1314 617/633/562
f 608/634/564 1738/639/1321 609/639/569
f 600/640/570 1730/642/1324 601/642/572
f 688/90/80 1818/92/1335 689/92/583
f 720/98/89 1850/97/843 721/97/88
f 696/110/101 1826/112/858 697/112/103
f 712/113/104 1842/111/857 713/111/102
f 705/122/108 1833/123/863 1834/122/863
f 832/129/588 1962/64/1338 833/64/587
f 728/134/589 1858/135/1344 729/135/590
f 824/146/596 1954/145/882 825/145/127
f 744/157/133 1874/158/748 745/158/133
f 736/150/132 1866/163/133 737/163/133
f 752/170/143 1882/172/899 753/172/145
f 816/173/600 1946/171/898 817/171/144
f 760/185/158 1890/187/914 761/187/160
f 809/188/603 1937/190/917 1938/188/1363
f 784/194/167 1914/192/1365 785/192/165
f 768/213/186 1898/217/944 769/217/190
f 800/221/194 1930/216/943 801/216/189
f 792/218/191 1922/222/949 793/222/195
f 776/228/606 1906/223/950 777/223/196
f 920/227/612 2050/230/1370 921/230/610
f 888/153/621 2018/154/1383 889/154/623
f 912/197/628 2042/201/1386 913/201/626
f 905/179/108 2033/178/863 2034/179/863
f 896/161/637 2026/164/863 897/164/108
f 928/211/644 2058/207/1405 929/207/645
f 880/140/650 2010/142/1408 881/142/648
f 872/93/660 2002/128/1418 873/128/658
f 944/233/133 2074/234/1423 945/234/662
f 936/202/133 2066/206/748 937/206/133
f 968/165/677 2098/162/1440 969/162/678
f 952/204/675 2082/200/1442 953/200/679
f 864/105/680 1994/103/1437 865/103/674
f 960/182/696 2090/180/1457 961/180/694
f 976/138/702 2106/136/1467 977/136/704
f 856/119/714 1986/118/1475 857/118/712
f 841/104/728 1969/101/1488 1970/104/1491
f 849/126/727 1977/127/1492 1978/126/1490
f 984/90/80 2114/92/1500 985/92/583
f 1017/97/88 2145/98/844 2146/97/843
f 992/110/101 2122/112/858 993/112/103
f 1008/113/104 2138/111/857 1009/111/102
f 1000/123/108 2130/122/863 1001/122/108
f 1129/64/738 2256/129/1505 2257/64/1504
f 1024/134/116 2154/135/872 1025/135/590
f 1120/146/596 2249/145/1512 1121/145/127
f 1032/150/132 2162/163/133 1033/163/133
f 1040/157/133 2169/158/133 1041/158/133
f 1048/170/143 2177/172/899 1049/172/145
f 1112/173/600 2241/171/898 1113/171/144
f 1056/185/158 2185/187/914 1057/187/160
f 1104/190/163 2233/188/915 1105/188/603
f 1081/192/165 2208/194/921 2209/192/1365
f 1064/213/186 2193/217/944 1065/217/190
f 1096/221/194 2225/216/943 1097/216/753
f 1088/218/754 2217/222/949 1089/222/195
f 1072/228/201 2201/223/950 1073/223/755
f 1038/155/748 1037/154/133 2166/154/748
f 2166/154/748 2167/156/748 1039/156/133
f 65/2/2 1194/2/758 1195/3/757
f 57/17/17 1186/17/772 1187/15/770
f 73/16/16 1202/16/771 1203/18/773
f 82/31/27 81/30/27 1210/30/782
f 49/35/31 1178/35/786 1179/33/785
f 42/49/44 41/51/46 1170/51/801
f 34/55/49 33/53/47 1162/53/802
f 89/64/27 1218/64/782 1130/65/810
f 1/65/55 1130/65/810 1131/66/811
f 25/67/57 1154/67/812 1155/42/792
f 18/80/70 17/82/72 1146/82/827
f 9/81/71 1138/81/826 1139/83/828
f 121/103/94 1250/103/849 1251/102/848
f 97/104/95 1226/104/850 1227/106/852
f 113/118/108 1242/118/863 1243/117/863
f 105/126/108 1234/126/863 1235/125/863
f 129/128/109 1258/128/864 1259/130/867
f 233/136/118 1362/136/873 1363/133/870
f 137/142/124 1266/142/879 1267/144/881
f 145/154/133 1274/154/888 1275/155/888
f 225/162/135 1354/162/890 1355/149/886
f 153/164/137 1282/164/891 1283/166/893
f 217/180/153 1346/180/907 1347/177/904
f 161/179/152 1290/179/906 1291/181/908
f 209/200/173 1338/200/927 1339/196/923
f 169/201/174 1298/201/928 1299/205/932
f 185/207/180 1314/207/934 1315/203/930
f 193/206/179 1322/206/933 1323/210/937
f 201/234/207 1330/234/961 1331/229/956
f 177/230/203 1306/230/957 1307/235/962
f 297/246/219 1426/246/973 1427/248/975
f 313/249/222 1442/249/976 1443/247/974
f 305/262/235 1434/262/989 1435/263/990
f 321/265/238 1450/265/992 1451/266/993
f 329/273/246 1458/273/1000 1459/274/1001
f 281/279/252 1410/279/1006 1411/280/1007
f 289/287/260 1418/287/1014 1419/288/1015
f 265/295/270 1394/295/1023 1395/293/1022
f 273/308/283 1402/308/1037 1403/310/1039
f 337/311/286 1466/311/1040 1467/309/1038
f 241/319/294 1370/319/1048 1371/320/1049
f 249/327/302 1378/327/1056 1379/328/1057
f 257/335/310 1386/335/1064 1387/336/1065
f 354/349/327 353/347/325 1482/347/1079
f 466/143/336 465/359/339 1594/359/1093
f 361/363/343 1490/363/1097 1491/365/1100
f 449/368/350 1578/368/1104 1579/369/1105
f 457/375/358 1586/375/1112 1587/376/1113
f 441/382/367 1570/382/1121 1571/229/1120
f 385/389/374 1514/389/1128 1515/391/1131
f 433/394/380 1562/394/1134 1563/393/1133
f 377/409/398 1506/409/1152 1507/406/1149
f 369/407/396 1498/407/1150 1499/109/1154
f 393/416/407 1522/416/1161 1523/155/1165
f 425/422/414 1554/422/1168 1555/420/1166
f 401/431/425 1530/431/1179 1531/433/1181
f 417/436/431 1546/436/1185 1547/220/1183
f 409/41/439 1538/41/1193 1539/444/1195
f 521/447/446 1650/447/1199 1651/446/1198
f 568/64/445 1697/64/1200 1650/447/1199
f 561/460/459 1690/460/1213 1691/458/1211
f 529/461/460 1658/461/1214 1659/463/1216
f 553/476/475 1682/476/1229 1683/474/1227
f 538/479/478 537/477/476 1666/477/1230
f 545/492/491 1674/492/1245 1675/490/1243
f 473/65/446 1602/65/1199 1603/493/1246
f 520/494/445 1649/494/1247 1602/65/1199
f 513/508/459 1642/508/1213 1643/506/1211
f 481/507/460 1610/507/1214 1611/509/1216
f 505/524/475 1634/524/1229 1635/522/1227
f 489/523/476 1618/523/1230 1619/525/1249
f 497/539/491 1626/539/1245 1627/538/1252
f 569/65/503 1698/65/1254 1699/540/1253
f 681/541/502 1810/541/1255 1698/65/1254
f 649/549/511 1778/549/1262 1779/551/1264
f 674/555/517 673/557/519 1802/557/1270
f 657/564/527 1786/564/1278 1787/565/1279
f 665/570/108 1794/570/863 1795/569/863
f 641/583/535 1770/583/1286 1771/582/1285
f 577/590/542 1706/590/1293 1707/592/1295
f 633/602/551 1762/602/1302 1763/597/1300
f 585/608/27 1714/608/782 1715/610/782
f 625/618/551 1754/618/1302 1755/616/1302
f 593/623/552 1722/623/1304 1723/625/1306
f 617/633/562 1746/633/1314 1747/631/1312
f 601/642/572 1730/642/1324 1731/644/1326
f 609/639/569 1738/639/1321 1739/651/1333
f 689/92/583 1818/92/1335 1819/96/842
f 721/97/88 1850/97/843 1851/94/1336
f 714/109/100 713/111/102 1842/111/857
f 697/112/103 1826/112/858 1827/114/860
f 705/122/108 1834/122/863 1835/121/863
f 729/135/590 1858/135/1344 1859/137/874
f 825/145/127 1954/145/882 1955/143/1350
f 745/158/133 1874/158/748 1875/159/748
f 737/163/133 1866/163/133 1867/151/748
f 817/171/144 1946/171/898 1947/169/896
f 753/172/145 1882/172/899 1883/174/1359
f 809/188/603 1938/188/1363 1939/186/913
f 761/187/160 1890/187/914 1891/189/1364
f 785/192/165 1914/192/1365 1915/195/922
f 801/216/189 1930/216/943 1931/212/1366
f 769/217/190 1898/217/944 1899/220/947
f 777/223/196 1906/223/950 1907/219/946
f 793/222/195 1922/222/949 1923/226/953
f 889/154/623 2018/154/1383 2019/155/1385
f 913/201/626 2042/201/1386 2043/205/1384
f 905/179/108 2034/179/863 2035/181/863
f 898/166/108 897/164/108 2026/164/863
f 922/235/638 921/230/610 2050/230/1370
f 929/207/645 2058/207/1405 2059/203/1406
f 881/142/648 2010/142/1408 2011/144/1407
f 873/128/658 2002/128/1418 2003/130/1417
f 937/206/133 2066/206/748 2067/210/748
f 945/234/662 2074/234/1423 2075/229/1427
f 865/103/674 1994/103/1437 1995/102/1435
f 969/162/678 2098/162/1440 2099/149/1439
f 954/196/684 953/200/679 2082/200/1442
f 961/180/694 2090/180/1457 2091/177/1453
f 977/136/704 2106/136/1467 2107/133/1469
f 857/118/712 1986/118/1475 1987/117/1473
f 849/126/727 1978/126/1490 1979/125/1489
f 841/104/728 1970/104/1491 1971/106/1493
f 985/92/583 2114/92/1500 2115/96/842
f 1017/97/88 2146/97/843 2147/94/1336
f 1009/111/102 2138/111/857 2139/109/855
f 993/112/103 2122/112/858 2123/114/860
f 1001/122/108 2130/122/863 2131/121/863
f 1025/135/590 2154/135/872 2155/137/874
f 1121/145/127 2249/145/1512 2250/143/880
f 1033/163/133 2162/163/133 2163/151/748
f 1041/158/133 2169/158/133 2170/159/748
f 1113/171/144 2241/171/898 2242/169/896
f 1049/172/145 2177/172/899 2178/174/1359
f 1105/188/603 2233/188/915 2234/186/913
f 1057/187/160 2185/187/914 2186/189/916
f 1081/192/165 2209/192/1365 2210/195/922
f 1097/216/753 2225/216/943 2226/212/1366
f 1065/217/190 2193/217/944 2194/220/947
f 1073/223/755 2201/223/950 2202/219/946
f 1090/226/199 1089/222/195 2217/222/949
f 66/3/3 1195/3/757 1196/1/756
f 58/15/15 1187/15/770 1188/13/768
f 74/18/18 1203/18/773 1204/20/775
f 50/33/30 1179/33/785 1180/32/784
f 82/31/27 1211/31/782 1212/34/782
f 26/42/37 1155/42/792 1156/40/790
f 42/49/44 1171/49/799 1172/46/796
f 34/55/49 1163/55/804 1164/56/805
f 2/66/56 1131/66/811 1132/69/814
f 18/80/70 1147/80/825 1148/78/823
f 10/83/73 1139/83/828 1140/85/830
f 90/65/81 1219/65/837 1220/91/836
f 122/102/93 1251/102/848 1252/100/846
f 98/106/97 1227/106/852 1228/108/854
f 114/117/108 1243/117/863 1244/115/861
f 106/125/108 1235/125/863 1236/124/863
f 237/64/110 1366/64/865 1219/65/837
f 130/130/112 1259/130/867 1260/132/869
f 234/133/115 1363/133/870 1364/131/868
f 138/144/126 1267/144/881 1268/147/884
f 226/149/131 1355/149/886 1356/148/885
f 146/155/133 1275/155/888 1276/156/888
f 154/166/139 1283/166/893 1284/168/895
f 218/177/150 1347/177/904 1348/175/902
f 162/181/154 1291/181/908 1292/183/910
f 210/196/169 1339/196/923 1340/193/920
f 186/203/176 1315/203/930 1316/199/926
f 170/205/178 1299/205/932 1300/209/936
f 194/210/183 1323/210/937 1324/214/941
f 202/229/202 1331/229/956 1332/225/952
f 178/235/208 1307/235/962 1308/232/959
f 314/247/220 1443/247/974 1444/245/972
f 298/248/221 1427/248/975 1428/250/977
f 306/263/236 1435/263/990 1436/261/988
f 322/266/239 1451/266/993 1452/267/994
f 330/274/247 1459/274/1001 1460/275/1002
f 282/280/253 1411/280/1007 1412/281/1008
f 290/288/261 1419/288/1015 1420/289/1016
f 266/293/268 1395/293/1022 1396/296/1025
f 338/309/284 1467/309/1038 1468/307/1036
f 274/310/285 1403/310/1039 1404/312/1041
f 242/320/295 1371/320/1049 1372/321/1050
f 250/328/303 1379/328/1057 1380/329/1058
f 258/336/311 1387/336/1065 1388/337/1066
f 346/65/318 1475/65/1073 1476/343/1072
f 472/64/324 1601/64/1078 1475/65/1073
f 354/349/327 1483/349/1081 1484/351/1083
f 466/143/336 1595/143/1090 1596/356/1088
f 450/369/351 1579/369/1105 1580/370/1106
f 458/376/359 1587/376/1113 1588/377/1114
f 363/378/361 362/365/346 1491/365/1100
f 442/229/366 1571/229/1120 1572/381/1119
f 434/393/379 1563/393/1133 1564/392/1132
f 386/391/377 1515/391/1131 1516/396/1137
f 379/404/392 378/406/395 1507/406/1149
f 370/109/400 1499/109/1154 1500/413/1158
f 426/420/412 1555/420/1166 1556/415/1160
f 394/155/411 1523/155/1165 1524/421/1167
f 402/433/427 1531/433/1181 1532/434/1182
f 418/220/429 1547/220/1183 1548/432/1180
f 410/444/441 1539/444/1195 1540/445/1197
f 522/446/444 1651/446/1198 1652/449/1202
f 562/458/457 1691/458/1211 1692/456/1209
f 530/463/462 1659/463/1216 1660/465/1218
f 554/474/473 1683/474/1227 1684/472/1225
f 538/479/478 1667/479/1232 1668/481/1234
f 546/490/489 1675/490/1243 1676/488/1241
f 475/495/492 474/493/444 1603/493/1246
f 514/506/457 1643/506/1211 1644/504/1209
f 483/511/464 482/509/493 1611/509/1216
f 507/520/496 506/522/497 1635/522/1227
f 490/525/478 1619/525/1249 1620/527/1234
f 498/538/489 1627/538/1252 1628/536/1241
f 651/554/516 650/551/513 1779/551/1264
f 674/555/517 1803/555/1268 1804/553/1266
f 666/569/108 1795/569/863 1796/568/863
f 658/565/528 1787/565/1279 1788/576/863
f 570/540/501 1699/540/1253 1700/577/1280
f 642/582/534 1771/582/1285 1772/580/1283
f 578/592/544 1707/592/1295 1708/594/1297
f 634/597/549 1763/597/1300 1764/595/1298
f 683/600/250 682/603/264 1811/603/1018
f 586/610/27 1715/610/782 1716/612/782
f 626/616/551 1755/616/1302 1756/41/1302
f 685/64/263 1814/64/1303 1811/603/1018
f 594/625/554 1723/625/1306 1724/627/1308
f 618/631/560 1747/631/1312 1748/630/1311
f 602/644/574 1731/644/1326 1732/646/1328
f 610/651/581 1739/651/1333 1740/649/1331
f 722/94/585 1851/94/1336 1852/95/840
f 690/96/87 1819/96/842 1820/99/845
f 714/109/100 1843/109/855 1844/107/853
f 698/114/105 1827/114/860 1828/116/862
f 706/121/108 1835/121/863 1836/120/863
f 730/137/591 1859/137/874 1860/139/1347
f 826/143/595 1955/143/1350 1956/141/1349
f 739/152/133 738/151/133 1867/151/748
f 746/159/133 1875/159/748 1876/160/748
f 818/169/142 1947/169/896 1948/167/894
f 755/176/601 754/174/147 1883/174/1359
f 810/186/159 1939/186/913 1940/184/1362
f 762/189/162 1891/189/1364 1892/191/918
f 786/195/168 1915/195/922 1916/198/925
f 802/212/605 1931/212/1366 1932/208/935
f 778/219/192 1907/219/946 1908/215/942
f 770/220/193 1899/220/947 1900/224/951
f 794/226/199 1923/226/953 1924/231/958
f 914/205/624 2043/205/1384 2044/209/1382
f 890/155/625 2019/155/1385 2020/156/1387
f 906/181/108 2035/181/863 2036/183/863
f 898/166/108 2027/166/863 2028/168/863
f 922/235/638 2051/235/1398 2052/232/1399
f 883/147/614 882/144/647 2011/144/1407
f 930/203/646 2059/203/1406 2060/199/1409
f 874/130/657 2003/130/1417 2004/132/1416
f 938/210/133 2067/210/748 2068/214/748
f 946/229/664 2075/229/1427 2076/225/1428
f 866/102/672 1995/102/1435 1996/100/1433
f 970/149/676 2099/149/1439 2100/148/1451
f 963/175/687 962/177/690 2091/177/1453
f 954/196/684 2083/196/1447 2084/193/1454
f 978/133/706 2107/133/1469 2108/131/1471
f 858/117/710 1987/117/1473 1988/115/1470
f 981/64/711 2110/64/1474 1963/65/1476
f 834/65/713 1963/65/1476 1964/91/1478
f 850/125/726 1979/125/1489 1980/124/1487
f 842/106/730 1971/106/1493 1972/108/1495
f 1018/94/585 2147/94/1336 2148/95/840
f 986/96/87 2115/96/842 2116/99/845
f 1010/109/100 2139/109/855 2140/107/853
f 994/114/105 2123/114/860 2124/116/862
f 1002/121/108 2131/121/863 2132/120/863
f 1026/137/591 2155/137/874 2156/139/1347
f 1122/143/125 2250/143/880 2251/141/1349
f 1034/151/133 2163/151/748 2164/152/748
f 1042/159/133 2170/159/748 2171/160/1425
f 1114/169/142 2242/169/896 2243/167/894
f 1050/174/749 2178/174/1359 2179/176/1519
f 1106/186/159 2234/186/913 2235/184/1362
f 1059/191/164 1058/189/751 2186/189/916
f 1082/195/168 2210/195/922 2211/198/925
f 1098/212/185 2226/212/1366 2227/208/935
f 1074/219/192 2202/219/946 2203/215/942
f 1066/220/193 2194/220/947 2195/224/951
f 1090/226/199 2218/226/953 2219/231/958
f 67/1/1 1196/1/756 1197/6/761
f 59/13/13 1188/13/768 1189/11/766
f 75/20/20 1204/20/775 1205/22/777
f 51/32/29 1180/32/784 1181/28/783
f 83/34/27 1212/34/782 1213/39/782
f 28/43/38 27/40/35 1156/40/790
f 43/46/41 1172/46/796 1173/44/794
f 35/56/50 1164/56/805 1165/57/806
f 3/69/59 1132/69/814 1133/71/816
f 19/78/68 1148/78/823 1149/76/821
f 11/85/75 1140/85/830 1141/87/832
f 91/91/82 1220/91/836 1221/90/835
f 123/100/91 1252/100/846 1253/98/844
f 99/108/99 1228/108/854 1229/110/856
f 115/115/106 1244/115/861 1245/113/859
f 107/124/108 1236/124/863 1237/123/863
f 235/131/113 1364/131/868 1365/129/866
f 131/132/114 1260/132/869 1261/134/871
f 227/148/130 1356/148/885 1357/146/883
f 139/147/129 1268/147/884 1269/150/887
f 147/156/133 1276/156/888 1277/157/888
f 155/168/141 1284/168/895 1285/170/897
f 219/175/148 1348/175/902 1349/173/900
f 164/185/158 163/183/156 1292/183/910
f 211/193/166 1340/193/920 1341/190/917
f 188/194/167 187/199/172 1316/199/926
f 171/209/182 1300/209/936 1301/213/940
f 195/214/187 1324/214/941 1325/218/945
f 203/225/198 1332/225/952 1333/221/948
f 179/232/205 1308/232/959 1309/228/955
f 315/245/218 1444/245/972 1445/243/970
f 299/250/223 1428/250/977 1429/252/979
f 307/261/234 1436/261/988 1437/259/986
f 323/267/240 1452/267/994 1453/268/995
f 331/275/248 1460/275/1002 1461/276/1003
f 283/281/254 1412/281/1008 1413/282/1009
f 291/289/262 1420/289/1016 1421/240/968
f 267/296/271 1396/296/1025 1397/298/1027
f 340/305/280 339/307/282 1468/307/1036
f 275/312/287 1404/312/1041 1405/314/1043
f 243/321/296 1372/321/1050 1373/322/1051
f 251/329/304 1380/329/1058 1381/330/1059
f 259/337/312 1388/337/1066 1389/338/1067
f 347/343/319 1476/343/1072 1477/342/1071
f 355/351/329 1484/351/1083 1485/353/1085
f 467/356/334 1596/356/1088 1597/354/1086
f 451/370/352 1580/370/1106 1581/371/1107
f 459/377/360 1588/377/1114 1589/167/1099
f 363/378/361 1492/378/1115 1493/120/1117
f 443/381/365 1572/381/1119 1573/380/1118
f 435/392/378 1564/392/1132 1565/214/1129
f 387/396/383 1516/396/1137 1517/147/1140
f 379/404/392 1508/404/1146 1509/400/1142
f 427/415/406 1556/415/1160 1557/411/1156
f 371/413/404 1500/413/1158 1501/418/1163
f 395/421/413 1524/421/1167 1525/423/1169
f 419/432/426 1548/432/1180 1549/430/1178
f 403/434/428 1532/434/1182 1533/435/1184
f 411/445/443 1540/445/1197 1541/191/1196
f 523/449/448 1652/449/1202 1653/451/1204
f 563/456/455 1692/456/1209 1693/454/1207
f 531/465/464 1660/465/1218 1661/467/1220
f 555/472/471 1684/472/1225 1685/471/1224
f 539/481/480 1668/481/1234 1669/483/1236
f 547/488/487 1676/488/1241 1677/486/1239
f 475/495/492 1604/495/1202 1605/497/1248
f 515/504/455 1644/504/1209 1645/502/1207
f 483/511/464 1612/511/1218 1613/513/1220
f 507/520/496 1636/520/1225 1637/518/1224
f 491/527/498 1620/527/1234 1621/529/1236
f 499/536/487 1628/536/1241 1629/534/1239
f 675/553/515 1804/553/1266 1805/552/1265
f 651/554/516 1780/554/1267 1781/556/1269
f 667/568/108 1796/568/863 1797/567/863
f 659/576/108 1788/576/863 1789/575/863
f 571/577/529 1700/577/1280 1701/579/1282
f 643/580/532 1772/580/1283 1773/578/1281
f 635/595/547 1764/595/1298 1765/593/1296
f 579/594/546 1708/594/1297 1709/596/1299
f 683/600/250 1812/600/1004 1813/601/1003
f 587/612/27 1716/612/782 1717/614/782
f 627/41/551 1756/41/1302 1757/613/1302
f 595/627/556 1724/627/1308 1725/629/1310
f 619/630/559 1748/630/1311 1749/628/1309
f 603/646/576 1732/646/1328 1733/648/1330
f 611/649/579 1740/649/1331 1741/647/1329
f 723/95/86 1852/95/840 1853/93/839
f 691/99/586 1820/99/845 1821/101/847
f 715/107/98 1844/107/853 1845/105/851
f 707/120/108 1836/120/863 1837/119/863
f 699/116/107 1828/116/862 1829/127/863
f 731/139/121 1860/139/1347 1861/140/1348
f 827/141/593 1956/141/1349 1957/138/1346
f 739/152/133 1868/152/748 1869/153/748
f 747/160/133 1876/160/748 1877/161/1356
f 819/167/599 1948/167/894 1949/165/892
f 755/176/601 1884/176/1360 1885/178/905
f 811/184/602 1940/184/1362 1941/182/909
f 763/191/164 1892/191/918 1893/197/924
f 787/198/171 1916/198/925 1917/202/929
f 803/208/181 1932/208/935 1933/204/931
f 779/215/188 1908/215/942 1909/211/938
f 771/224/197 1900/224/951 1901/227/954
f 795/231/609 1924/231/958 1925/233/960
f 883/147/614 2012/147/1375 2013/150/1374
f 915/209/622 2044/209/1382 2045/213/1380
f 892/157/629 891/156/627 2020/156/1387
f 907/183/108 2036/183/863 2037/185/1396
f 899/168/108 2028/168/863 2029/170/863
f 923/232/639 2052/232/1399 2053/228/1400
f 931/199/649 2060/199/1409 2061/194/1414
f 875/132/656 2004/132/1416 2005/134/1415
f 939/214/133 2068/214/748 2069/218/748
f 947/225/665 2076/225/1428 2077/221/1430
f 867/100/670 1996/100/1433 1997/98/1431
f 963/175/687 2092/175/1450 2093/173/1448
f 971/148/688 2100/148/1451 2101/146/1452
f 955/193/691 2084/193/1454 2085/190/1460
f 859/115/707 1988/115/1470 1989/113/1468
f 979/131/708 2108/131/1471 2109/129/1472
f 835/91/715 1964/91/1478 1965/90/1480
f 851/124/724 1980/124/1487 1981/123/1485
f 844/110/733 843/108/732 1972/108/1495
f 1020/93/584 1019/95/86 2148/95/840
f 987/99/90 2116/99/845 2117/101/847
f 1011/107/98 2140/107/853 2141/105/851
f 1003/120/108 2132/120/863 2133/119/863
f 995/116/107 2124/116/862 2125/127/863
f 1027/139/121 2156/139/1347 2157/140/1510
f 1123/141/745 2251/141/1349 2252/138/1346
f 1035/152/133 2164/152/748 2165/153/748
f 1044/161/134 1043/160/133 2171/160/1425
f 1115/167/599 2243/167/894 2244/165/892
f 1052/178/151 1051/176/149 2179/176/1519
f 1107/184/602 2235/184/1362 2236/182/909
f 1059/191/164 2187/191/918 2188/197/924
f 1083/198/171 2211/198/925 2212/202/929
f 1099/208/181 2227/208/935 2228/204/931
f 1075/215/188 2203/215/942 2204/211/938
f 1067/224/197 2195/224/951 2196/227/954
f 1091/231/609 2219/231/958 2220/233/960
f 68/6/6 1197/6/761 1198/8/763
f 60/11/11 1189/11/766 1190/9/764
f 76/22/22 1205/22/777 1206/24/779
f 52/28/28 1181/28/783 1182/25/780
f 44/44/39 1173/44/794 1174/41/791
f 28/43/38 1157/43/793 1158/45/795
f 84/39/27 1213/39/782 1214/52/782
f 36/57/51 1165/57/806 1166/58/807
f 4/71/61 1133/71/816 1134/73/818
f 20/76/66 1149/76/821 1150/74/819
f 12/87/77 1141/87/832 1142/89/834
f 92/90/80 1221/90/835 1222/92/838
f 124/98/89 1253/98/844 1254/97/843
f 100/110/101 1229/110/856 1230/112/858
f 116/113/104 1245/113/859 1246/111/857
f 109/122/108 108/123/108 1237/123/863
f 236/129/111 1365/129/866 1366/64/865
f 132/134/116 1261/134/871 1262/135/872
f 228/146/128 1357/146/883 1358/145/882
f 148/157/133 1277/157/888 1278/158/888
f 140/150/132 1269/150/887 1270/163/133
f 156/170/143 1285/170/897 1286/172/899
f 220/173/146 1349/173/900 1350/171/898
f 164/185/158 1293/185/912 1294/187/914
f 212/190/163 1341/190/917 1342/188/915
f 188/194/167 1317/194/921 1318/192/919
f 172/213/186 1301/213/940 1302/217/944
f 204/221/194 1333/221/948 1334/216/943
f 196/218/191 1325/218/945 1326/222/949
f 180/228/201 1309/228/955 1310/223/950
f 292/240/213 1421/240/968 1422/241/967
f 316/243/216 1445/243/970 1446/237/965
f 300/252/225 1429/252/979 1430/254/981
f 308/259/232 1437/259/986 1438/257/984
f 324/268/241 1453/268/995 1454/269/996
f 284/282/255 1413/282/1009 1414/283/1010
f 332/276/249 1461/276/1003 1462/290/1017
f 268/298/273 1397/298/1027 1398/300/1029
f 340/305/280 1469/305/1034 1470/303/1032
f 276/314/289 1405/314/1043 1406/316/1045
f 244/322/297 1373/322/1051 1374/323/1052
f 252/330/305 1381/330/1059 1382/331/1060
f 260/338/313 1389/338/1067 1390/339/1068
f 348/342/317 1477/342/1071 1478/344/1074
f 468/354/332 1597/354/1086 1598/352/1084
f 356/353/331 1485/353/1085 1486/355/1087
f 461/364/344 460/167/345 1589/167/1099
f 452/371/353 1581/371/1107 1582/372/1108
f 444/380/364 1573/380/1118 1574/379/1116
f 364/120/363 1493/120/1117 1494/386/1125
f 436/214/375 1565/214/1129 1566/388/1127
f 381/398/385 380/400/388 1509/400/1142
f 388/147/386 1517/147/1140 1518/402/1144
f 428/411/402 1557/411/1156 1558/408/1151
f 372/418/409 1501/418/1163 1502/419/1164
f 396/423/415 1525/423/1169 1526/424/1171
f 420/430/424 1549/430/1178 1550/429/1176
f 404/435/430 1533/435/1184 1534/437/1186
f 412/191/442 1541/191/1196 1542/443/1194
f 525/453/452 524/451/450 1653/451/1204
f 565/452/451 564/454/453 1693/454/1207
f 533/469/468 532/467/466 1661/467/1220
f 557/468/467 556/471/470 1685/471/1224
f 540/483/482 1669/483/1236 1670/485/1238
f 548/486/485 1677/486/1239 1678/484/1237
f 476/497/450 1605/497/1248 1606/499/1206
f 516/502/453 1645/502/1207 1646/500/1205
f 484/513/466 1613/513/1220 1614/516/1222
f 508/518/470 1637/518/1224 1638/515/1221
f 492/529/482 1621/529/1236 1622/531/1238
f 500/534/500 1629/534/1239 1630/532/1237
f 676/552/514 1805/552/1265 1806/550/1263
f 652/556/518 1781/556/1269 1782/558/1271
f 668/567/108 1797/567/863 1798/566/863
f 660/575/108 1789/575/863 1790/574/863
f 644/578/530 1773/578/1281 1774/543/1258
f 572/579/531 1701/579/1282 1702/581/1284
f 637/591/543 636/593/545 1765/593/1296
f 580/596/548 1709/596/1299 1710/598/1301
f 684/601/249 1813/601/1003 1814/64/1303
f 628/613/551 1757/613/1302 1758/611/1302
f 588/614/27 1717/614/782 1718/615/782
f 620/628/557 1749/628/1309 1750/626/1307
f 596/629/558 1725/629/1310 1726/632/1313
f 612/647/577 1741/647/1329 1742/645/1327
f 604/648/578 1733/648/1330 1734/650/1332
f 692/101/92 1821/101/847 1822/104/850
f 716/105/96 1845/105/851 1846/103/849
f 708/119/108 1837/119/863 1838/118/863
f 700/127/108 1829/127/863 1830/126/863
f 724/93/584 1853/93/839 1854/128/1337
f 828/138/592 1957/138/1346 1958/136/1345
f 732/140/122 1861/140/1348 1862/142/879
f 740/153/133 1869/153/748 1870/154/748
f 748/161/134 1877/161/1356 1878/164/891
f 820/165/138 1949/165/892 1950/162/890
f 756/178/151 1885/178/905 1886/179/1361
f 812/182/155 1941/182/909 1942/180/907
f 764/197/170 1893/197/924 1894/201/928
f 804/204/177 1933/204/931 1934/200/927
f 788/202/175 1917/202/929 1918/206/933
f 780/211/184 1909/211/938 1910/207/934
f 772/227/200 1901/227/954 1902/230/957
f 796/233/206 1925/233/960 1926/234/961
f 884/150/615 2013/150/1374 2014/163/1373
f 916/213/620 2045/213/1380 2046/217/1378
f 892/157/629 2021/157/1389 2022/158/1391
f 908/185/636 2037/185/1396 2038/187/1394
f 900/170/108 2029/170/863 2030/172/863
f 924/228/640 2053/228/1400 2054/223/1401
f 876/134/655 2005/134/1415 2006/135/1413
f 932/194/654 2061/194/1414 2062/192/1419
f 940/218/133 2069/218/748 2070/222/748
f 868/98/668 1997/98/1431 1998/97/1429
f 948/221/667 2077/221/1430 2078/216/1432
f 964/173/685 2093/173/1448 2094/171/1446
f 972/146/689 2101/146/1452 2102/145/1455
f 956/190/697 2085/190/1460 2086/188/1466
f 860/113/705 1989/113/1468 1990/111/1463
f 980/129/709 2109/129/1472 2110/64/1474
f 836/90/717 1965/90/1480 1966/92/1482
f 852/123/722 1981/123/1485 1982/122/1483
f 844/110/733 1973/110/1496 1974/112/1497
f 988/101/92 2117/101/847 2118/104/850
f 1012/105/96 2141/105/851 2142/103/849
f 1004/119/108 2133/119/863 2134/118/863
f 996/127/108 2125/127/863 2126/126/863
f 1020/93/584 2149/93/1501 2150/128/1503
f 1124/138/743 2252/138/1346 2253/136/1345
f 1028/140/744 2157/140/1510 2158/142/879
f 1036/153/133 2165/153/748 2166/154/748
f 1044/161/134 2172/161/1516 2173/164/891
f 1116/165/138 2244/165/892 2245/162/890
f 1052/178/151 2180/178/905 2181/179/1361
f 1108/182/155 2236/182/909 2237/180/907
f 1060/197/170 2188/197/924 2189/201/928
f 1100/204/177 2228/204/931 2229/200/927
f 1084/202/175 2212/202/929 2213/206/933
f 1076/211/184 2204/211/938 2205/207/934
f 1068/227/200 2196/227/954 2197/230/957
f 1092/233/206 2220/233/960 2221/234/961
f 61/9/9 1190/9/764 1191/7/762
f 69/8/8 1198/8/763 1199/10/765
f 53/25/25 1182/25/780 1183/23/778
f 77/24/24 1206/24/779 1207/26/781
f 45/41/36 1174/41/791 1175/38/789
f 29/45/40 1158/45/795 1159/47/797
f 38/59/53 37/58/52 1166/58/807
f 85/52/27 1214/52/782 1215/61/782
f 21/74/64 1150/74/819 1151/72/817
f 5/73/63 1134/73/818 1135/75/820
f 13/89/79 1142/89/834 1143/88/833
f 93/92/83 1222/92/838 1223/96/842
f 125/97/88 1254/97/843 1255/94/841
f 117/111/102 1246/111/857 1247/109/855
f 101/112/103 1230/112/858 1231/114/860
f 109/122/108 1238/122/863 1239/121/863
f 133/135/117 1262/135/872 1263/137/874
f 229/145/127 1358/145/882 1359/143/880
f 149/158/133 1278/158/888 1279/159/888
f 141/163/133 1270/163/133 1271/151/888
f 221/171/144 1350/171/898 1351/169/896
f 157/172/145 1286/172/899 1287/174/901
f 213/188/161 1342/188/915 1343/186/913
f 166/189/162 165/187/160 1294/187/914
f 189/192/165 1318/192/919 1319/195/922
f 205/216/189 1334/216/943 1335/212/939
f 173/217/190 1302/217/944 1303/220/947
f 181/223/196 1310/223/950 1311/219/946
f 197/222/195 1326/222/949 1327/226/953
f 318/238/211 317/237/210 1446/237/965
f 293/241/214 1422/241/967 1423/239/966
f 301/254/227 1430/254/981 1431/256/983
f 309/257/230 1438/257/984 1439/255/982
f 325/269/242 1454/269/996 1455/270/997
f 286/284/257 285/283/256 1414/283/1010
f 270/302/277 269/300/275 1398/300/1029
f 341/303/278 1470/303/1032 1471/301/1030
f 333/290/263 1462/290/1017 1463/317/1046
f 277/316/291 1406/316/1045 1407/291/1018
f 245/323/298 1374/323/1052 1375/324/1053
f 253/331/306 1382/331/1060 1383/332/1061
f 261/339/314 1390/339/1068 1391/340/1069
f 349/344/320 1478/344/1074 1479/345/1075
f 469/352/330 1598/352/1084 1599/350/1082
f 357/355/333 1486/355/1087 1487/127/1089
f 461/364/344 1590/364/1098 1591/362/1096
f 453/372/354 1582/372/1108 1583/182/1109
f 445/379/362 1574/379/1116 1575/366/1103
f 437/388/373 1566/388/1127 1567/385/1124
f 366/395/381 365/386/371 1494/386/1125
f 381/398/385 1510/398/1139 1511/134/1136
f 390/405/394 389/402/390 1518/402/1144
f 429/408/397 1558/408/1151 1559/194/1147
f 373/419/410 1502/419/1164 1503/417/1162
f 397/424/417 1526/424/1171 1527/426/1173
f 421/429/422 1550/429/1176 1551/427/1174
f 405/437/432 1534/437/1186 1535/178/1188
f 413/443/440 1542/443/1194 1543/441/1191
f 565/452/451 1694/452/1205 1695/450/1203
f 525/453/452 1654/453/1206 1655/455/1208
f 557/468/467 1686/468/1221 1687/466/1219
f 533/469/468 1662/469/1222 1663/470/1223
f 549/484/483 1678/484/1237 1679/482/1235
f 541/485/484 1670/485/1238 1671/487/1240
f 517/500/451 1646/500/1205 1647/498/1203
f 477/499/452 1606/499/1206 1607/501/1208
f 509/515/467 1638/515/1221 1639/514/1219
f 485/516/468 1614/516/1222 1615/517/1223
f 501/532/483 1630/532/1237 1631/530/1235
f 493/531/484 1622/531/1238 1623/533/1240
f 645/543/505 1774/543/1258 1775/544/1257
f 677/550/512 1806/550/1263 1807/548/1261
f 653/558/520 1782/558/1271 1783/560/1273
f 669/566/108 1798/566/863 1799/563/1277
f 661/574/108 1790/574/863 1791/573/863
f 573/581/533 1702/581/1284 1703/584/1287
f 637/591/543 1766/591/1294 1767/589/1292
f 582/599/27 581/598/550 1710/598/1301
f 629/611/551 1758/611/1302 1759/609/1302
f 589/615/27 1718/615/782 1719/617/782
f 621/626/555 1750/626/1307 1751/624/1305
f 597/632/561 1726/632/1313 1727/70/1315
f 613/645/575 1742/645/1327 1743/643/1325
f 605/650/580 1734/650/1332 1735/638/1320
f 717/103/94 1846/103/849 1847/102/848
f 693/104/95 1822/104/850 1823/106/852
f 709/118/108 1838/118/863 1839/117/863
f 701/126/108 1830/126/863 1831/125/863
f 725/128/109 1854/128/1337 1855/130/1340
f 829/136/118 1958/136/1345 1959/133/1342
f 733/142/594 1862/142/879 1863/144/881
f 741/154/133 1870/154/748 1871/155/748
f 822/149/131 821/162/135 1950/162/890
f 749/164/137 1878/164/891 1879/166/1358
f 813/180/153 1942/180/907 1943/177/904
f 757/179/152 1886/179/1361 1887/181/908
f 805/200/173 1934/200/927 1935/196/923
f 765/201/174 1894/201/928 1895/205/932
f 781/207/180 1910/207/934 1911/203/930
f 789/206/179 1918/206/933 1919/210/937
f 797/234/207 1926/234/961 1927/229/1369
f 773/230/608 1902/230/957 1903/235/962
f 885/163/613 2014/163/1373 2015/151/1377
f 917/217/618 2046/217/1378 2047/220/1376
f 893/158/631 2022/158/1391 2023/159/1393
f 909/187/634 2038/187/1394 2039/189/1392
f 901/172/108 2030/172/863 2031/174/863
f 925/223/641 2054/223/1401 2055/219/1402
f 877/135/653 2006/135/1413 2007/137/1412
f 933/192/659 2062/192/1419 2063/195/1422
f 941/222/133 2070/222/748 2071/226/748
f 869/97/666 1998/97/1429 1999/94/1424
f 949/216/669 2078/216/1432 2079/212/1434
f 965/171/683 2094/171/1446 2095/169/1445
f 973/145/692 2102/145/1455 2103/143/1458
f 861/111/700 1990/111/1463 1991/109/1456
f 957/188/703 2086/188/1466 2087/186/1464
f 853/122/720 1982/122/1483 1983/121/1481
f 838/96/721 837/92/719 1966/92/1482
f 845/112/734 1974/112/1497 1975/114/1498
f 1013/103/94 2142/103/849 2143/102/848
f 989/104/95 2118/104/850 2119/106/852
f 1005/118/108 2134/118/863 2135/117/863
f 997/126/108 2126/126/863 2127/125/863
f 1021/128/109 2150/128/1503 2151/130/1506
f 1125/136/118 2253/136/1345 2254/133/1342
f 1029/142/594 2158/142/879 2159/144/1511
f 1117/162/747 2245/162/890 2246/149/886
f 1045/164/137 2173/164/891 2174/166/1358
f 1109/180/153 2237/180/907 2238/177/904
f 1053/179/750 2181/179/1361 2182/181/908
f 1101/200/173 2229/200/927 2230/196/923
f 1061/201/174 2189/201/928 2190/205/932
f 1077/207/180 2205/207/934 2206/203/930
f 1085/206/179 2213/206/933 2214/210/937
f 1093/234/207 2221/234/961 2222/229/956
f 1069/230/203 2197/230/957 2198/235/962
f 62/7/7 1191/7/762 1192/5/760
f 70/10/10 1199/10/765 1200/12/767
f 54/23/23 1183/23/778 1184/21/776
f 78/26/26 1207/26/781 1208/27/782
f 46/38/34 1175/38/789 1176/37/788
f 30/47/42 1159/47/797 1160/48/798
f 38/59/53 1167/59/808 1168/60/809
f 86/61/27 1215/61/782 1216/62/782
f 22/72/62 1151/72/817 1152/70/815
f 7/77/67 6/75/65 1135/75/820
f 14/88/78 1143/88/833 1144/86/831
f 126/94/85 1255/94/841 1256/95/840
f 94/96/87 1223/96/842 1224/99/845
f 118/109/100 1247/109/855 1248/107/853
f 102/114/105 1231/114/860 1232/116/862
f 110/121/108 1239/121/863 1240/120/863
f 134/137/119 1263/137/874 1264/139/876
f 230/143/125 1359/143/880 1360/141/878
f 143/152/133 142/151/133 1271/151/888
f 150/159/133 1279/159/888 1280/160/888
f 222/169/142 1351/169/896 1352/167/894
f 158/174/147 1287/174/901 1288/176/903
f 214/186/159 1343/186/913 1344/184/911
f 166/189/162 1295/189/916 1296/191/918
f 191/198/171 190/195/168 1319/195/922
f 207/208/181 206/212/185 1335/212/939
f 182/219/192 1311/219/946 1312/215/942
f 174/220/193 1303/220/947 1304/224/951
f 198/226/199 1327/226/953 1328/231/958
f 318/238/211 1447/238/964 1448/236/963
f 294/239/212 1423/239/966 1424/242/969
f 310/255/228 1439/255/982 1440/253/980
f 302/256/229 1431/256/983 1432/258/985
f 326/270/243 1455/270/997 1456/271/998
f 286/284/257 1415/284/1011 1416/285/1012
f 278/291/264 1407/291/1018 1408/277/1004
f 238/65/267 1367/65/1020 1368/292/1019
f 345/64/266 1474/64/1021 1367/65/1020
f 342/301/276 1471/301/1030 1472/299/1028
f 270/302/277 1399/302/1031 1400/304/1033
f 334/317/292 1463/317/1046 1464/315/1044
f 246/324/299 1375/324/1053 1376/325/1054
f 254/332/307 1383/332/1061 1384/333/1062
f 262/340/315 1391/340/1069 1392/341/1070
f 350/345/321 1479/345/1075 1480/346/1076
f 470/350/328 1599/350/1082 1600/348/1080
f 358/127/335 1487/127/1089 1488/357/1091
f 462/362/342 1591/362/1096 1592/361/1095
f 446/366/348 1575/366/1103 1576/367/1102
f 454/182/355 1583/182/1109 1584/373/1110
f 438/385/370 1567/385/1124 1568/384/1123
f 382/134/382 1511/134/1136 1512/390/1130
f 366/395/381 1495/395/1135 1496/399/1141
f 430/194/393 1559/194/1147 1560/401/1143
f 390/405/394 1519/405/1148 1520/410/1153
f 374/417/408 1503/417/1162 1504/414/1159
f 422/427/420 1551/427/1174 1552/425/1172
f 398/426/419 1527/426/1173 1528/428/1175
f 406/178/434 1535/178/1188 1536/440/1190
f 414/441/437 1543/441/1191 1544/439/1189
f 566/450/449 1695/450/1203 1696/448/1201
f 526/455/454 1655/455/1208 1656/457/1210
f 558/466/465 1687/466/1219 1688/464/1217
f 534/470/469 1663/470/1223 1664/473/1226
f 550/482/481 1679/482/1235 1680/480/1233
f 542/487/486 1671/487/1240 1672/489/1242
f 518/498/449 1647/498/1203 1648/496/1201
f 478/501/454 1607/501/1208 1608/503/1210
f 511/512/495 510/514/465 1639/514/1219
f 486/517/469 1615/517/1223 1616/519/1226
f 502/530/481 1631/530/1235 1632/528/1233
f 495/535/488 494/533/499 1623/533/1240
f 646/544/506 1775/544/1257 1776/542/1256
f 678/548/510 1807/548/1261 1808/547/1261
f 654/560/522 1783/560/1273 1784/562/1275
f 670/563/526 1799/563/1277 1800/561/1274
f 662/573/108 1791/573/863 1792/572/863
f 574/584/536 1703/584/1287 1704/586/1289
f 638/589/541 1767/589/1292 1768/587/1290
f 582/599/27 1711/599/782 1712/604/782
f 630/609/551 1759/609/1302 1760/607/1302
f 590/617/27 1719/617/782 1720/619/782
f 622/624/553 1751/624/1305 1752/622/1302
f 598/70/563 1727/70/1315 1728/636/1318
f 606/638/568 1735/638/1320 1736/637/1319
f 614/643/573 1743/643/1325 1744/641/1323
f 687/91/82 686/65/582 1815/65/1334
f 718/102/93 1847/102/848 1848/100/846
f 694/106/97 1823/106/852 1824/108/854
f 710/117/108 1839/117/863 1840/115/861
f 703/124/108 702/125/108 1831/125/863
f 833/64/587 1962/64/1338 1815/65/1334
f 726/130/112 1855/130/1340 1856/132/869
f 830/133/115 1959/133/1342 1960/131/1341
f 734/144/126 1863/144/881 1864/147/1352
f 822/149/131 1951/149/1354 1952/148/1353
f 743/156/133 742/155/133 1871/155/748
f 750/166/598 1879/166/1358 1880/168/895
f 814/177/150 1943/177/904 1944/175/902
f 758/181/154 1887/181/908 1888/183/910
f 806/196/169 1935/196/923 1936/193/920
f 782/203/176 1911/203/930 1912/199/926
f 766/205/178 1895/205/932 1896/209/936
f 790/210/183 1919/210/937 1920/214/941
f 799/225/198 798/229/607 1927/229/1369
f 774/235/208 1903/235/962 1904/232/959
f 918/220/616 2047/220/1376 2048/224/1372
f 886/151/617 2015/151/1377 2016/152/1379
f 910/189/632 2039/189/1392 2040/191/1390
f 894/159/633 2023/159/1393 2024/160/1395
f 902/174/108 2031/174/863 2032/176/863
f 926/219/642 2055/219/1402 2056/215/1403
f 878/137/652 2007/137/1412 2008/139/1411
f 934/195/133 2063/195/1422 2064/198/748
f 870/94/663 1999/94/1424 2000/95/1421
f 942/226/133 2071/226/748 2072/231/1425
f 950/212/671 2079/212/1434 2080/208/1436
f 966/169/682 2095/169/1445 2096/167/1444
f 862/109/693 1991/109/1456 1992/107/1449
f 974/143/695 2103/143/1458 2104/141/1461
f 958/186/701 2087/186/1464 2088/184/1462
f 854/121/718 1983/121/1481 1984/120/1479
f 838/96/721 1967/96/1484 1968/99/1486
f 847/116/731 846/114/735 1975/114/1498
f 983/91/737 982/65/736 2111/65/1499
f 1014/102/93 2143/102/848 2144/100/1502
f 990/106/97 2119/106/852 2120/108/854
f 1006/117/108 2135/117/863 2136/115/861
f 998/125/108 2127/125/863 2128/124/863
f 1129/64/738 2257/64/1504 2111/65/1499
f 1022/130/740 2151/130/1506 2152/132/1508
f 1126/133/742 2254/133/1342 2255/131/1507
f 1030/144/126 2159/144/1511 2160/147/1514
f 1118/149/131 2246/149/886 2247/148/1515
f 1046/166/139 2174/166/1358 2175/168/895
f 1110/177/150 2238/177/904 2239/175/902
f 1054/181/154 2182/181/908 2183/183/910
f 1102/196/169 2230/196/923 2231/193/920
f 1078/203/176 2206/203/930 2207/199/926
f 1062/205/178 2190/205/932 2191/209/936
f 1086/210/183 2214/210/937 2215/214/941
f 1094/229/202 2222/229/956 2223/225/1367
f 1070/235/208 2198/235/962 2199/232/959
f 63/5/5 1192/5/760 1193/4/759
f 71/12/12 1200/12/767 1201/14/769
f 55/21/21 1184/21/776 1185/19/774
f 79/27/27 1208/27/782 1209/29/782
f 47/37/33 1176/37/788 1177/36/787
f 31/48/43 1160/48/798 1161/50/800
f 39/60/54 1168/60/809 1169/54/803
f 87/62/27 1216/62/782 1217/63/782
f 23/70/60 1152/70/815 1153/68/813
f 7/77/67 1136/77/822 1137/79/824
f 15/86/76 1144/86/831 1145/84/829
f 127/95/86 1256/95/840 1257/93/839
f 95/99/90 1224/99/845 1225/101/847
f 119/107/98 1248/107/853 1249/105/851
f 111/120/108 1240/120/863 1241/119/863
f 103/116/107 1232/116/862 1233/127/863
f 135/139/121 1264/139/876 1265/140/877
f 231/141/123 1360/141/878 1361/138/875
f 143/152/133 1272/152/888 1273/153/888
f 151/160/133 1280/160/888 1281/161/889
f 223/167/140 1352/167/894 1353/165/892
f 160/178/151 159/176/149 1288/176/903
f 215/184/157 1344/184/911 1345/182/909
f 167/191/164 1296/191/918 1297/197/924
f 191/198/171 1320/198/925 1321/202/929
f 207/208/181 1336/208/935 1337/204/931
f 183/215/188 1312/215/942 1313/211/938
f 175/224/197 1304/224/951 1305/227/954
f 199/231/204 1328/231/958 1329/233/960
f 295/242/215 1424/242/969 1425/244/971
f 311/253/226 1440/253/980 1441/251/978
f 303/258/231 1432/258/985 1433/260/987
f 319/236/209 1448/236/963 1449/264/991
f 328/272/245 327/271/244 1456/271/998
f 280/278/251 279/277/250 1408/277/1004
f 287/285/258 1416/285/1012 1417/286/1013
f 343/299/274 1472/299/1028 1473/297/1026
f 271/304/279 1400/304/1033 1401/306/1035
f 335/315/290 1464/315/1044 1465/313/1042
f 239/292/265 1368/292/1019 1369/318/1047
f 247/325/300 1376/325/1054 1377/326/1055
f 255/333/308 1384/333/1062 1385/334/1063
f 263/341/316 1392/341/1070 1393/294/1024
f 351/346/322 1480/346/1076 1481/104/1077
f 471/348/326 1600/348/1080 1601/64/1078
f 359/357/337 1488/357/1091 1489/358/1092
f 463/361/341 1592/361/1095 1593/360/1094
f 447/367/349 1576/367/1102 1577/200/1101
f 455/373/356 1584/373/1110 1585/374/1111
f 439/384/369 1568/384/1123 1569/383/1122
f 383/390/376 1512/390/1130 1513/387/1126
f 431/401/389 1560/401/1143 1561/397/1138
f 367/399/387 1496/399/1141 1497/403/1145
f 391/410/399 1520/410/1153 1521/412/1157
f 375/414/405 1504/414/1159 1505/97/1155
f 423/425/418 1552/425/1172 1553/223/1170
f 399/428/421 1528/428/1175 1529/164/1177
f 415/439/435 1544/439/1189 1545/438/1187
f 407/440/436 1536/440/1190 1537/442/1192
f 567/448/447 1696/448/1201 1697/64/1200
f 527/457/456 1656/457/1210 1657/459/1212
f 559/464/463 1688/464/1217 1689/462/1215
f 535/473/472 1664/473/1226 1665/475/1228
f 552/478/477 551/480/479 1680/480/1233
f 543/489/488 1672/489/1242 1673/491/1244
f 520/494/445 519/496/447 1648/496/1201
f 479/503/456 1608/503/1210 1609/505/1212
f 511/512/495 1640/512/1217 1641/510/1215
f 488/521/474 487/519/472 1616/519/1226
f 503/528/479 1632/528/1233 1633/526/1250
f 495/535/488 1624/535/1242 1625/537/1251
f 647/542/504 1776/542/1256 1777/546/1260
f 680/545/507 679/547/509 1808/547/1261
f 671/561/523 1800/561/1274 1801/559/1272
f 655/562/524 1784/562/1275 1785/1/1276
f 663/572/108 1792/572/863 1793/571/863
f 639/587/539 1768/587/1290 1769/585/1288
f 575/586/538 1704/586/1289 1705/588/1291
f 583/604/27 1712/604/782 1713/606/782
f 631/607/551 1760/607/1302 1761/605/1302
f 592/621/27 591/619/27 1720/619/782
f 623/622/551 1752/622/1302 1753/620/1302
f 607/637/567 1736/637/1319 1737/634/1316
f 599/636/566 1728/636/1318 1729/640/1322
f 615/641/571 1744/641/1323 1745/635/1317
f 687/91/82 1816/91/836 1817/90/835
f 719/100/91 1848/100/846 1849/98/844
f 695/108/99 1824/108/854 1825/110/856
f 711/115/106 1840/115/861 1841/113/859
f 703/124/108 1832/124/863 1833/123/863
f 831/131/113 1960/131/1341 1961/129/1339
f 727/132/114 1856/132/869 1857/134/1343
f 823/148/597 1952/148/1353 1953/146/1351
f 735/147/129 1864/147/1352 1865/150/1355
f 743/156/133 1872/156/748 1873/157/748
f 751/168/141 1880/168/895 1881/170/897
f 815/175/148 1944/175/902 1945/173/900
f 759/183/156 1888/183/910 1889/185/912
f 807/193/166 1936/193/920 1937/190/917
f 783/199/172 1912/199/926 1913/194/921
f 767/209/604 1896/209/936 1897/213/940
f 791/214/187 1920/214/941 1921/218/945
f 799/225/198 1928/225/1367 1929/221/948
f 775/232/205 1904/232/959 1905/228/1368
f 919/224/611 2048/224/1372 2049/227/1371
f 887/152/619 2016/152/1379 2017/153/1381
f 911/191/630 2040/191/1390 2041/197/1388
f 896/161/637 895/160/635 2024/160/1395
f 903/176/108 2032/176/863 2033/178/863
f 927/215/643 2056/215/1403 2057/211/1404
f 880/140/650 879/139/651 2008/139/1411
f 871/95/661 2000/95/1421 2001/93/1420
f 935/198/133 2064/198/748 2065/202/133
f 943/231/133 2072/231/1425 2073/233/748
f 951/208/673 2080/208/1436 2081/204/1438
f 967/167/681 2096/167/1444 2097/165/1441
f 863/107/686 1992/107/1449 1993/105/1443
f 959/184/699 2088/184/1462 2089/182/1459
f 975/141/698 2104/141/1461 2105/138/1465
f 855/120/716 1984/120/1479 1985/119/1477
f 839/99/723 1968/99/1486 1969/101/1488
f 847/116/731 1976/116/1494 1977/127/1492
f 983/91/737 2112/91/836 2113/90/835
f 1015/100/91 2144/100/1502 2145/98/844
f 991/108/99 2120/108/854 2121/110/856
f 1007/115/106 2136/115/861 2137/113/859
f 999/124/108 2128/124/863 2129/123/863
f 1127/131/113 2255/131/1507 2256/129/1505
f 1023/132/741 2152/132/1508 2153/134/1509
f 1119/148/746 2247/148/1515 2248/146/1513
f 1031/147/129 2160/147/1514 2161/150/1355
f 1039/156/133 2167/156/748 2168/157/748
f 1047/168/141 2175/168/895 2176/170/897
f 1111/175/148 2239/175/902 2240/173/1518
f 1055/183/156 2183/183/910 2184/185/912
f 1103/193/166 2231/193/920 2232/190/917
f 1079/199/752 2207/199/926 2208/194/921
f 1063/209/604 2191/209/936 2192/213/940
f 1088/218/754 1087/214/187 2215/214/941
f 1095/225/198 2223/225/1367 2224/221/948
f 1071/232/205 2199/232/959 2200/228/1368
f 64/4/4 1193/4/759 1194/2/758
f 72/14/14 1201/14/769 1202/16/771
f 56/19/19 1185/19/774 1186/17/772
f 80/29/27 1209/29/782 1210/30/782
f 48/36/32 1177/36/787 1178/35/786
f 32/50/45 1161/50/800 1162/53/802
f 40/54/48 1169/54/803 1170/51/801
f 88/63/27 1217/63/782 1218/64/782
f 24/68/58 1153/68/813 1154/67/812
f 9/81/71 8/79/69 1137/79/824
f 16/84/74 1145/84/829 1146/82/827
f 96/101/92 1225/101/847 1226/104/850
f 120/105/96 1249/105/851 1250/103/849
f 112/119/108 1241/119/863 1242/118/863
f 104/127/108 1233/127/863 1234/126/863
f 128/93/84 1257/93/839 1258/128/864
f 232/138/120 1361/138/875 1362/136/873
f 136/140/122 1265/140/877 1266/142/879
f 144/153/133 1273/153/888 1274/154/888
f 152/161/134 1281/161/889 1282/164/891
f 224/165/138 1353/165/892 1354/162/890
f 160/178/151 1289/178/905 1290/179/906
f 216/182/155 1345/182/909 1346/180/907
f 168/197/170 1297/197/924 1298/201/928
f 208/204/177 1337/204/931 1338/200/927
f 192/202/175 1321/202/929 1322/206/933
f 184/211/184 1313/211/938 1314/207/934
f 176/227/200 1305/227/954 1306/230/957
f 200/233/206 1329/233/960 1330/234/961
f 296/244/217 1425/244/971 1426/246/973
f 312/251/224 1441/251/978 1442/249/976
f 305/262/235 304/260/233 1433/260/987
f 320/264/237 1449/264/991 1450/265/992
f 328/272/245 1457/272/999 1458/273/1000
f 280/278/251 1409/278/1005 1410/279/1006
f 288/286/259 1417/286/1013 1418/287/1014
f 264/294/269 1393/294/1024 1394/295/1023
f 344/297/272 1473/297/1026 1474/64/1021
f 272/306/281 1401/306/1035 1402/308/1037
f 336/313/288 1465/313/1042 1466/311/1040
f 240/318/293 1369/318/1047 1370/319/1048
f 248/326/301 1377/326/1055 1378/327/1056
f 256/334/309 1385/334/1063 1386/335/1064
f 352/104/323 1481/104/1077 1482/347/1079
f 464/360/340 1593/360/1094 1594/359/1093
f 360/358/338 1489/358/1092 1490/363/1097
f 448/200/347 1577/200/1101 1578/368/1104
f 456/374/357 1585/374/1111 1586/375/1112
f 440/383/368 1569/383/1122 1570/382/1121
f 384/387/372 1513/387/1126 1514/389/1128
f 432/397/384 1561/397/1138 1562/394/1134
f 368/403/391 1497/403/1145 1498/407/1150
f 376/97/401 1505/97/1155 1506/409/1152
f 392/412/403 1521/412/1157 1522/416/1161
f 424/223/416 1553/223/1170 1554/422/1168
f 400/164/423 1529/164/1177 1530/431/1179
f 416/438/433 1545/438/1187 1546/436/1185
f 408/442/438 1537/442/1192 1538/41/1193
f 529/461/460 528/459/458 1657/459/1212
f 560/462/461 1689/462/1215 1690/460/1213
f 536/475/474 1665/475/1228 1666/477/1230
f 552/478/477 1681/478/1231 1682/476/1229
f 544/491/490 1673/491/1244 1674/492/1245
f 480/505/458 1609/505/1212 1610/507/1214
f 512/510/494 1641/510/1215 1642/508/1213
f 488/521/474 1617/521/1228 1618/523/1230
f 504/526/477 1633/526/1250 1634/524/1229
f 496/537/490 1625/537/1251 1626/539/1245
f 680/545/507 1809/545/1259 1810/541/1255
f 648/546/508 1777/546/1260 1778/549/1262
f 672/559/521 1801/559/1272 1802/557/1270
f 656/1/525 1785/1/1276 1786/564/1278
f 664/571/108 1793/571/863 1794/570/863
f 641/583/535 640/585/537 1769/585/1288
f 576/588/540 1705/588/1291 1706/590/1293
f 632/605/551 1761/605/1302 1762/602/1302
f 584/606/27 1713/606/782 1714/608/782
f 624/620/551 1753/620/1302 1754/618/1302
f 592/621/27 1721/621/782 1722/623/1304
f 616/635/565 1745/635/1317 1746/633/1314
f 608/634/564 1737/634/1316 1738/639/1321
f 600/640/570 1729/640/1322 1730/642/1324
f 688/90/80 1817/90/835 1818/92/1335
f 720/98/89 1849/98/844 1850/97/843
f 696/110/101 1825/110/856 1826/112/858
f 712/113/104 1841/113/859 1842/111/857
f 705/122/108 704/123/108 1833/123/863
f 832/129/588 1961/129/1339 1962/64/1338
f 728/134/589 1857/134/1343 1858/135/1344
f 824/146/596 1953/146/1351 1954/145/882
f 744/157/133 1873/157/748 1874/158/748
f 736/150/132 1865/150/1355 1866/163/133
f 752/170/143 1881/170/897 1882/172/899
f 816/173/600 1945/173/900 1946/171/898
f 760/185/158 1889/185/912 1890/187/914
f 809/188/603 808/190/163 1937/190/917
f 784/194/167 1913/194/921 1914/192/1365
f 768/213/186 1897/213/940 1898/217/944
f 800/221/194 1929/221/948 1930/216/943
f 792/218/191 1921/218/945 1922/222/949
f 776/228/606 1905/228/1368 1906/223/950
f 920/227/612 2049/227/1371 2050/230/1370
f 888/153/621 2017/153/1381 2018/154/1383
f 912/197/628 2041/197/1388 2042/201/1386
f 905/179/108 904/178/108 2033/178/863
f 896/161/637 2025/161/1397 2026/164/863
f 928/211/644 2057/211/1404 2058/207/1405
f 880/140/650 2009/140/1410 2010/142/1408
f 872/93/660 2001/93/1420 2002/128/1418
f 944/233/133 2073/233/748 2074/234/1423
f 936/202/133 2065/202/133 2066/206/748
f 968/165/677 2097/165/1441 2098/162/1440
f 952/204/675 2081/204/1438 2082/200/1442
f 864/105/680 1993/105/1443 1994/103/1437
f 960/182/696 2089/182/1459 2090/180/1457
f 976/138/702 2105/138/1465 2106/136/1467
f 856/119/714 1985/119/1477 1986/118/1475
f 841/104/728 840/101/725 1969/101/1488
f 849/126/727 848/127/729 1977/127/1492
f 984/90/80 2113/90/835 2114/92/1500
f 1017/97/88 1016/98/89 2145/98/844
f 992/110/101 2121/110/856 2122/112/858
f 1008/113/104 2137/113/859 2138/111/857
f 1000/123/108 2129/123/863 2130/122/863
f 1129/64/738 1128/129/739 2256/129/1505
f 1024/134/116 2153/134/1509 2154/135/872
f 1120/146/596 2248/146/1513 2249/145/1512
f 1032/150/132 2161/150/1355 2162/163/133
f 1040/157/133 2168/157/748 2169/158/133
f 1048/170/143 2176/170/897 2177/172/899
f 1112/173/600 2240/173/1518 2241/171/898
f 1056/185/158 2184/185/912 2185/187/914
f 1104/190/163 2232/190/917 2233/188/915
f 1081/192/165 1080/194/167 2208/194/921
f 1064/213/186 2192/213/940 2193/217/944
f 1096/221/194 2224/221/948 2225/216/943
f 1088/218/754 2216/218/1520 2217/222/949
f 1072/228/201 2200/228/1368 2201/223/950
